spec_code,Species,stock_code,MaxLengthTL_estimate,Troph_estimate,seTroph_estimate,a_estimate,sd_log10a_estimate,b_estimate,sd_b_estimate,K_estimate,ComDepthMin_estimate,ComDepthMax_estimate,DepthMin_estimate,DepthMax_estimate,PredPreyRatioMin_estimate,PredPreyRatioMax_estimate,TempPrefMin_estimate,TempPrefMean_estimate,TempPrefMax_estimate,FeedingPath_estimate,MaxLengthSL_estimate,to_matrix,mean_temp_matrix,Life_span_matrix,Generation_time_matrix,tm_matrix,E_matrix,Resilience_matrix,QB_matrix,BodyShapeI_morphdat,OperculumPresent_morphdat,LLinterrupted_morphdat,Notched_morphdat,DorsalSoftRaysMin_morphdat,DorsalSoftRaysMax_morphdat,Genus_species,FBname_species,Fresh_species,Brack_species,Saltwater_species,DemersPelag_species,AirBreathing_species,Vulnerability_species,PriceCateg_species,Dangerous_species,Electrogenic_species,PD50_species
7,Coryphaena equiselis,9,145.6999969482422,4.5,0.6000000238418579,0.0123027004301548,0.20600000023841858,2.9800000190734863,0.11100000143051147,1.0199999809265137,46,183,0,400,5.04900852843277,31.1867268214554,14.2,22.3,27.9,pelagic,115.44000244140625,-0.13785596019060653,23.5,3.9717299938201904,1.3254400491714478,0.800000011920929,0.5,Medium; decline threshold 0.95,3.4,fusiform / normal,-1,FALSE,0,52,59,Coryphaena,Pompano dolphinfish,0,0,1,pelagic-oceanic,WaterAssumed,39.96,unknown,harmless,no special ability,1
9,Abalistes stellatus,15,60,3.430000066757202,0.4099999964237213,0.02884029969573021,0.04600000008940697,2.9000000953674316,0.02889999933540821,0.1899999976158142,46,165,7,350,5.66616104008174,348.943600686014,22.9,27.1,28.3,benthic,50.619998931884766,-0.73,25,15.100000381469727,4.552080154418945,3.5,0.5,Medium; decline threshold 0.95,5.5,short and / or deep,-1,FALSE,0,25,27,Abalistes,Starry triggerfish,0,0,1,demersal,WaterAssumed,47.05,medium,harmless,no special ability,0.75
10,Scyris indica,16,165,4.199999809265137,0.5699999928474426,0.02511890046298504,0.049800001084804535,2.8499999046325684,0.030300000682473183,0.17000000178813934,28,60,20,100,3.8145672804531,49.8671528855607,23.7,27.4,28.6,pelagic,136.9499969482422,-0.6818964378286823,29,16.965200424194336,5.506760120391846,3.540910005569458,0.5,Medium; decline threshold 0.95,5,short and / or deep,-1,FALSE,0,18,20,Scyris,Indian threadfish,0,1,1,reef-associated,WaterAssumed,61.72,medium,harmless,no special ability,0.75
63,Dicentrarchus labrax,73,103,3.4700000286102295,0.5,0.009332540445029736,0.0406000018119812,3.0199999809265137,0.02850000001490116,0.15000000596046448,19,55,10,100,5.24572590899716,99.4181400623952,7.3,10.7,19.5,pelagic,92.30999755859375,-1.260682630982038,17.1875,28.000999450683594,8.756739616394043,6.292789936065674,0.5,Low; decline threshold 0.85,10.199999809265137,fusiform / normal,-1,FALSE,0,12,13,Dicentrarchus,European seabass,1,1,1,demersal,WaterAssumed,66.07,very high,harmless,no special ability,0.7656000256538391
66,Engraulis encrasicolus,76,24.399999618530273,3.119999885559082,0.36000001430511475,0.004570879973471165,0.022299999371170998,3.0999999046325684,0.015399999916553497,0.5600000023841858,46,183,0,400,9.01504539160236,1612.34734601655,7.1,10.8,18,pelagic,20,-0.24304282150403736,14.300000190734863,3.460659980773926,1.0388699769973755,1.0241999626159668,0.5,High; decline threshold 0.99,9.119999885559082,elongated,-1,FALSE,0,16,18,Engraulis,European anchovy,0,1,1,pelagic-neritic,WaterAssumed,17.61,medium,harmless,no special ability,0.5019999742507935
73,Gobius paganellus,82,13,3.299999952316284,0.4530999958515167,0.008709640242159367,0.05739999935030937,3.0999999046325684,0.017799999564886093,0.550000011920929,1,8,0,15,7.98613289340678,130.50373732414,9.8,17.7,20.2,benthic,11,-0.2728827814950846,11.100000381469727,3.836709976196289,1.185189962387085,1.1207300424575806,0.5,High; decline threshold 0.99,7,fusiform / normal,0,FALSE,0,9.170295274259995,10.797274696882148,Gobius,Rock goby,1,1,1,demersal,WaterAssumed,19.37,very high,harmless,no special ability,0.5
77,Istiophorus platypterus,87,386.2799987792969,4.5,0.33500000834465027,0.005888440180569887,0.17000000178813934,3.140000104904175,0.09880000352859497,0.4300000071525574,30,95,0,200,3.604324259167,31.1867268214554,18.2,25.6,27.7,pelagic,344.1000061035156,-0.12086034713326976,20.5,3.868499994277954,1.7570300102233887,0.7474780082702637,0.5,High; decline threshold 0.99,2.7,elongated,-1,FALSE,0,47,53,Istiophorus,Indo-Pacific sailfish,0,0,1,pelagic-oceanic,WaterAssumed,40.65,very high,harmless,no special ability,0.7505000233650208
80,Chanos chanos,95,219.60000610351563,2.5399999618530273,0.14000000059604645,0.008511380292475224,0.05810000002384186,3.059999942779541,0.040300000458955765,0.2294508110451331,4,15,1,30,29.3010123848643,3977.68372452384,20.7,28.2,29.2,benthic,180,-0.93,25,29.06999969482422,9.931489944458008,5.800000190734863,0.5,Low; decline threshold 0.85,0,elongated,-1,FALSE,0,13,17,Chanos,Milkfish,1,1,1,benthopelagic,WaterAssumed,76.23,unknown,harmless,no special ability,1.5
81,Aphareus furca,96,70,4.139999866485596,0.7300000190734863,0.017378000542521477,0.11800000071525574,2.950000047683716,0.0723000019788742,0.1899999976158142,13,60,0,122,5.26110455198911,47.4414882258275,24.7,28,29.1,pelagic,57.83000183105469,-0.3901681451248679,25,8.984829902648926,2.774319887161255,2,0.5,Medium; decline threshold 0.95,4.9,fusiform / normal,-1,FALSE,0,10,11,Aphareus,Small toothed jobfish,0,0,1,reef-associated,WaterAssumed,35.93,very high,reports of ciguatera poisoning,no special ability,0.75
83,Aphareus rutilans,98,110,4.110000133514404,0.5699999928474426,0.015488199889659882,0.04749999940395355,2.930000066757202,0.029500000178813934,0.17000000178813934,125,209,100,330,4.45656234754255,48.8959732768663,14.1,18.4,23.3,pelagic,88.83000183105469,-0.6924426949930165,23,15.328900337219238,4.754330158233643,3.337980031967163,0.5,Medium; decline threshold 0.95,4.6,fusiform / normal,-1,FALSE,0,10,11,Aphareus,Rusty jobfish,0,0,1,reef-associated,WaterAssumed,53.47,very high,harmless,no special ability,0.75
84,Aprion virescens,99,112,4.28000020980835,0.4180000126361847,0.013803799636662006,0.03620000183582306,2.940000057220459,0.024399999529123306,0.23999999463558197,19,86,0,180,4.88694997834745,40.7138609635244,23.9,27.9,29,pelagic,90.69999694824219,-0.4232071855859732,24.75,9.254210472106934,2.839940071105957,2.0889899730682373,0.5,High; decline threshold 0.99,5.2,fusiform / normal,-1,FALSE,0,11,11,Aprion,Green jobfish,0,0,1,reef-associated,WaterAssumed,40.46,very high,reports of ciguatera poisoning,no special ability,1
93,Auxis rochei,107,55.5,4.400000095367432,0.6100000143051147,0.009332540445029736,0.031199999153614044,3.059999942779541,0.01940000057220459,0.47999998927116394,14,31,10,50,6.06498009972086,41.1859525273558,13.6,26,29,pelagic,46.849998474121094,-0.24157876333494385,22.125,4.676449775695801,1.4773600101470947,1.1425700187683105,0.5,High; decline threshold 0.99,17,fusiform / normal,-1,FALSE,0,10,13,Auxis,Bullet tuna,0,1,1,pelagic-neritic,WaterAssumed,26.68,very high,harmless,no special ability,0.5625
94,Auxis thazard,108,72.1500015258789,4.369999885559082,0.3799999952316284,0.00954992976039648,0.030700000002980232,3.069999933242798,0.019300000742077827,0.7200000286102295,170,463,50,1000,5.93780673632825,36.5884455311398,13.8,22,27.1,pelagic,59.279998779296875,-0.19476437829830945,28.5,3.9148199558258057,1.1758400201797485,0.9466059803962708,0.5,High; decline threshold 0.99,7.9,fusiform / normal,-1,FALSE,0,10,13,Auxis,Frigate tuna,0,0,1,pelagic-neritic,WaterAssumed,27.83,very high,harmless,no special ability,0.5625
96,Euthynnus affinis,110,111,4.25,0.7699999809265137,0.009772369638085365,0.032099999487400055,3.049999952316284,0.01940000057220459,0.5899999737739563,22,95,0,200,4.81479882975731,42.1360426909531,20.7,26.9,28.5,pelagic,92.80000305175781,-0.21500097144889288,23.400000254313152,5.142139911651611,1.8143600225448608,1.12076997756958,0.5,High; decline threshold 0.99,9.4,fusiform / normal,-1,FALSE,0,11,15,Euthynnus,Kawakawa,0,0,1,pelagic-neritic,WaterAssumed,35.82,medium,reports of ciguatera poisoning,no special ability,0.625
104,Grammatorcynus bilineatus,118,111,4.179999828338623,0.6904000043869019,0.009332540445029736,0.16099999845027924,3.059999942779541,0.0868000015616417,0.28999999165534973,18,33,15,50,4.61340833539366,45.503857790623,25.6,28.2,29.1,pelagic,91.4000015258789,-0.41,17,9.899999618530273,3.179539918899536,2.0999999046325684,0.5,Medium; decline threshold 0.95,3,fusiform / normal,-1,FALSE,0,10,14,Grammatorcynus,Doublelined mackerel,0,0,1,reef-associated,WaterAssumed,47.62,very high,harmless,no special ability,0.75
106,Gymnosarda unicolor,120,275.2799987792969,4.5,0.75,0.010715199634432793,0.11299999803304672,3.059999942779541,0.07190000265836716,0.11999999731779099,28,118,0,250,3.86587695393071,31.1867268214554,20.9,26.5,28.2,pelagic,227.1699981689453,-0.8,25,24.200000762939453,8.4652099609375,4.599999904632568,0.5,Low; decline threshold 0.85,2.4,fusiform / normal,-1,FALSE,0,12,14,Gymnosarda,Dogtooth tuna,0,0,1,reef-associated,WaterAssumed,72.67,high,reports of ciguatera poisoning,no special ability,1
107,Katsuwonus pelamis,121,122.0999984741211,4.429999828338623,0.4740000069141388,0.010715199634432793,0.025499999523162842,3.109999895095825,0.016899999231100082,0.5400000214576721,0,122,0,260,5.06742730073554,34.0019139907015,13.3,26.2,29,pelagic,102.41000366210938,-0.24635927738545235,29.5,5.876090049743652,1.8545600175857544,1.2812399864196777,0.5,High; decline threshold 0.99,32.56999969482422,fusiform / normal,-1,FALSE,0,14,15,Katsuwonus,Skipjack tuna,0,0,1,pelagic-oceanic,WaterAssumed,38.12,high,reports of ciguatera poisoning,no special ability,1
111,Rastrelliger kanagurta,125,32.470001220703125,3.2899999618530273,0.3799999952316284,0.008709640242159367,0.027699999511241913,3.069999933242798,0.017799999564886093,0.9700000286102295,27,55,20,90,7.00583175243554,163.02272967761,23.7,27.3,28.3,pelagic,26.6299991607666,-0.1458446166738897,26.99642869404384,2.606450080871582,0.7859740257263184,0.6689170002937317,0.5,High; decline threshold 0.99,10.5,fusiform / normal,-1,FALSE,0,12,12,Rastrelliger,Indian mackerel,0,0,1,pelagic-neritic,WaterAssumed,17.31,very high,harmless,no special ability,0.625
114,Sarda orientalis,128,113.22000122070313,4.210000038146973,0.6600000262260437,0.009999999776482582,0.14300000667572021,3.049999952316284,0.08169999718666077,0.7200000286102295,19,81,1,167,4.66456020574665,44.0545546008823,20.5,27.6,29,benthic,92.410003662109375,-0.18451766173456718,15,4.227250099182129,1.6923099756240845,0.9549139738082886,0.5,High; decline threshold 0.99,3.2,fusiform / normal,-1,FALSE,0,10.44185505144926,10.652726385895017,Sarda,Striped bonito,0,0,1,pelagic-neritic,WaterAssumed,35.08,high,harmless,no special ability,0.5311999917030334
116,Scomber australasicus,130,61.2400016784668,4.230000019073486,0.49000000953674316,0.008912510238587856,0.0284000001847744,3.059999942779541,0.018300000578165054,0.3199999928474426,99,143,87,200,6.10471668081975,43.0927294864789,10.8,18.7,24.3,pelagic,50.20000076293945,-0.6289139753868239,15,11.871100425720215,3.5674901008605957,2.8565499782562256,0.5,Medium; decline threshold 0.95,4.5,fusiform / normal,-1,FALSE,0,12,12,Scomber,Blue mackerel,0,0,1,pelagic-neritic,WaterAssumed,43.57,very high,harmless,no special ability,0.5625
121,Scomberomorus commerson,135,266.3999938964844,4.5,0.4000000059604645,0.006606929935514927,0.027400000020861626,3.009999990463257,0.016599999740719795,0.3400000035762787,16,41,10,70,3.9032142927765,31.1867268214554,22.8,28,29,pelagic,233.27999877929688,-0.36732527162905576,24.599999972752162,10.347000122070313,3.593329906463623,2.060650110244751,0.5,Medium; decline threshold 0.95,3.4,fusiform / normal,-1,FALSE,0,15,20,Scomberomorus,Narrow-barred Spanish mackerel,0,0,1,pelagic-neritic,WaterAssumed,51.72,very high,reports of ciguatera poisoning,no special ability,0.5
127,Apogonichthyoides taeniatus,141,17,3.6600000858306885,0.5,0.013803799636662006,0.1289999932050705,2.990000009536743,0.0794999971985817,0.5899999737739563,6,13,5,20,7.55179798422152,95.2320915949854,25,27.5,29.1,benthic,12.989999771118164,-0.32,17,4.800000190734863,1.8175100088119507,1.2999999523162842,0.5,High; decline threshold 0.99,8.4,short and / or deep,-1,FALSE,0,8,9,Apogonichthyoides,Twobelt cardinal,0,0,1,reef-associated,WaterAssumed,23.23,high,harmless,no special ability,0.5
142,Thunnus alalunga,156,155.39999389648438,4.300000190734863,0.20499999821186066,0.01698240078985691,0.04280000180006027,3.009999990463257,0.01759999990463257,0.18000000715255737,72,268,0,600,4.39124625233438,39.7765844993881,8.8,15.1,21.2,pelagic,135.92999267578125,-0.8347402277252155,13,22.24220085144043,7.949550151824951,4.472959995269775,0.5,Low; decline threshold 0.85,1.7,fusiform / normal,-1,FALSE,0,12,16,Thunnus,Albacore,0,0,1,pelagic-oceanic,WaterAssumed,71.11,high,harmless,no special ability,0.5038999915122986
143,Thunnus albacares,157,265.2900085449219,4.409999847412109,0.4090000092983246,0.014125400222837925,0.041600000113248825,3.0299999713897705,0.017799999564886093,0.36000001430511475,1,250,1,1602,3.844744571698,34.8471234501234,16.5,26.7,28.9,benthic,230.8699951171875,-0.2675428652095556,24.06083337465922,7.840569972991943,2.9296700954437256,1.5422600507736206,0.5,High; decline threshold 0.99,11.640000343322754,fusiform / normal,-1,FALSE,0,12,16,Thunnus,Yellowfin tuna,0,1,1,pelagic-oceanic,WaterAssumed,45.6,high,harmless,no special ability,0.5038999915122986
148,Thunnus tonggol,162,160.9499969482422,4.5,0.6200000047683716,0.014125400222837925,0.11900000274181366,3.009999990463257,0.07400000095367432,0.36000001430511475,30,101,10,200,4.63396131701298,31.1867268214554,13,26.5,28.4,pelagic,137.60000610351563,-0.28961304039243896,27,7.210390090942383,2.346669912338257,1.535249948501587,0.5,High; decline threshold 0.99,4.9,fusiform / normal,-1,FALSE,0,11.523331430874082,14.308971307921597,Thunnus,Longtail tuna,0,0,1,pelagic-neritic,WaterAssumed,44.42,very high,harmless,no special ability,0.5038999915122986
156,Lutjanus kasmira,170,40,3.869999885559082,0.3199999928474426,0.015135600231587887,0.025200000032782555,2.9700000286102295,0.011599999852478504,0.2800000011920929,30,150,3,265,5.76042080876138,61.3420199790019,19.1,26.4,28.3,benthic,33.630001068115234,-0.7231231973249024,23,13.427800178527832,3.8751800060272217,3.307270050048828,0.5,Medium; decline threshold 0.95,6.1,fusiform / normal,-1,FALSE,0,14,15,Lutjanus,Common bluestripe snapper,0,0,1,reef-associated,WaterAssumed,40.21,high,harmless,no special ability,0.5
159,Lutjanus lutjanus,173,35,4.050000190734863,0.6200000047683716,0.015135600231587887,0.0272000003606081,2.9600000381469727,0.012000000104308128,0.5899999737739563,10,48,0,96,5.94379817100119,51.8199261728995,24.9,28.1,29.1,pelagic,28.920000076293945,-0.3083451191944899,29,5.2472100257873535,1.4429500102996826,1.3601900339126587,0.5,High; decline threshold 0.99,11.4,fusiform / normal,-1,FALSE,0,12,12,Lutjanus,Bigeye snapper,0,0,1,reef-associated,WaterAssumed,25.49,high,harmless,no special ability,0.5
166,Lutjanus monostigma,180,60,4.269999980926514,0.7400000095367432,0.015135600231587887,0.09070000052452087,2.930000066757202,0.05849999934434891,0.2199999988079071,7,31,1,60,5.94170497076265,41.1859525273558,24.8,28.1,29.1,pelagic,52.38999938964844,-0.6371599083157682,29,12.999199867248535,3.8969199657440186,3.0034399032592773,0.5,Medium; decline threshold 0.95,7.3,fusiform / normal,-1,FALSE,-1,13,14,Lutjanus,One-spot snapper,0,1,1,reef-associated,WaterAssumed,39.61,high,reports of ciguatera poisoning,no special ability,0.5
173,Lutjanus rivulatus,187,85.5,4.039999961853027,0.5099999904632568,0.014454400166869164,0.09059999883174896,3.0299999713897705,0.058400001376867294,0.18000000715255737,18,74,3,150,5.01959640613968,47.9261685689713,22.5,26.5,28.2,benthic,70.86000061035156,-1.1791727193538812,29,26.093599319458008,8.141839981079102,5.693840026855469,0.5,Low; decline threshold 0.85,5.5,fusiform / normal,-1,TRUE,0,15,16,Lutjanus,Blubberlip snapper,0,0,1,reef-associated,WaterAssumed,62.07,high,reports of ciguatera poisoning,no special ability,0.5
176,Lutjanus russellii,190,50,4.099999904632568,0.39500001072883606,0.013182600028812885,0.09589999914169312,2.9800000190734863,0.061000000685453415,0.25999999046325684,20,50,3,80,5.64486124030212,49.3813236883194,24.4,28,29.1,pelagic,40.97999954223633,-0.55,25,11,3.2620699405670166,2.5999999046325684,0.5,Medium; decline threshold 0.95,6.5,fusiform / normal,-1,FALSE,0,14,14,Lutjanus,Russell's snapper,0,1,1,reef-associated,WaterAssumed,37.44,high,harmless,no special ability,0.5
177,Lutjanus sanguineus,191,100,4.489999771118164,0.7099999785423279,0.014454400166869164,0.12300000339746475,2.9600000381469727,0.07150000333786011,0.20999999344348907,24,78,9,150,5.49609227138808,31.5750572576677,23.4,26.8,29.2,pelagic,82,-0.46952966962342074,27.600000381469727,10.54520034790039,3.2746899127960205,2.3614399433135986,0.5,Medium; decline threshold 0.95,5.8,fusiform / normal,-1,FALSE,0,13,14,Lutjanus,Humphead snapper,0,0,1,reef-associated,WaterAssumed,39.02,high,harmless,no special ability,0.5
178,Lutjanus sebae,192,128.75999450683594,4.090000152587891,0.3959999978542328,0.015135600231587887,0.06129999831318855,3.009999990463257,0.04259999841451645,0.18000000715255737,24,89,5,180,4.17272906877357,49.8671528855607,22.9,27.1,28.5,benthic,101.20999908447266,-0.7853409411532356,27.600000381469727,17.96470069885254,5.652910232543945,3.896169900894165,0.5,Medium; decline threshold 0.95,4.8,short and / or deep,-1,FALSE,0,15,16,Lutjanus,Emperor red snapper,0,1,1,reef-associated,WaterAssumed,58.91,high,reports of ciguatera poisoning,no special ability,0.5
187,Macolor niger,201,75,4.010000228881836,0.6600000262260437,0.016218099743127823,0.1080000028014183,2.990000009536743,0.06650000065565109,0.18000000715255737,11,46,2,90,4.90059090637321,53.8019799482361,24.7,28.1,29.1,pelagic,58.40999984741211,-0.73,25,15.899999618530273,4.925960063934326,3.5,0.5,Medium; decline threshold 0.95,4.6,fusiform / normal,-1,FALSE,0,13,15,Macolor,Black and white snapper,0,0,1,reef-associated,WaterAssumed,50.6,very high,harmless,no special ability,0.75
192,Paracaesio sordida,206,48,2.75,0.3100000023841858,0.016218099743127823,0.12399999797344208,3.069999933242798,0.08259999752044678,0.27000001072883606,26,100,5,200,13.2764749437653,643.453928820183,21.8,26.9,28.4,pelagic,38.470001220703125,-0.54,25,10.600000381469727,3.11503005027771,2.5,0.5,Medium; decline threshold 0.95,19.2,fusiform / normal,-1,FALSE,0,9,10,Paracaesio,Sordid snapper,0,0,1,reef-associated,WaterAssumed,36.75,very high,harmless,no special ability,0.5038999915122986
194,Paracaesio xanthurus,208,50,3.4000000953674316,0.44999998807907104,0.018620900809764862,0.13699999451637268,3.0799999237060547,0.08799999952316284,0.25999999046325684,32,120,5,250,6.63171404853275,110.427085306918,19.9,26.5,28.3,pelagic,40.04999923706055,-0.55,25,11,3.2620699405670166,2.5999999046325684,0.5,Medium; decline threshold 0.95,5.9,fusiform / normal,-1,FALSE,-1,10,11,Paracaesio,Yellowtail blue snapper,0,0,1,reef-associated,WaterAssumed,37.44,very high,harmless,no special ability,0.5038999915122986
201,Pristipomoides filamentosus,215,100,4.190000057220459,0.4189999997615814,0.010715199634432793,0.07909999787807465,2.930000066757202,0.0502999983727932,0.20999999344348907,180,270,40,400,4.81556878359448,45.0201248124266,12.2,15,22.6,benthic,83.81999969482422,-0.53717362686796,22.91111119588216,11.85949993133545,3.663530111312866,2.6679000854492188,0.5,Medium; decline threshold 0.95,5,elongated,-1,FALSE,0,11,11,Pristipomoides,Crimson jobfish,0,0,1,benthopelagic,WaterAssumed,43.22,very high,harmless,no special ability,0.5005000233650208
208,Pristipomoides multidens,222,90,3.8399999141693115,0.5799999833106995,0.016595900058746338,0.11100000143051147,2.950000047683716,0.06859999895095825,0.23999999463558197,125,275,40,350,4.66934704075876,63.173826074179,12.3,17,23,benthic,71.01000213623047,-0.5982841692707632,27.100000381469727,13.100299835205078,4.038569927215576,2.9128799438476563,0.5,Medium; decline threshold 0.95,5.5,fusiform / normal,-1,FALSE,-1,11,11,Pristipomoides,Goldbanded jobfish,0,0,1,demersal,WaterAssumed,43.24,very high,harmless,no special ability,0.5005000233650208
209,Pristipomoides sieboldii,223,79,3.6700000762939453,0.20000000298023224,0.014454400166869164,0.12300000339746475,2.990000009536743,0.07360000163316727,0.3499999940395355,129,222,100,360,5.26007585409601,76.1318289942877,13.8,18.2,23.1,benthic,63.150001525878906,-0.40968864318152604,21,8.137319564819336,2.4407999515533447,1.9429600238800049,0.5,High; decline threshold 0.99,5.1,fusiform / normal,-1,FALSE,0,11,11,Pristipomoides,Lavender jobfish,0,0,1,benthopelagic,WaterAssumed,35.78,very high,harmless,no special ability,0.5005000233650208
217,Istiompax indica,231,516.1500244140625,4.5,0.4099999964237213,0.00446684006601572,0.16699999570846558,3.130000114440918,0.09950000047683716,0.18000000715255737,0,200,0,915,3.49355484543391,31.1867268214554,16,25.4,28.4,pelagic,452.45001220703125,-0.9088791819469525,18,31.006000518798828,11.433500289916992,5.806660175323486,0.5,Low; decline threshold 0.85,1.6,elongated,0,FALSE,0,39,50,Istiompax,Black marlin,0,0,1,pelagic-oceanic,WaterAssumed,78.22,very high,harmless,no special ability,1.000499963760376
223,Kajikia audax,237,420,4.5,0.7300000190734863,0.005495409946888685,0.1340000033378601,3.1500000953674316,0.0877000018954277,0.41999998688697815,22,95,0,200,3.57273901462961,31.1867268214554,14.6,25.9,28.3,pelagic,344.3999938964844,-0.20042613320179317,22.866666793823242,6.617760181427002,2.7617499828338623,1.2389500141143799,0.5,High; decline threshold 0.99,2.3,elongated,0,FALSE,0,42,48,Kajikia,Striped marlin,0,0,1,pelagic-oceanic,WaterAssumed,43.55,very high,harmless,no special ability,0.7505000233650208
225,Callionymus filamentosus,239,20,3.2699999809265137,0.38999998569488525,0.01148150023072958,0.10899999737739563,2.740000009536743,0.06989999860525131,0.3700000047683716,5,100,2,350,7.73772138600302,138.001162433042,17.9,24,27.9,benthic,14.270000457763672,-0.49,17,7.599999904632568,2.841949939727783,2.0999999046325684,0.5,High; decline threshold 0.99,8.4,elongated,0,FALSE,0,9,9,Callionymus,Blotchfin dragonet,0,0,1,demersal,WaterAssumed,30.09,unknown,harmless,no special ability,0.5
226,Xiphias gladius,240,505.04998779296875,4.53000020980835,0.17100000381469727,0.0038018899504095316,0.1940000057220459,3.140000104904175,0.10999999940395355,0.12999999523162842,0,550,0,2878,3.50305033551924,30.0494871173568,10.9,22.7,27.6,pelagic,448.6099853515625,-0.776518820961909,25,24.223499298095703,8.57052993774414,4.516270160675049,0.5,Low; decline threshold 0.85,5.7,elongated,0,FALSE,0,38,56,Xiphias,Swordfish,0,0,1,pelagic-oceanic,WaterAssumed,71.62,very high,harmless,no special ability,1.5
227,Megalops cyprinoides,241,150,3.4800000190734863,0.13099999725818634,0.0074130999855697155,0.07289999723434448,3.069999933242798,0.04780000075697899,0.12999999523162842,6,26,1,50,1.83943909395049,22.9952455060206,19.8,24.4,27.6,pelagic,108.75,-0.84,25,22.200000762939453,7.402949810028076,4.5,0.5,Low; decline threshold 0.85,3.3,elongated,-1,FALSE,0,16,21,Megalops,Indo-Pacific tarpon,1,1,1,benthopelagic,Obligate,69.21,low,harmless,no special ability,1.0019999742507935
261,Lutjanus fulviflamma,275,50,3.7899999618530273,0.28999999165534973,0.015488199889659882,0.026799999177455902,2.9700000286102295,0.011699999682605267,0.25999999046325684,6,20,3,35,6.0581584108045,66.4833409667388,24.7,28.1,29.1,benthic,42.0099983215332,-0.35,24,8.221429824829102,2.4818201065063477,2,0.5,High; decline threshold 0.99,0,fusiform / normal,-1,FALSE,0,12,14,Lutjanus,Dory snapper,0,1,1,reef-associated,WaterAssumed,33.74,high,reports of ciguatera poisoning,no special ability,0.5
262,Lutjanus fulvus,276,40,3.609999895095825,0.46000000834465027,0.015488199889659882,0.027400000020861626,2.9700000286102295,0.011900000274181366,0.15000000596046448,9,41,1,80,6.45852691381489,82.0617735495616,24.6,28,29,benthic,33.43000030517578,-0.3889399241431887,24,6.4292402267456055,1.7496800422668457,1.6880600452423096,0.5,High; decline threshold 0.99,8.9,fusiform / normal,-1,FALSE,0,14,14,Lutjanus,Blacktail snapper,1,1,1,reef-associated,WaterAssumed,29.2,high,reports of ciguatera poisoning,no special ability,0.5
265,Lutjanus gibbus,279,63.04999923706055,4.119999885559082,0.26899999380111694,0.015488199889659882,0.02199999988079071,2.9700000286102295,0.01119999960064888,0.3499999940395355,17,73,1,150,5.69871188760973,48.4109621909167,24.5,28,29.1,benthic,49.869998931884766,-0.3719634398322435,28,7.128039836883545,2.0687899589538574,1.7290699481964111,0.5,High; decline threshold 0.99,7.9,fusiform / normal,-1,FALSE,0,13,14,Lutjanus,Humpback red snapper,0,0,1,reef-associated,WaterAssumed,32.95,high,reports of ciguatera poisoning,no special ability,0.5
298,Muraenesox cinereus,312,220,4.380000114440918,0.6700000166893005,0.004365160129964352,0.210999995470047,3.059999942779541,0.11100000143051147,0.1899999976158142,99,300,0,800,3.36152013728359,79.0750530871146,11.6,17.4,23.2,pelagic,215.27999877929688,-0.6003877103361916,17,15.18910026550293,5.223420143127441,3.1578800678253174,0.5,Medium; decline threshold 0.95,4,eel-like,0,FALSE,0,54.58953560525697,72.57421182495527,Muraenesox,Daggertooth pike conger,1,1,1,demersal,WaterAssumed,61.77,very high,harmless,no special ability,0.625
370,Exyrias belissimus,384,18.299999237060547,2.7899999618530273,0.30000001192092896,0.007244360167533159,0.1340000033378601,3.049999952316284,0.08020000159740448,0.41999998688697815,4,16,1,30,13.5241356218052,557.33257168369,26.2,28.6,29.3,benthic,15,-0.47,25,6.699999809265137,2.575350046157837,1.899999976158142,0.5,High; decline threshold 0.99,49.3,fusiform / normal,-1,FALSE,0,10,12,Exyrias,Mud reef-goby,0,0,1,reef-associated,WaterAssumed,30.38,very high,harmless,no special ability,0.5311999917030334
374,Decapterus russelli,388,45,3.680000066757202,0.3700000047683716,0.010715199634432793,0.029100000858306885,2.9700000286102295,0.01360000018030405,0.7300000190734863,66,151,40,275,6.08882695685086,75.2205338608996,16.8,23.2,27.4,pelagic,36.900001525878906,-0.24345785243445545,25,4.168310165405273,1.1625800132751465,1.096750020980835,0.5,High; decline threshold 0.99,10.1,fusiform / normal,-1,FALSE,0,28,31,Decapterus,Indian scad,0,0,1,benthopelagic,WaterAssumed,24.16,low,harmless,no special ability,0.5005000233650208
382,Seriola lalandi,396,250,4.159999847412109,0.14399999380111694,0.018620900809764862,0.13600000739097595,2.930000066757202,0.08479999750852585,0.11999999731779099,105,364,3,825,3.42470979749164,46.472347647277,9,14.9,23,pelagic,205,-0.5867118630274762,20.600000381469727,15.286299705505371,5.061890125274658,3.1050500869750977,0.5,Medium; decline threshold 0.95,3.3,fusiform / normal,-1,FALSE,0,33,35,Seriola,Yellowtail amberjack,0,1,1,benthopelagic,WaterAssumed,61.39,low,harmless,no special ability,0.5019999742507935
384,Megalaspis cordyla,398,80,3.9000000953674316,0.6100000143051147,0.01258930005133152,0.022299999371170998,2.940000057220459,0.013799999840557575,0.5899999737739563,28,60,20,100,4.78125479689947,59.0451161108437,23.5,27.5,28.6,benthic,68.80000305175781,-0.20044336660392353,27.733333375718857,4.085269927978516,1.2471799850463867,0.9744009971618652,0.5,High; decline threshold 0.99,8.7,fusiform / normal,-1,FALSE,0,18,20,Megalaspis,Torpedo scad,0,1,1,reef-associated,WaterAssumed,29.48,high,harmless,no special ability,1
387,Selar crumenophthalmus,401,70,3.809999942779541,0.17900000512599945,0.013182600028812885,0.02419999986886978,2.990000009536743,0.0142000000923872,1.149999976158142,2,10,0,170,5.11505526767068,65.1174431371215,20,27.9,29.2,benthic,63,-0.13080793126507895,27.618182095614348,2.4778900146484375,0.7786539793014526,0.6210839748382568,0.5,High; decline threshold 0.99,8.3,fusiform / normal,-1,FALSE,0,24,27,Selar,Bigeye scad,0,0,1,reef-associated,WaterAssumed,24.65,very high,reports of ciguatera poisoning,no special ability,0.75
399,Pomadasys argenteus,413,70,3.4700000286102295,0.30000001192092896,0.013803799636662006,0.04650000110268593,2.9700000286102295,0.01769999973475933,0.3499999940395355,25,65,15,115,5.95884105209077,99.4181400623952,23.2,27.4,28.5,benthic,61.31999969482422,-0.2776606735234419,28,5.722340106964111,1.706089973449707,1.341860055923462,0.5,High; decline threshold 0.99,7.2,fusiform / normal,-1,FALSE,-1,13,14,Pomadasys,Silver grunt,1,1,1,demersal,WaterAssumed,30.58,high,harmless,no special ability,0.5
412,Elagatis bipinnulata,426,180,4.269999980926514,0,0.009772369638085365,0.10499999672174454,2.8399999141693115,0.06989999860525131,0.3199999928474426,2,10,0,150,4.09418713097392,41.1859525273558,22.8,27.5,28.8,benthic,127.9800033569336,-0.4787710341901716,28.5,11.618000030517578,3.719759941101074,2.4558799266815186,0.5,Medium; decline threshold 0.95,6.2,fusiform / normal,-1,FALSE,0,25,30,Elagatis,Rainbow runner,0,0,1,reef-associated,WaterAssumed,50.69,medium,reports of ciguatera poisoning,no special ability,1
418,Argyrosomus regius,432,230,4.289999961853027,0.75,0.00831764005124569,0.019999999552965164,3.059999942779541,0.012500000186264515,0.10000000149011612,47,148,15,300,3.80547457599154,40.2440050065838,13.3,15.3,19.4,pelagic,191.52999877929688,-1.1461947511794035,17.5,32.56169891357422,11.180000305175781,6.207799911499023,0.5,Low; decline threshold 0.85,2.1,fusiform / normal,0,FALSE,0,27,29,Argyrosomus,Meagre,0,1,1,benthopelagic,WaterAssumed,79.25,medium,harmless,no special ability,0.5019999742507935
442,Argyrops spinifer,456,80,3.680000066757202,0.3799999952316284,0.021877599880099297,0.03539999946951866,2.9600000381469727,0.02290000021457672,0.15000000596046448,5,100,1,450,6.17880236083982,31.5750572576677,23.4,27.9,29,benthic,64.33000183105469,-0.9135381982771458,28.300000190734863,19.11319923400879,5.813379764556885,4.312739849090576,0.5,Low; decline threshold 0.85,5.8,fusiform / normal,0,FALSE,0,9,10,Argyrops,King soldierbream,0,0,1,demersal,WaterAssumed,55.28,high,harmless,no special ability,0.5077999830245972
444,Cheimerius nufar,458,75,3.5399999618530273,0.4399999976158142,0.013803799636662006,0.028200000524520874,3.0399999618530273,0.016200000420212746,0.12999999523162842,51,151,20,300,5.68864806770595,90.0690420277403,17.8,23.9,27.7,pelagic,61.08000183105469,-1.1149159336766594,24.65000009536743,23.918500900268555,7.366189956665039,5.307569980621338,0.5,Low; decline threshold 0.85,4.8,fusiform / normal,0,FALSE,0,10,11,Cheimerius,Santer seabream,0,0,1,reef-associated,WaterAssumed,60.44,low,harmless,no special ability,1
513,Psettodes erumei,529,64,4.389999866485596,0.30000001192092896,0.00676083005964756,0.06210000067949295,3.140000104904175,0.04230000078678131,0.4399999976158142,20,50,1,100,5.66867824752223,80.2914335440637,26.6,28.2,29.1,benthic,50.5,-0.26278889037809167,28,5.113550186157227,1.487720012664795,1.2421400547027588,0.5,High; decline threshold 0.99,9.3,fusiform / normal,-1,FALSE,0,38,45,Psettodes,Indian halibut,0,0,1,demersal,WaterAssumed,28.89,high,harmless,no special ability,0.75
522,Paraplagusia bilineata,538,31.600000381469727,3.4800000190734863,0.4000000059604645,0.009332540445029736,0.1459999978542328,3.0299999713897705,0.09269999712705612,0.4300000071525574,3,14,1,25,6.57406707328719,226.820260790192,25,28.5,29.2,benthic,29.639999389648438,-0.37,25,6.599999904632568,1.8577500581741333,1.7000000476837158,0.5,High; decline threshold 0.99,20,short and / or deep,0,FALSE,0,99,115,Paraplagusia,Doublelined tonguesole,0,1,1,demersal,WaterAssumed,28.79,very high,harmless,no special ability,0.5156000256538391
556,Encrasicholina heteroloba,572,14.640000343322754,3.2699999809265137,0.10000000149011612,0.005623409990221262,0.03400000184774399,3.1500000953674316,0.021700000390410423,1.8600000143051147,23,36,20,50,9.22881230466098,1151.6349825083,24.2,27.9,28.8,pelagic,12,-0.1236530293122359,29.399999618530273,1.6410499811172485,0.6799430251121521,0.5204470157623291,0.5,High; decline threshold 0.99,24.8,elongated,-1,FALSE,0,11.523779158213825,13.837736929729274,Encrasicholina,Shorthead anchovy,0,1,1,reef-associated,WaterAssumed,10,medium,harmless,no special ability,0.5005000233650208
558,Encrasicholina punctifer,574,13,3.4000000953674316,0.44999998807907104,0.004897790029644966,0.09889999777078629,3.259999990463257,0.06639999896287918,1.3700000047683716,8,21,5,35,9.30893714145008,1197.56703158235,24.7,28.3,29.2,pelagic,10.779999732971191,-0.16776455322274497,28,2.332240104675293,0.9378380179405212,0.6934099793434143,0.5,High; decline threshold 0.99,21,fusiform / normal,-1,FALSE,0,12,15,Encrasicholina,Buccaneer anchovy,0,0,1,reef-associated,WaterAssumed,11.68,medium,harmless,no special ability,0.5005000233650208
569,Stolephorus indicus,585,18.90999984741211,3.380000114440918,0.4399999976158142,0.004677350167185068,0.06270000338554382,3.1500000953674316,0.0210999995470047,1.1100000143051147,23,36,20,50,9.01505402911909,1032.975588609,24.2,27.9,28.7,pelagic,15.5,-0.1745285646286711,28.700000762939453,2.710089921951294,1.034019947052002,0.7567239999771118,0.5,High; decline threshold 0.99,18.2,elongated,-1,FALSE,0,15,17,Stolephorus,Indian anchovy,0,1,1,pelagic-neritic,WaterAssumed,13.41,low,harmless,no special ability,0.5
582,Thrissina baelama,598,12.59000015258789,3.3399999141693115,0.44999998807907104,0.0038018899504095316,0.17399999499320984,3.0999999046325684,0.09380000084638596,0.9800000190734863,70.43314690387528,131.95595847465816,47.666564763259366,228.7049718379814,12.1198773124174,3269.24491948312,25.9,28.2,29.1,benthic,10.319999694824219,-0.21,25,2.799999952316284,1.1272000074386597,0.800000011920929,0.5,High; decline threshold 0.99,39.5,elongated,-1,FALSE,0,13,16,Thrissina,Baelama anchovy,0,1,1,pelagic-neritic,WaterAssumed,13.79,medium,harmless,no special ability,0.5001000165939331
747,Carcharias taurus,763,330,4.5,0.4169999957084656,0.0074130999855697155,0.22100000083446503,2.990000009536743,0.11500000208616257,0.14000000059604645,15,25,1,191,3.32242995683952,73.0317375041252,12.5,24.6,28,pelagic,270.6000061035156,-0.402319861016348,15,12.473199844360352,5.14592981338501,2.406519889831543,0.5,Medium; decline threshold 0.95,1.7,fusiform / normal,0,FALSE,0,0,0,Carcharias,Sand tiger shark,0,0,1,reef-associated,WaterAssumed,58.1,unknown,traumatogenic,electrosensing only,1
752,Isurus oxyrinchus,768,445,4.519999980926514,0.5899999737739563,0.0064565399661660194,0.11299999803304672,3.0299999713897705,0.07559999823570251,0.10000000149011612,100,150,0,888,3.30837618469605,71.4109750925001,9.7,17.4,24.4,pelagic,436.1000061035156,-1.0196405536303332,18.333333333333332,32.31370162963867,11.535900115966797,5.942019939422607,0.5,Low; decline threshold 0.85,9.640000343322754,fusiform / normal,0,FALSE,0,0,0,Isurus,Shortfin mako,0,0,1,pelagic-oceanic,WaterAssumed,79.38,medium,traumatogenic,electrosensing only,0.7813000082969666
785,Mugil cephalus,801,122,2.4800000190734863,0.17000000178813934,0.012022599577903748,0.02239999920129776,2.940000057220459,0.013500000350177288,0.23000000417232513,0,10,0,120,42.3138833850926,45296.6049217651,11.3,23.2,27.9,benthic,100,-0.4582509024699049,22.399999618530273,9.5085296630859375,2.8593599796295166,2.2123301029205322,0.5,Medium; decline threshold 0.95,12.279999732971191,fusiform / normal,-1,FALSE,0,7,9,Mugil,Flathead grey mullet,1,1,1,benthopelagic,WaterAssumed,42.76,very high,harmless,no special ability,0.5
793,Lutjanus ehrenbergii,809,35,3.619999885559082,0.5299999713897705,0.014791100285947323,0.02810000069439411,2.9600000381469727,0.011900000274181366,0.49000000953674316,6,13,5,20,5.9302476367319,62.5516282436219,25.9,28.6,29.3,pelagic,27.75,-0.1721711535883495,25,2.920609951019287,0.8592069745063782,0.7738109827041626,0.5,High; decline threshold 0.99,9.8,fusiform / normal,-1,FALSE,-1,13,14,Lutjanus,Blackspot snapper,1,1,1,reef-associated,WaterAssumed,18.81,high,harmless,no special ability,0.5
858,Carcharhinus albimarginatus,874,300,4.210000038146973,0.5400000214576721,0.004677350167185068,0.15399999916553497,3.0799999237060547,0.08330000191926956,0.11999999731779099,20,352,0,800,3.5339791781272,17.3535989974714,13.9,27.1,29,pelagic,246,-0.76,25,24.200000762939453,8.643380165100098,4.5,0.5,Low; decline threshold 0.85,1.4,fusiform / normal,0,FALSE,0,0,0,Carcharhinus,Silvertip shark,0,0,1,reef-associated,WaterAssumed,71.63,medium,traumatogenic,electrosensing only,0.5
859,Carcharhinus altimus,875,300,4.53000020980835,0.26899999380111694,0.0037153500597923994,0.1120000034570694,3.0799999237060547,0.0697999969124794,0.11999999731779099,80,220,12,810,3.98766581554333,11.8368408042843,13.8,19.9,26.5,pelagic,246,-0.76,17,24.200000762939453,8.643380165100098,4.5,0.5,Low; decline threshold 0.85,1.5,fusiform / normal,0,FALSE,0,0,0,Carcharhinus,Bignose shark,0,0,1,reef-associated,WaterAssumed,71.97,medium,harmless,electrosensing only,0.5
861,Carcharhinus amblyrhynchos,877,255,4.110000133514404,0.49000000953674316,0.005248070228844881,0.11299999803304672,3.119999885559082,0.0714000016450882,0.09000000357627869,0,280,0,1000,3.50034580972167,19.2606898543203,17.5,27.5,29,pelagic,209.10000610351563,-2.036303013842123,25,57.96369934082031,20.05069923400879,11.035200119018555,0.5,Very low; decline threshold 0.70,2.5,fusiform / normal,0,FALSE,0,0,0,Carcharhinus,Blacktail reef shark,0,0,1,reef-associated,WaterAssumed,84.96,medium,traumatogenic,electrosensing only,0.5
865,Carcharhinus brevipinna,881,309,4.199999809265137,0.6399999856948853,0.00446684006601572,0.044599998742341995,3.059999942779541,0.019600000232458115,0.20999999344348907,0,50,0,100,3.51246720047689,17.5436246782212,22,27.4,29,pelagic,253.3800048828125,-0.4631626299053883,25,13.687800407409668,4.719009876251221,2.683120012283325,0.5,Medium; decline threshold 0.95,3.1,fusiform / normal,0,FALSE,0,0,0,Carcharhinus,Spinner shark,0,0,1,reef-associated,WaterAssumed,62.23,medium,harmless,Electrosensing only,0.5
868,Carcharhinus falciformis,884,350,4.349999904632568,0.6100000143051147,0.005011870060116053,0.04520000144839287,3.069999933242798,0.019200000911951065,0.10999999940395355,0,500,0,4000,3.72278595957997,14.587995709584,12,26.7,28.9,benthic,287,-1.075611637146944,20.75,34.723899841308594,12.488300323486328,6.669829845428467,0.5,Low; decline threshold 0.85,2,fusiform / normal,0,FALSE,0,0,0,Carcharhinus,Silky shark,0,0,1,reef-associated,WaterAssumed,82.14,high,traumatogenic,electrosensing only,0.5
874,Carcharhinus limbatus,890,286,4.369999885559082,0.4359999895095825,0.005011870060116053,0.0333000011742115,3.059999942779541,0.017899999395012856,0.20000000298023224,0,30,0,140,3.95717809829789,14.4126122132105,19.9,27.4,29,pelagic,234.52000427246094,-0.37771361384053365,26,10.491900444030762,3.5265300273895264,2.0655300617218018,0.5,Medium; decline threshold 0.95,4,fusiform / normal,0,FALSE,0,0,0,Carcharhinus,Blacktip shark,0,1,1,reef-associated,WaterAssumed,55.45,medium,traumatogenic,electrosensing only,0.5
875,Carcharhinus longimanus,891,400,4.159999847412109,0.36000001430511475,0.005623409990221262,0.048500001430511475,3.059999942779541,0.020099999383091927,0.07999999821186066,0,152,0,1082,3.26177732824416,18.305995664879,17.9,26.8,28.9,pelagic,328,-1.3829102646054419,27.25,44.77090072631836,16.166000366210938,8.893500328063965,0.5,Low; decline threshold 0.85,2.5,fusiform / normal,0,FALSE,0,0,0,Carcharhinus,Oceanic whitetip shark,0,0,1,pelagic-oceanic,WaterAssumed,83.79,medium,traumatogenic,electrosensing only,0.5
877,Carcharhinus melanopterus,893,200,3.940000057220459,0.4099999964237213,0.004677350167185068,0.13500000536441803,3.0299999713897705,0.07750000059604645,0.25,7,38,0,75,3.64472865514956,22.6148148751818,23.8,27.4,28.4,pelagic,164,-0.4217442708458222,28,11.578300476074219,3.8795900344848633,2.330359935760498,0.5,Medium; decline threshold 0.95,5,fusiform / normal,0,FALSE,0,0,0,Carcharhinus,Blacktip reef shark,0,1,1,reef-associated,WaterAssumed,56.83,medium,traumatogenic,electrosensing only,0.5
878,Carcharhinus obscurus,894,420,4.28000020980835,0.21699999272823334,0.007943280041217804,0.12300000339746475,3.069999933242798,0.07360000163316727,0.05000000074505806,200,400,0,400,3.48915722645216,16.0376611045264,8.7,12.6,18.6,pelagic,344.3999938964844,-2.3626784913451173,18,78.71839904785156,28.905500411987305,12.659299850463867,0.5,Very low; decline threshold 0.70,1.5,fusiform / normal,0,FALSE,0,0,0,Carcharhinus,Dusky shark,0,1,1,reef-associated,WaterAssumed,87.65,medium,traumatogenic,electrosensing only,0.5
880,Carcharhinus plumbeus,896,300,4.309999942779541,0.6000000238418579,0.004786300007253885,0.04320000112056732,3.069999933242798,0.01940000057220459,0.05999999865889549,20,65,0,500,3.86423495352209,16.2236234360729,16.6,27,28.9,pelagic,246,-2.402383945426632,24,72.59760284423828,25.725799560546875,13.399399757385254,0.5,Very low; decline threshold 0.70,2.4,fusiform / normal,0,FALSE,0,0,0,Carcharhinus,Sandbar shark,0,1,1,benthopelagic,WaterAssumed,86.8,medium,harmless,electrosensing only,0.5
884,Carcharhinus sorrah,900,160,4.150000095367432,0.5099999904632568,0.003548129927366972,0.12399999797344208,3.1600000858306885,0.07280000299215317,0.36000001430511475,1,73,0,140,4.19466956336491,18.4968565374274,24.5,27.8,29,pelagic,131.1999969482422,-0.27425331556385935,27,7.7364301681518555,2.705899953842163,1.5777499675750732,0.5,High; decline threshold 0.99,3.1,fusiform / normal,0,FALSE,0,0,0,Carcharhinus,Spot-tail shark,0,1,1,reef-associated,WaterAssumed,49.97,high,harmless,electrosensing only,0.5
886,Galeocerdo cuvier,902,750,4.559999942779541,0.5899999737739563,0.007244360167533159,0.20900000631809235,3.0899999141693115,0.11100000143051147,0.14000000059604645,0,140,0,800,3.48496222889194,11.4050251477743,15.8,26.4,28.9,benthic,615,-0.45548345677426666,22.5,15.848899841308594,6.086009979248047,2.9110000133514404,0.5,Medium; decline threshold 0.95,2,fusiform / normal,0,FALSE,0,0,0,Galeocerdo,Tiger shark,0,1,1,benthopelagic,WaterAssumed,63.83,medium,traumatogenic,electrosensing only,1.5
894,Loxodon macrorhinus,910,98,3.950000047683716,0.4000000059604645,0.004897790029644966,0.1679999977350235,3.0799999237060547,0.08839999884366989,0.3799999952316284,16,53,7,100,4.70426856680746,22.4056598882105,24.6,28,29,benthic,80.36000061035156,-0.28149986391599735,25,6.536680221557617,2.126120090484619,1.447849988937378,0.5,High; decline threshold 0.99,5.2,fusiform / normal,0,FALSE,0,0,0,Loxodon,Sliteye shark,0,0,1,demersal,WaterAssumed,46.09,medium,harmless,electrosensing only,1
896,Negaprion acutidens,912,380,4.130000114440918,0.5899999737739563,0.004897790029644966,0.1679999977350235,3.0799999237060547,0.08839999884366989,0.09000000357627869,9,46,0,92,3.2273458519138,18.8786725541992,24.7,28.1,29.1,pelagic,311.6000061035156,-0.96,25,32.400001525878906,11.812800407409668,5.800000190734863,0.5,Low; decline threshold 0.85,2,fusiform / normal,0,FALSE,0,0,0,Negaprion,Sicklefin lemon shark,0,1,1,reef-associated,WaterAssumed,77.93,medium,traumatogenic,electrosensing only,0.75
899,Rhizoprionodon acutus,915,175,4.25,0.3630000054836273,0.003467370057478547,0.04769999906420708,3.059999942779541,0.020899999886751175,0.20000000298023224,22,96,1,200,4.3133438347161,16.5978749489954,19.6,26.9,28.5,benthic,143.5,-0.6066397413120521,27,14.393400192260742,4.580770015716553,3.0807199478149414,0.5,Medium; decline threshold 0.95,6.1,fusiform / normal,0,FALSE,0,0,0,Rhizoprionodon,Milk shark,1,1,1,benthopelagic,WaterAssumed,60.97,medium,harmless,electrosensing only,0.5077999830245972
907,Triaenodon obesus,923,213,4.190000057220459,0.5699999928474426,0.003548129927366972,0.11400000005960464,3.119999885559082,0.07119999825954437,0.1599999964237213,8,40,0,330,3.88098392059818,17.7339482804649,24.3,27.6,28.8,benthic,174.66000366210938,-1.23,25,41.62710189819336,14.477700233459473,8.199999809265137,0.5,Low; decline threshold 0.85,0,fusiform / normal,0,FALSE,0,0,0,Triaenodon,Whitetip reef shark,0,0,1,reef-associated,WaterAssumed,82.54,medium,traumatogenic,electrosensing only,1
912,Sphyrna lewini,928,430,4.079999923706055,0.44999998807907104,0.003467370057478547,0.0502999983727932,3.0999999046325684,0.03440000116825104,0.09000000357627869,0,25,0,1043,3.11259961338384,19.8348891960727,18.7,27.2,29,benthic,352.6000061035156,-0.9644238154961443,20.833333333333332,30.614500045776367,10.928799629211426,6.00423002243042,0.5,Low; decline threshold 0.85,2.1,elongated,0,FALSE,0,0,0,Sphyrna,Scalloped hammerhead,0,1,1,pelagic-oceanic,WaterAssumed,77.74,medium,other,electrosensing only,0.5005999803543091
914,Sphyrna mokarran,930,610,4.320000171661377,0.46000000834465027,0.002290870063006878,0.12300000339746475,3.0999999046325684,0.07909999787807465,0.05999999865889549,1,100,1,300,3.41426713435524,15.3033901952492,21.3,27.2,28.9,pelagic,500.20001220703125,-1.08,17,48.91999816894531,18.8031005859375,8.399999618530273,0.5,Low; decline threshold 0.85,0,elongated,0,FALSE,0,0,0,Sphyrna,Great hammerhead,0,1,1,pelagic-oceanic,WaterAssumed,86.03,high,other,electrosensing only,0.5005999803543091
918,Caesio caerulaurea,934,50.38999938964844,3.4000000953674316,0.44999998807907104,0.01258930005133152,0.06019999831914902,3.049999952316284,0.03779999911785126,0.25,7,31,1,60,7.12002489711017,110.427085306918,24.7,28,29,pelagic,41.31999969482422,-0.59,25,11.399999618530273,3.341779947280884,2.700000047683716,0.5,Medium; decline threshold 0.95,6.5,fusiform / normal,-1,FALSE,0,14,16,Caesio,Blue and gold fusilier,0,0,1,reef-associated,WaterAssumed,46.74,medium,harmless,no special ability,0.5009999871253967
920,Caesio lunaris,936,40,3.4000000953674316,0.44999998807907104,0.015848899260163307,0.14399999380111694,3.0799999237060547,0.08540000021457672,0.3100000023841858,5,26,0,50,6.95246823735404,110.427085306918,24.7,28.2,29.2,pelagic,32.79999923706055,-0.49,25,9.199999809265137,2.661099910736084,2.200000047683716,0.5,High; decline threshold 0.99,6.2,fusiform / normal,-1,FALSE,0,13,15,Caesio,Lunar fusilier,0,0,1,reef-associated,WaterAssumed,34.18,medium,harmless,no special ability,0.5009999871253967
921,Caesio striata,937,25,3.4000000953674316,0.44999998807907104,0.011749000288546085,0.1809999942779541,3.0799999237060547,0.09539999812841415,0.47999998927116394,4,17,2,30,7.46730794962095,110.427085306918,24.5,28.8,29.3,pelagic,20.5,-0.35,25,5.900000095367432,1.623289942741394,1.5,0.5,High; decline threshold 0.99,10.5,fusiform / normal,-1,FALSE,0,14,16,Caesio,Striated fusilier,0,0,1,reef-associated,WaterAssumed,26.16,medium,harmless,no special ability,0.5009999871253967
922,Caesio suevica,938,35,3.4000000953674316,0.44999998807907104,0.011749000288546085,0.1809999942779541,3.0799999237060547,0.09539999812841415,0.36000001430511475,4,14,2,25,7.12002489711017,110.427085306918,24.5,28.4,29.3,pelagic,28.700000762939453,-0.43,25,7.900000095367432,2.2593300342559814,2,0.5,High; decline threshold 0.99,8.6,fusiform / normal,-1,FALSE,0,14,15,Caesio,Suez fusilier,0,0,1,reef-associated,WaterAssumed,31.84,medium,harmless,no special ability,0.5009999871253967
924,Caesio varilineata,940,40,3.4000000953674316,0.44999998807907104,0.011749000288546085,0.1809999942779541,3.0799999237060547,0.09539999812841415,0.3100000023841858,4,14,2,25,6.95246823735404,110.427085306918,26.7,28,29.3,pelagic,32.79999923706055,-0.49,25,9.199999809265137,2.661099910736084,2.200000047683716,0.5,High; decline threshold 0.99,7.9,fusiform / normal,-1,FALSE,0,14,16,Caesio,Variable-lined fusilier,0,0,1,reef-associated,WaterAssumed,34.18,medium,harmless,no special ability,0.5009999871253967
929,Gymnocaesio gymnoptera,945,18,3.4000000953674316,0.44999998807907104,0.011749000288546085,0.1809999942779541,3.0799999237060547,0.09539999812841415,0.6600000262260437,59,226,0,500,7.71895342477242,110.427085306918,15,23.6,27.8,pelagic,15.359999656677246,-1.1577319185650876,25,17.592300415039063,6.705019950866699,4.900000095367432,0.5,Low; decline threshold 0.85,12.8,fusiform / normal,-1,FALSE,0,14,16,Gymnocaesio,Slender fusilier,0,0,1,reef-associated,WaterAssumed,41.8,unknown,harmless,no special ability,1
932,Pterocaesio chrysozona,948,21,3.4000000953674316,0.44999998807907104,0.009772369638085365,0.1889999955892563,3.0999999046325684,0.09430000185966492,0.5699999928474426,4,14,2,25,7.61026926158268,110.427085306918,25.3,28.6,29.3,pelagic,17.219999313354492,-0.31,25,5,1.8505200147628784,1.2999999523162842,0.5,High; decline threshold 0.99,10.6,fusiform / normal,-1,FALSE,0,14,16,Pterocaesio,Goldband fusilier,0,0,1,reef-associated,WaterAssumed,23.74,unknown,harmless,no special ability,0.5001999735832214
950,Platycephalus indicus,966,100,3.5999999046325684,0.5799999833106995,0.00446684006601572,0.044199999421834946,3.0899999141693115,0.030700000002980232,0.4300000071525574,39,106,20,200,2.21424357149511,399.862053342682,21.7,26.5,28.3,benthic,89.06999969482422,-0.37248660476108253,23,7.960849761962891,2.4456000328063965,1.8236299753189087,0.5,High; decline threshold 0.99,6.4,elongated,0,FALSE,0,13,13,Platycephalus,Bartail flathead,0,1,1,reef-associated,WaterAssumed,36.94,very high,harmless,no special ability,0.5
972,Ablennes hians,988,140,4.21999979019165,0.6600000262260437,8.912510238587856e-4,0.11599999666213989,3.0899999141693115,0.07079999893903732,0.6100000143051147,0,2,0,3,3.32242995683952,73.0317375041252,22.6,27.9,29.2,pelagic,114.80000305175781,-0.18004087829393065,27,4.778639793395996,1.7252000570297241,0.9875829815864563,0.5,High; decline threshold 0.99,6.7,elongated,0,FALSE,0,23,26,Ablennes,Flat needlefish,0,1,1,reef-associated,WaterAssumed,39.61,high,harmless,no special ability,0.625
976,Tylosurus acus,992,153,4.480000019073486,0.5590000152587891,9.332540212199092e-4,0.14000000059604645,3.0999999046325684,0.08110000193119049,0.4399999976158142,10,50,0,100,3.33078856655642,74.0861688565801,20,26.5,28.5,pelagic,125.45999908447266,-0.28475078104326784,17,6.533430099487305,2.388780117034912,1.4545799493789673,0.5,High; decline threshold 0.99,5.1,elongated,0,FALSE,0,20,27,Tylosurus,Agujon needlefish,0,0,1,reef-associated,WaterAssumed,43.55,medium,traumatogenic,no special ability,0.5009999871253967
977,Tylosurus crocodilus,993,150,4.429999828338623,0.43299999833106995,0.0011220199521631002,0.04190000146627426,3.0999999046325684,0.02810000069439411,0.30000001192092896,1,7,0,13,3.34827130367538,76.633517947513,27.1,28.5,29.2,pelagic,132.07000732421875,-0.38507110573065617,27.5,9.614930152893066,3.104680061340332,2.028409957885742,0.5,Medium; decline threshold 0.95,6.7,elongated,-1,FALSE,0,21,24,Tylosurus,Hound needlefish,0,0,1,reef-associated,WaterAssumed,47.31,medium,traumatogenic,no special ability,0.5009999871253967
988,Alectis ciliaris,1004,150,3.950000047683716,0.6600000262260437,0.02290870063006878,0.09910000115633011,2.8399999141693115,0.06469999998807907,0.14000000059604645,64,81,60,100,3.82381770590846,56.8799225485038,16.4,24.8,27.8,pelagic,123,-0.78,17,20.600000381469727,6.874169826507568,4.199999809265137,0.5,Low; decline threshold 0.85,2.3,short and / or deep,-1,FALSE,0,18,22,Alectis,African pompano,0,0,1,reef-associated,WaterAssumed,68.96,medium,reports of ciguatera poisoning,no special ability,1
993,Decapterus macarellus,1009,46,3.9600000381469727,0.2409999966621399,0.012022599577903748,0.09589999914169312,2.990000009536743,0.06620000302791595,0.4699999988079071,40,200,0,400,5.54828004839114,56.354925132108,13,21.9,27.9,pelagic,39.880001068115234,-0.17866626385791254,27,3.5713300704956055,1.1119999885559082,0.8656479716300964,0.5,High; decline threshold 0.99,7.8,fusiform / normal,0,FALSE,0,31,37,Decapterus,Mackerel scad,0,0,1,pelagic-oceanic,WaterAssumed,22.51,medium,reports of ciguatera poisoning,no special ability,0.5005000233650208
998,Naucrates ductor,1014,70,3.4100000858306885,0.4300000071525574,0.014125400222837925,0.1679999977350235,2.930000066757202,0.09549999982118607,0.2800000011920929,34,140,0,300,6.04832434195231,108.73198473561,7.9,20.9,28.1,pelagic,57.400001525878906,-0.47,19,10.199999809265137,3.146559953689575,2.299999952316284,0.5,Medium; decline threshold 0.95,3.7,fusiform / normal,-1,FALSE,0,25,29,Naucrates,Pilotfish,0,0,1,reef-associated,WaterAssumed,39.44,medium,harmless,no special ability,1
1005,Seriola dumerili,1021,190,4.699999809265137,0.5199999809265137,0.017782799899578094,0.05849999934434891,2.9100000858306885,0.03849999979138374,0.2199999988079071,18,72,1,385,4.25736910434207,25.5781187322591,16.9,27.1,29,benthic,155.8000030517578,-0.43952197943015325,24.14000015258789,11.560500144958496,3.813469886779785,2.373080015182495,0.5,Medium; decline threshold 0.95,3.5,fusiform / normal,0,FALSE,0,29,35,Seriola,Greater amberjack,0,0,1,reef-associated,WaterAssumed,53.95,high,reports of ciguatera poisoning,no special ability,0.5019999742507935
1022,Diodon hystrix,1038,91,4.010000228881836,0.1599999964237213,0.08912509679794312,0.15600000321865082,2.7699999809265137,0.09539999812841415,0.1599999964237213,3,20,2,50,3.59884961218402,98.4881186207502,23.3,27.4,29,benthic,73.7300033569336,-0.78,17,18,5.667140007019043,3.9000000953674316,0.5,Medium; decline threshold 0.95,2.9,short and / or deep,0,FALSE,0,14,17,Diodon,Spotted porcupinefish,0,0,1,reef-associated,WaterAssumed,55.32,unknown,poisonous to eat,no special ability,0.5313000082969666
1037,Parexocoetus brachypterus,1053,20,3.4000000953674316,0.44999998807907104,0.0064565399661660194,0.17599999904632568,3.0399999618530273,0.10199999809265137,1.4600000381469727,2,11,0,20,5.81767214860472,382.417005840191,23.3,27.8,29.2,pelagic,16.5,-0.12,27.200000762939453,1.899999976158142,0.7243980169296265,0.5,0.5,High; decline threshold 0.99,13.5,elongated,0,FALSE,0,12,14,Parexocoetus,Sailfin flyingfish,0,0,1,pelagic-neritic,WaterAssumed,10,medium,harmless,no special ability,0.625
1055,Saurida undosquamis,1071,61,4.460000038146973,0.3779999911785126,0.005495409946888685,0.030400000512599945,3.0999999046325684,0.019999999552965164,0.41999998688697815,41,162,1,350,3.33835397955106,75.1199050497935,18.8,26,27.9,benthic,50,-0.6145915564140231,26.724242586078066,12.428899765014648,3.710900068283081,2.902290105819702,0.5,Medium; decline threshold 0.95,7.7,elongated,-1,FALSE,0,11,12,Saurida,Brushtooth lizardfish,0,0,1,reef-associated,WaterAssumed,39.46,very high,harmless,no special ability,0.5
1077,Lobotes surinamensis,1093,110,4.039999961853027,0.4699999988079071,0.026302700862288475,0.13600000739097595,3.009999990463257,0.0860000029206276,0.699999988079071,0,70,0,70,4.3371559155078,52.3119075684073,18.3,27.4,29,benthic,90.19999694824219,-0.17782453476391105,23,4.047530174255371,1.4414700269699097,0.9126240015029907,0.5,High; decline threshold 0.99,4,short and / or deep,-1,FALSE,-1,15,16,Lobotes,Tripletail,0,1,1,benthopelagic,WaterAssumed,34.34,very high,harmless,no special ability,0.75
1164,Sparus aurata,1180,70,3.700000047683716,0,0.012022599577903748,0.022199999541044235,3.0199999809265137,0.01360000018030405,0.25999999046325684,1,30,1,150,5.37911719670788,73.4604016997017,12.1,17.8,21,benthic,57.400001525878906,-0.39785229557594115,17.200000762939453,7.710259914398193,2.441960096359253,1.8624199628829956,0.5,High; decline threshold 0.99,4.659999847412109,fusiform / normal,0,FALSE,0,13,14,Sparus,Gilthead seabream,0,1,1,demersal,WaterAssumed,34.54,very high,harmless,no special ability,1
1235,Sphyraena barracuda,1251,200,4.489999771118164,0.5509999990463257,0.008511380292475224,0.039799999445676804,2.930000066757202,0.020500000566244125,0.14000000059604645,3,30,0,100,4.28799483728559,31.5750572576677,21.7,27.2,28.9,pelagic,178.8800048828125,-1.2281840247373546,25,33.254600524902344,11.223400115966797,6.310510158538818,0.5,Low; decline threshold 0.85,4.5,elongated,0,FALSE,0,9,9,Sphyraena,Great barracuda,0,1,1,reef-associated,WaterAssumed,78.57,medium,traumatogenic,no special ability,0.5
1246,Macrodontogobius wilburi,1262,7.929999828338623,2.7799999713897705,0.36000001430511475,0.010232900269329548,0.16699999570846558,3.009999990463257,0.09099999815225601,0.9100000262260437,1,10,0,20,14.6284976316826,577.678030847826,25.4,28.5,29.3,benthic,6.5,-0.26,25,3,1.3280600309371948,1,0.5,High; decline threshold 0.99,80.5,fusiform / normal,-1,FALSE,0,9,11,Macrodontogobius,Largetooth goby,0,1,1,reef-associated,WaterAssumed,14.62,very high,harmless,no special ability,1
1255,Acanthurus mata,1271,50,2.5199999809265137,0.25,0.025704000145196915,0.09000000357627869,2.9200000762939453,0.05950000137090683,0.2199999988079071,5,45,5,100,28.3468487598308,1400.47961627371,24.7,27.9,29,benthic,41.119998931884766,-0.7189897767049614,26,12.979599952697754,3.7002499103546143,3.191080093383789,0.5,Medium; decline threshold 0.95,25.6,short and / or deep,-1,FALSE,0,24,26,Acanthurus,Elongate surgeonfish,0,0,1,reef-associated,WaterAssumed,39.45,medium,traumatogenic,no special ability,0.5
1262,Ctenochaetus striatus,1279,26,2,0,0.02290870063006878,0.03849999979138374,2.9700000286102295,0.02410000003874302,0.6499999761581421,6,30,0,60,133.21363342747,7174.0628815569,24.6,27.8,29,pelagic,19.950000762939453,-0.2315374297639224,27.762666702270508,3.5044500827789307,1.3445099592208862,0.9889140129089355,0.5,High; decline threshold 0.99,31.5,short and / or deep,-1,FALSE,0,27,31,Ctenochaetus,Striated surgeonfish,0,0,1,reef-associated,WaterAssumed,18.05,medium,reports of ciguatera poisoning,no special ability,0.5019999742507935
1263,Naso hexacanthus,1280,83.25,3.059999942779541,0.33000001311302185,0.023442300036549568,0.10999999940395355,2.950000047683716,0.07129999995231628,0.2199999988079071,10,137,0,150,6.13980631526972,227.658568479474,22.1,27.5,28.9,pelagic,68.26000213623047,-0.624007256986719,26,12.950699806213379,3.908750057220459,2.9995601177215576,0.5,Medium; decline threshold 0.95,5.9,fusiform / normal,-1,FALSE,0,26,29,Naso,Sleek unicornfish,0,1,1,reef-associated,WaterAssumed,42.47,medium,harmless,no special ability,0.5
1265,Naso unicornis,1282,77.69999694824219,2.1700000762939453,0.10999999940395355,0.023988299071788788,0.06319999694824219,2.940000057220459,0.04129999876022339,0.30000001192092896,19,86,0,180,70.8535135569969,4342.62193018558,23.4,27.4,28.8,benthic,62.22999954223633,-0.31165104647459346,28,5.823319911956787,1.6686099767684937,1.4368799924850464,0.5,High; decline threshold 0.99,21,short and / or deep,-1,FALSE,0,27,30,Naso,Bluespine unicornfish,0,0,1,reef-associated,WaterAssumed,32.05,medium,reports of ciguatera poisoning,no special ability,0.5
1267,Acropoma japonicum,1284,9.880000114440918,3.259999990463257,0.4000000059604645,0.012022599577903748,0.11999999731779099,2.990000009536743,0.07620000094175339,0.949999988079071,41,68,35,100,7.74120955593164,140.698533931987,11.8,15.7,21.3,benthic,8.100000381469727,-0.24,8,2.9000000953674316,1.2192599773406982,0.8999999761581421,0.5,High; decline threshold 0.99,6.8,fusiform / normal,-1,FALSE,0,10,10,Acropoma,Glowbelly,0,0,1,bathypelagic,WaterAssumed,14.21,unknown,harmless,no special ability,0.5004000067710876
1287,Plicofollis dussumieri,1304,85,4.019999980926514,0.6200000047683716,0.008709640242159367,0.10499999672174454,3.0199999809265137,0.06930000334978104,0.4099999964237213,23,36,20,50,2.55913945822238,4.38016240397158,25.1,27.4,28.7,pelagic,69.69999694824219,-0.19074018934359405,27,4.094970226287842,1.313230037689209,0.9523289799690247,0.5,High; decline threshold 0.99,7.1,fusiform / normal,-1,FALSE,0,13.611026233487108,15.221931972181268,Plicofollis,Blacktip sea catfish,1,1,1,demersal,WaterAssumed,30.48,medium,traumatogenic,no special ability,0.5038999915122986
1288,Trichiurus lepturus,1305,234,4.420000076293945,0.37299999594688416,3.2359399483539164e-4,0.04019999876618385,3.1700000762939453,0.027000000700354576,0.3799999952316284,100,350,0,589,4.01281090740621,34.4223126803634,10.1,15.2,23.2,pelagic,191.8800048828125,-0.36320637912615444,17.5,9.771929740905762,3.698580026626587,1.9641200304031372,0.5,Medium; decline threshold 0.95,4.2,eel-like,-1,FALSE,0,130,135,Trichiurus,Largehead hairtail,0,1,1,benthopelagic,WaterAssumed,52.45,high,harmless,no special ability,0.5009999871253967
1300,Ariomma indica,1318,30.5,3.630000114440918,0.5,0.020893000066280365,0.08950000256299973,2.930000066757202,0.05530000105500221,1.1100000143051147,20,100,20,300,6.6913297006245704,79.9944422530265,23.6,27.8,29,pelagic,25,-0.15052781090019873,28.700000762939453,2.576740026473999,0.730705976486206,0.6813910007476807,0.5,High; decline threshold 0.99,10.3,short and / or deep,-1,FALSE,0,14,16,Ariomma,Indian driftfish,0,0,1,benthopelagic,WaterAssumed,16.61,high,harmless,no special ability,0.5156000256538391
1303,Atherinomorus lacunosus,1321,25,3.2899999618530273,0.17800000309944153,0.006918310187757015,0.13600000739097595,3.1700000762939453,0.08299999684095383,0.23000000417232513,4,21,1,39,6.42519094474631,525.968842803029,24.9,28,29.1,pelagic,22.68000030517578,-0.76,17,12.300000190734863,3.358180046081543,3.200000047683716,0.5,Medium; decline threshold 0.95,6.2,elongated,-1,FALSE,0,9,10,Atherinomorus,Hardyhead silverside,1,1,1,reef-associated,WaterAssumed,36.52,medium,harmless,no special ability,0.5019999742507935
1307,Hypoatherina temminckii,1325,12,3.4100000858306885,0.44999998807907104,0.005754400044679642,0.18799999356269836,3.1500000953674316,0.10199999809265137,0.44999998807907104,1,5,0,8,5.76667669811607,371.025681206392,25,28.4,29.3,pelagic,9.84000015258789,-0.46,25,6.199999809265137,2.4534900188446045,1.7999999523162842,0.5,High; decline threshold 0.99,16.3,elongated,0,FALSE,0,8,10,Hypoatherina,Samoan silverside,0,0,1,reef-associated,WaterAssumed,27.08,medium,harmless,no special ability,0.5001000165939331
1311,Odonus niger,1329,50,3.3499999046325684,0.4099999964237213,0.03388439863920212,0.11800000071525574,2.940000057220459,0.07519999891519547,0.23000000417232513,16,57,5,110,6.881719462807,644.244988359126,24.9,27.9,29.1,benthic,34.380001068115234,-0.63,25,12.399999618530273,3.67930006980896,2.9000000953674316,0.5,Medium; decline threshold 0.95,5.5,short and / or deep,0,FALSE,0,33,36,Odonus,Red-toothed triggerfish,0,0,1,reef-associated,WaterAssumed,39.31,medium,harmless,no special ability,1
1312,Sufflamen fraenatum,1330,38,3.7300000190734863,0.19900000095367432,0.026915300637483597,0.10700000077486038,2.9200000762939453,0.0689999982714653,0.28999999165534973,18,93,8,186,4.34927406517706,142.061590946294,23.4,27.5,28.9,benthic,34.59000015258789,-0.53,25,9.800000190734863,2.8262100219726563,2.4000000953674316,0.5,Medium; decline threshold 0.95,6.8,short and / or deep,0,FALSE,0,27,31,Sufflamen,Masked triggerfish,0,0,1,reef-associated,WaterAssumed,34.85,medium,harmless,no special ability,0.5311999917030334
1317,Tylosurus melanotus,1335,100,4.340000152587891,0.7599999904632568,0.0014791099820286036,0.14300000667572021,3.069999933242798,0.08340000361204147,0.33000001311302185,0,1,0,1,3.37028741067481,80.9870890698461,28.2,28.8,29.3,pelagic,91,-0.36,25,8.699999809265137,2.794450044631958,1.899999976158142,0.5,High; decline threshold 0.99,6.7,elongated,0,FALSE,0,24,27,Tylosurus,Keeljaw needlefish,1,1,1,reef-associated,WaterAssumed,37.57,medium,harmless,no special ability,0.5009999871253967
1318,Callionymus gardineri,1336,28,3.380000114440918,0.4399999976158142,0.008709640242159367,0.17399999499320984,2.7799999713897705,0.09139999747276306,0.27000001072883606,46,103,30,180,7.37396259139827,112.169124857551,21.1,23.8,26.6,benthic,22.959999084472656,-0.62,25,10.5,2.888819932937622,2.700000047683716,0.5,Medium; decline threshold 0.95,21.6,elongated,0,FALSE,0,9,9,Callionymus,Longtail dragonet,0,0,1,demersal,WaterAssumed,34.71,unknown,harmless,no special ability,0.5
1321,Bothus pantherinus,1339,39,3.5,0.3700000047683716,0.008912510238587856,0.14100000262260437,3.109999895095825,0.08049999922513962,0.11999999731779099,18,74,3,150,6.2180406148739,214.125094698585,18.6,25.1,28.3,benthic,32.63999938964844,-1.32,25,23.700000762939453,6.778840065002441,5.800000190734863,0.5,Low; decline threshold 0.85,6.3,short and / or deep,0,FALSE,0,84,97,Bothus,Leopard flounder,0,0,1,reef-associated,WaterAssumed,56.93,very high,harmless,no special ability,0.5
1324,Engyprosopon grandisquama,1342,15,3.559999942779541,0.38999998569488525,0.009332540445029736,0.11900000274181366,2.990000009536743,0.07620000094175339,0.30000001192092896,28,99,7,200,6.80425200329436,197.084825838282,21.2,26.8,28.3,benthic,12.260000228881836,-0.66,25,9.300000190734863,3.6034998893737793,2.5999999046325684,0.5,Medium; decline threshold 0.95,13.7,short and / or deep,0,FALSE,0,81,87,Engyprosopon,Largescale flounder,0,0,1,reef-associated,WaterAssumed,32.76,very high,harmless,no special ability,0.5
1333,Pseudorhombus elevatus,1351,37.5,3.5,0.3700000047683716,0.006918310187757015,0.05620000138878822,3.1700000762939453,0.025299999862909317,1,28,99,7,200,6.66575918199469,214.125094698585,22.3,26.9,28.4,benthic,31.290000915527344,-0.14490447417994126,25,2.85509991645813,0.9420920014381409,0.7072979807853699,0.5,High; decline threshold 0.99,6.9,short and / or deep,0,FALSE,0,67,74,Pseudorhombus,Deep flounder,0,0,1,demersal,WaterAssumed,19.31,very high,harmless,no special ability,0.5
1342,Pleuronectes platessa,1360,122,3.1700000762939453,0.27000001072883606,0.007762469816952944,0.0272000003606081,3.069999933242798,0.01889999955892563,0.11999999731779099,10,50,0,200,4.65418167932364,336.082858878074,6.8,10.2,12.4,benthic,100,-2.1637162374163115,13,46.2234001159668,14.32129955291748,10.533599853515625,0.5,Low; decline threshold 0.85,3.4200000762939453,short and / or deep,-1,FALSE,0,65,79,Pleuronectes,European plaice,0,1,1,demersal,WaterAssumed,71.05,medium,harmless,no special ability,0.75
1353,Serranus cabrilla,1371,48.79999923706055,3.3499999046325684,0.3199999928474426,0.009120110422372818,0.02800000086426735,2.9800000190734863,0.017899999395012856,0.20000000298023224,63,229,5,500,6.71484017654146,119.667034845107,11.2,14.4,18,benthic,40,-1.0827630606319743,16,18.65410041809082,5.234869956970215,4.752570152282715,0.5,Low; decline threshold 0.85,5.5,fusiform / normal,-1,FALSE,0,13,15,Serranus,Comber,0,0,1,demersal,WaterAssumed,54.73,medium,harmless,no special ability,0.5
1407,Lutjanus argentimaculatus,1456,150,3.5799999237060547,0.49000000953674316,0.015135600231587887,0.025299999862909317,2.9600000381469727,0.011699999682605267,0.1899999976158142,13,59,1,120,4.38937113601324,85.3420281796275,24.3,28,29.1,pelagic,123.08999633789063,-0.6417961415273115,27,15.401000022888184,4.926310062408447,3.2230000495910645,0.5,Medium; decline threshold 0.95,4.5,fusiform / normal,-1,FALSE,-1,13,14,Lutjanus,Mangrove red snapper,1,1,1,reef-associated,WaterAssumed,59.54,very high,reports of ciguatera poisoning,no special ability,0.5
1409,Lutjanus bengalensis,1458,30,3.890000104904175,0.6299999952316284,0.014791100285947323,0.164000004529953,2.9600000381469727,0.08299999684095383,0.4099999964237213,12,21,10,30,6.23061472325598,67.1891152910897,26.7,28.6,29.3,pelagic,24.600000381469727,-0.4,25,6.900000095367432,1.933609962463379,1.7999999523162842,0.5,High; decline threshold 0.99,9.4,fusiform / normal,0,FALSE,0,13,14,Lutjanus,Bengal snapper,0,0,1,reef-associated,WaterAssumed,29.43,high,harmless,no special ability,0.5
1417,Lutjanus bohar,1468,90,4.269999980926514,0.5,0.014791100285947323,0.024700000882148743,2.9600000381469727,0.011500000022351742,0.09000000357627869,10,70,0,180,5.24386833774226,41.1859525273558,24.5,28,29,benthic,75.660003662109375,-1.53339645383562,27.55333360036214,31.4335994720459,9.538579940795898,7.200200080871582,0.5,Low; decline threshold 0.85,5.9,fusiform / normal,-1,FALSE,0,13,14,Lutjanus,Two-spot red snapper,1,1,1,reef-associated,WaterAssumed,68.43,high,reports of ciguatera poisoning,no special ability,0.5
1425,Lutjanus coeruleolineatus,1479,44.20000076293945,3.940000057220459,0.6399999856948853,0.013803799636662006,0.027799999341368675,2.9600000381469727,0.012299999594688416,0.28999999165534973,39,134,10,275,5.73658751252938,60.1747607491453,26.7,28.1,29.2,pelagic,36.2400016784668,-0.54,25,9.800000190734863,2.80679988861084,2.4000000953674316,0.5,Medium; decline threshold 0.95,7.6,fusiform / normal,-1,FALSE,-1,12,14,Lutjanus,Blueline snapper,0,0,1,reef-associated,WaterAssumed,35.55,high,harmless,no special ability,0.5
1452,Chirocentrus nudus,1645,122,4.190000057220459,0.7400000095367432,0.005754400044679642,0.15000000596046448,3,0.09260000288486481,0.23999999463558197,16,73,0,150,5.2167204424379,375.697927008669,24.3,28,29.1,pelagic,100,-0.5168559498647403,12.5,11.879799842834473,4.265530109405518,2.624300003051758,0.5,Medium; decline threshold 0.95,2.6,elongated,-1,FALSE,0,39.62713549076658,45.49841631447087,Chirocentrus,Whitefin wolf-herring,0,0,1,pelagic-neritic,WaterAssumed,52.85,medium,harmless,no special ability,1
1454,Dussumieria elopsoides,1647,24.399999618530273,3.5199999809265137,0.4300000071525574,0.007943280041217804,0.06920000165700912,3.059999942779541,0.04410000145435333,0.550000011920929,5,26,0,50,8.70862841902189,921.526255386283,25.4,28.3,29.1,pelagic,20,-0.30602645811353985,28.700000762939453,5.148519992828369,1.408400058746338,1.3419599533081055,0.5,High; decline threshold 0.99,12.9,fusiform / normal,-1,FALSE,0,16,18,Dussumieria,Slender rainbow sardine,0,0,1,pelagic-neritic,WaterAssumed,24.38,low,harmless,no special ability,0.5019999742507935
1457,Spratelloides delicatulus,1650,21.690000534057617,3.130000114440918,0,0.004897790029644966,0.11299999803304672,3.1700000762939453,0.07490000128746033,2.700000047683716,5,26,0,50,9.68044028264892,1571.44388710104,24.7,28.1,29.1,pelagic,17.780000686645508,-0.07899255721077737,30,1.0321199893951416,0.43566998839378357,0.32771798968315125,0.5,High; decline threshold 0.99,31.2,fusiform / normal,-1,FALSE,0,11,13,Spratelloides,Delicate round herring,0,0,1,reef-associated,WaterAssumed,10.88,low,harmless,no special ability,0.5663999915122986
1458,Spratelloides gracilis,1651,12.8100004196167,3.059999942779541,0,0.005128609947860241,0.10300000011920929,3.109999895095825,0.0681999996304512,1.6799999475479126,4,21,0,40,9.84480786497297,1899.83596446829,24.44478070515482,27.663462152271677,28.716082148882304,pelagic,10.5,-0.12,29.26999988555908,1.7000000476837158,0.67917799949646,0.5,0.5,High; decline threshold 0.99,24.1,fusiform / normal,-1,FALSE,0,12,13,Spratelloides,Silver-stripe round herring,0,0,1,pelagic-neritic,WaterAssumed,10,low,harmless,no special ability,0.5663999915122986
1493,Herklotsichthys punctatus,1686,11.699999809265137,3.0999999046325684,0.2800000011920929,0.008709640242159367,0.12600000202655792,3.049999952316284,0.0771000012755394,1.409999966621399,5,26,0,50,9.82439748388011,1795.37011072369,25.1,28.9,29.4,benthic,9.350000381469727,-0.14,17,2,0.8045430183410645,0.6000000238418579,0.5,High; decline threshold 0.99,23.9,fusiform / normal,-1,FALSE,0,13,21,Herklotsichthys,Spotback herring,0,0,1,pelagic-neritic,WaterAssumed,10,low,harmless,no special ability,0.5001999735832214
1494,Herklotsichthys quadrimaculatus,1687,30.5,3.569999933242798,0.3499999940395355,0.009332540445029736,0.10899999737739563,3.0899999141693115,0.07069999724626541,0.9800000190734863,1,7,0,13,8.00739408717518,721.72667080965,24.9,28.5,29.3,benthic,25,-0.1913620184597337,28,2.8698599338531494,1.1102700233459473,0.8253790140151978,0.5,High; decline threshold 0.99,14.9,fusiform / normal,-1,FALSE,0,16,23,Herklotsichthys,Bluestripe herring,1,1,1,reef-associated,WaterAssumed,17.45,low,potential pest,no special ability,0.5001999735832214
1501,Amblygaster sirm,1694,32.939998626708984,2.890000104904175,0.30000001192092896,0.008128300309181213,0.028999999165534973,3.059999942779541,0.017899999395012856,0.8199999928474426,16,43,10,75,11.3711730393601,3269.24491948312,26.2,28.2,29.1,pelagic,27,-0.12726817527089512,24,2.094949960708618,0.6475099921226501,0.5642560124397278,0.5,High; decline threshold 0.99,12.9,fusiform / normal,-1,FALSE,0,13,21,Amblygaster,Spotted sardinella,0,1,1,reef-associated,WaterAssumed,16.02,low,harmless,no special ability,0.5625
1502,Sardinella albella,1695,15,2.619999885559082,0.14000000059604645,0.005011870060116053,0.09939999878406525,2.990000009536743,0.06520000100135803,1.2999999523162842,5,26,0,50,27.9521697018777,8550.2250672367,24.9,28.2,29.2,pelagic,11.8100004196167,-0.1186869372992365,12.5,1.695099949836731,0.5909510254859924,0.5096319913864136,0.5,High; decline threshold 0.99,28.9,fusiform / normal,-1,FALSE,0,18,20,Sardinella,White sardinella,0,1,1,pelagic-neritic,WaterAssumed,10,medium,harmless,no special ability,0.5
1511,Sardinella longiceps,1704,28.059999465942383,2.440000057220459,0.2199999988079071,0.00676083005964756,0.034299999475479126,3.0299999713897705,0.014999999664723873,0.800000011920929,39,106,20,200,54.4521189630158,17380.2551299719,22.1,24.7,26.7,pelagic,23,-0.1751287573711169,25.976923135610726,2.8248701095581055,0.7889149785041809,0.7651389837265015,0.5,High; decline threshold 0.99,44.4,fusiform / normal,-1,FALSE,0,13,21,Sardinella,Indian oil sardine,0,0,1,pelagic-neritic,WaterAssumed,16.6,low,harmless,no special ability,0.5
6,Coryphaena hippurus,1884,210,4.230000019073486,0.5899999737739563,0.011749000288546085,0.05050000175833702,2.880000114440918,0.034699998795986176,0.8999999761581421,5,10,0,85,3.4540406035136,63.173826074179,18.1,27.4,29.1,benthic,175.35000610351563,-0.13533829764253194,24.93125009536743,3.869999885559082,1.5527199506759644,0.7782139778137207,0.5,High; decline threshold 0.99,8.479999542236328,elongated,-1,FALSE,0,58,66,Coryphaena,Common dolphinfish,0,1,1,pelagic-neritic,WaterAssumed,40.65,high,reports of ciguatera poisoning,no special ability,1
1729,Muraena helena,1925,150,4.179999828338623,0.6100000143051147,5.495409714058042e-4,0.03530000150203705,3.2699999809265137,0.02160000056028366,0.07000000029802322,100,300,1,801,3.42194388810809,88.7933557848058,13.1,14.4,16.2,pelagic,123,-1.2295871417218558,17,32.47829818725586,10.859600067138672,6.410339832305908,0.5,Low; decline threshold 0.85,3.3,eel-like,0,FALSE,0,3.575352750650246,3.763432107790409,Muraena,Mediterranean moray,0,0,1,reef-associated,WaterAssumed,79.49,low,traumatogenic,no special ability,0.5009999871253967
1732,Mola mola,1928,333,3.130000114440918,0.4099999964237213,0.035481300204992294,0.12200000137090683,3.059999942779541,0.08089999854564667,0.15964953089183967,30,70,30,1515,4.54093001119243,160.564745461092,5.3,10.2,20.5,pelagic,279.67999267578125,-0.5989143212507428,18.5,19.53529930114746,7.428279876708984,3.55935001373291,0.5,Low; decline threshold 0.85,1.1,short and / or deep,0,FALSE,0,15,18,Mola,Ocean sunfish,0,0,1,pelagic-oceanic,WaterAssumed,66.61,unknown,poisonous to eat,no special ability,0.6561999917030334
1750,Ranzania laevis,1946,100,3.6600000858306885,0.4699999988079071,0.023442300036549568,0.1850000023841858,3.0299999713897705,0.10499999672174454,0.508144996467097,15,69,1,140,4.62136954566974,169.509515996433,14.7,23.9,27.9,pelagic,82,-0.40166277228068337,17,5.0619560773742025,1.7519571803161573,1.3411258765928022,0.5,"Please enter values for K, tmax.",2.5,short and / or deep,0,FALSE,0,18,18,Ranzania,Slender sunfish,0,0,1,pelagic-oceanic,WaterAssumed,49.99,unknown,harmless,no special ability,1.0312000513076782
1751,Remora remora,1947,86.4000015258789,3.490000009536743,0.3720000088214874,0.0026302700862288475,0.1889999955892563,3.1700000762939453,0.10599999874830246,1.1939119169860988,22,95,0,200,5.53693610096619,96.5961336394068,11.7,24.8,28.2,benthic,73.12999725341797,-0.3464121230226673,17,5.7763809770205805,1.839862737760384,1.532336180911365,0.5,"Please enter values for K, tmax.",3.3,elongated,0,FALSE,0,22,26,Remora,Shark sucker,0,0,1,reef-associated,WaterAssumed,47.51,high,harmless,no special ability,0.5351999998092651
1834,Gymnocranius grandoculis,2030,80,3.4800000190734863,0.5899999737739563,0.019054599106311798,0.11800000071525574,2.890000104904175,0.07320000231266022,0.23000000417232513,36,93,20,170,5.69752724811026,97.9911526437013,21.6,26.8,28.3,pelagic,68.45999908447266,-0.6133837428080694,24,12.430100440979004,3.7143399715423584,2.898560047149658,0.5,Medium; decline threshold 0.95,5.4,fusiform / normal,-1,FALSE,0,10,10,Gymnocranius,Blue-lined large-eye bream,0,0,1,reef-associated,WaterAssumed,41.78,high,harmless,no special ability,0.5005000233650208
1843,Lethrinus mahsena,2039,65,3.680000066757202,0.30000001192092896,0.013489600270986557,0.10700000077486038,3.009999990463257,0.06889999657869339,0.12999999523162842,12,51,2,100,6.15543662860955,105.472492397164,25.4,27.5,29.2,benthic,55.619998931884766,-1.4053331069694803,27,28.59469985961914,8.641810417175293,6.477049827575684,0.5,Low; decline threshold 0.85,5.7,fusiform / normal,-1,FALSE,0,9,9,Lethrinus,Sky emperor,0,0,1,reef-associated,WaterAssumed,64.89,very high,harmless,no special ability,0.5
1844,Lethrinus borbonicus,2040,40,3.4700000286102295,0.4083000123500824,0.013182600028812885,0.1080000028014183,3.0299999713897705,0.06880000233650208,0.5600000023841858,5,21,1,40,6.83690206656132,99.4181400623952,25.5,27.2,29.2,benthic,32.40999984741211,-0.23534454373986546,23.5,4.050370216369629,1.1707600355148315,1.0551199913024902,0.5,High; decline threshold 0.99,8.7,fusiform / normal,-1,FALSE,0,9,9,Lethrinus,Snubnose emperor,0,0,1,reef-associated,WaterAssumed,23.14,very high,harmless,no special ability,0.5
1845,Lethrinus microdon,2041,80,3.7899999618530273,0.5099999904632568,0.013489600270986557,0.043699998408555984,2.9700000286102295,0.0203000009059906,0.2199999988079071,30,101,10,200,4.94511931585256,66.4833409667388,24.7,28.1,29.1,benthic,65.08000183105469,-0.6406919769850513,27.600000381469727,14.359299659729004,4.471489906311035,3.1663498878479004,0.5,Medium; decline threshold 0.95,5.8,fusiform / normal,-1,FALSE,0,9,9,Lethrinus,Smalltooth emperor,0,0,1,reef-associated,WaterAssumed,45.71,very high,reports of ciguatera poisoning,no special ability,0.5
1846,Lethrinus nebulosus,2042,87,3.759999990463257,0.1860000044107437,0.016595900058746338,0.03779999911785126,2.9800000190734863,0.018799999728798866,0.1899999976158142,16,43,10,75,4.87407022564262,68.6493479698623,24.2,28,29,benthic,70.55000305175781,-0.9413056534594417,25.190909125588156,20.086700439453125,6.160729885101318,4.601709842681885,0.5,Low; decline threshold 0.85,5.2,fusiform / normal,-1,FALSE,0,9,9,Lethrinus,Spangled emperor,0,1,1,reef-associated,WaterAssumed,57.3,high,reports of ciguatera poisoning,no special ability,0.5
1847,Lethrinus obsoletus,2043,60,3.890000104904175,0.23999999463558197,0.01148150023072958,0.09130000323057175,2.9800000190734863,0.060499999672174454,0.3799999952316284,3,16,0,30,5.22558175494082,60.1747607491453,26.1,28.5,29.3,benthic,49.20000076293945,-0.4143849371077398,28,7.480350017547607,2.118760108947754,1.87568998336792,0.5,High; decline threshold 0.99,9.3,fusiform / normal,-1,FALSE,0,9,9,Lethrinus,Orange-striped emperor,0,0,1,reef-associated,WaterAssumed,33.45,very high,harmless,no special ability,0.5
1850,Lethrinus variegatus,2046,20,3.5,0.4699999988079071,0.014454400166869164,0.1679999977350235,2.9800000190734863,0.08550000190734863,0.49000000953674316,17,73,1,150,7.44555393069226,95.2320915949854,24.2,27.9,29,benthic,15.859999656677246,-0.37,24,5.800000190734863,2.1459600925445557,1.600000023841858,0.5,High; decline threshold 0.99,9.9,fusiform / normal,-1,FALSE,0,9,9,Lethrinus,Slender emperor,0,0,1,reef-associated,WaterAssumed,25.51,very high,harmless,no special ability,0.5
1851,Lethrinus harak,2047,60.939998626708984,3.5899999141693115,0.4699999988079071,0.014454400166869164,0.03889999911189079,2.9800000190734863,0.019099999219179153,0.3199999928474426,2,11,0,20,6.21977335315809,84.224140080735,25.7,28.5,29.2,benthic,49.189998626708984,-0.33368119401274987,23,6.3329901695251465,1.8484100103378296,1.5600899457931519,0.5,High; decline threshold 0.99,6.3,fusiform / normal,-1,FALSE,0,9,9,Lethrinus,Thumbprint emperor,0,1,1,reef-associated,WaterAssumed,31.04,very high,harmless,no special ability,0.5
1852,Lethrinus xanthochilus,2048,77.69999694824219,3.7899999618530273,0.5099999904632568,0.015135600231587887,0.09000000357627869,2.9600000381469727,0.06030000001192093,0.1899999976158142,16,73,0,150,4.99165583510465,66.4833409667388,24.5,27.9,29,benthic,64.470001220703125,-0.9603774452677133,23,20.46820068359375,6.27603006362915,4.574150085449219,0.5,Low; decline threshold 0.85,4.6,fusiform / normal,-1,FALSE,0,9,9,Lethrinus,Yellowlip emperor,0,0,1,reef-associated,WaterAssumed,57.48,very high,reports of ciguatera poisoning,no special ability,0.5
1862,Lethrinus erythracanthus,2058,70,3.4100000858306885,0.40720000863075256,0.014454400166869164,0.09669999778270721,3.0199999809265137,0.06310000270605087,0.20000000298023224,26,67,15,120,6.04832434195231,108.73198473561,24.2,27.5,28.6,benthic,58.959999084472656,-0.6967152852348043,23,14.303299903869629,4.303329944610596,3.2818000316619873,0.5,Medium; decline threshold 0.95,5.1,fusiform / normal,-1,FALSE,0,9,9,Lethrinus,Orange-spotted emperor,0,0,1,reef-associated,WaterAssumed,46.28,very high,reports of ciguatera poisoning,no special ability,0.5
1863,Lethrinus lentjan,2059,52,3.940000057220459,0.24699999392032623,0.014454400166869164,0.037300001829862595,2.9700000286102295,0.01899999938905239,0.3400000035762787,18,50,10,90,5.39349282306113,57.4108919338698,24.6,28,29,benthic,42.34000015258789,-0.18698323040042597,24.300000190734863,3.3424301147460938,1.0132499933242798,0.8577240109443665,0.5,High; decline threshold 0.99,8.5,fusiform / normal,-1,FALSE,0,9,9,Lethrinus,Pink ear emperor,0,1,1,reef-associated,WaterAssumed,23.16,very high,harmless,no special ability,0.5
1864,Lethrinus olivaceus,2060,100,3.950000047683716,0.38999998569488525,0.014791100285947323,0.03480000048875809,2.9700000286102295,0.018400000408291817,0.1599999964237213,21,89,1,185,4.4244002777936,56.8799225485038,23.3,27.1,28.4,pelagic,82,-0.5105613251045878,29,11.489399909973145,3.5741899013519287,2.5477800369262695,0.5,Medium; decline threshold 0.95,5.9,fusiform / normal,-1,FALSE,0,9,9,Lethrinus,Longface emperor,0,0,1,reef-associated,WaterAssumed,39.66,very high,reports of ciguatera poisoning,no special ability,0.5
1869,Monotaxis grandoculis,2065,60,3.450000047683716,0.4099999964237213,0.019952600821852684,0.055799998342990875,2.9800000190734863,0.03579999879002571,0.2199999988079071,5,30,0,100,6.26342144661591,102.372912168399,24.6,28,29.1,benthic,50,-0.623312555917419,25,12.42020034790039,3.6862499713897705,2.9210500717163086,0.5,Medium; decline threshold 0.95,5.7,fusiform / normal,-1,FALSE,0,10,10,Monotaxis,Humpnose big-eye bream,0,0,1,reef-associated,WaterAssumed,40.13,very high,reports of ciguatera poisoning,no special ability,0.75
1889,Alepes djedaba,2085,40,3.4200000762939453,0.5,0.013182600028812885,0.02500000037252903,2.9600000381469727,0.01489999983459711,0.9900000095367432,5,26,0,50,7.01737692381878,125.944936916809,24.7,28,29,benthic,34.54999923706055,-0.09022683136016751,26,1.7847700119018555,0.6247180104255676,0.44322699308395386,0.5,High; decline threshold 0.99,6.5,fusiform / normal,0,FALSE,0,22,25,Alepes,Shrimp scad,0,0,1,reef-associated,WaterAssumed,18.14,medium,harmless,no special ability,0.5311999917030334
1893,Atule mate,2089,30,4.21999979019165,0.49799999594688416,0.013182600028812885,0.025200000032782555,2.9700000286102295,0.014999999664723873,0.9300000071525574,9,41,1,80,6.63492051269589,43.5730852563977,23.8,28,29.1,pelagic,25,-0.17254759533999384,28,3.088320016860962,0.8906639814376831,0.7995629906654358,0.5,High; decline threshold 0.99,9.7,fusiform / normal,-1,FALSE,0,22,25,Atule,Yellowtail scad,0,1,1,reef-associated,WaterAssumed,17.92,medium,harmless,no special ability,1
1895,Caranx ignobilis,2091,170,4.21999979019165,0.4099999964237213,0.01698240078985691,0.039000000804662704,2.9600000381469727,0.013500000350177288,0.09000000357627869,29,95,10,188,4.05226775814207,43.5730852563977,21.2,26.8,28.4,pelagic,160.64999389648438,-0.9291410895958201,25,26.097900390625,8.901080131530762,5.153820037841797,0.5,Low; decline threshold 0.85,2.7,fusiform / normal,-1,FALSE,0,18,21,Caranx,Giant trevally,0,1,1,reef-associated,WaterAssumed,74.19,high,reports of ciguatera poisoning,no special ability,0.5
1898,Caranx heberi,2094,88,4,0.5699999928474426,0.02041739970445633,0.12300000339746475,2.950000047683716,0.0723000019788742,0.2199999988079071,5,26,0,50,4.99949356512093,73.4604016997017,23.9,27.9,29,pelagic,72.160003662109375,-0.56,25,13.100000381469727,4.1190900802612305,2.799999952316284,0.5,Medium; decline threshold 0.95,4.3,fusiform / normal,0,FALSE,0,19,21,Caranx,Blacktip trevally,0,1,1,reef-associated,WaterAssumed,45.09,high,harmless,no special ability,0.5
1906,Caranx melampygus,2102,129.8699951171875,4.489999771118164,0.7900000214576721,0.01698240078985691,0.04190000146627426,2.9600000381469727,0.01360000018030405,0.1899999976158142,20,91,0,190,5.0051062891749,31.5750572576677,23.2,27.9,29,pelagic,108.83999633789063,-0.791842439595466,25,16.855199813842773,5.154049873352051,3.8035199642181396,0.5,Medium; decline threshold 0.95,5.1,fusiform / normal,-1,FALSE,0,21,24,Caranx,Bluefin trevally,0,1,1,reef-associated,WaterAssumed,58.52,high,reports of ciguatera poisoning,no special ability,0.5
1909,Ferdauia orthogrammus,2105,75,3.9100000858306885,0.5699999928474426,0.013182600028812885,0.02590000070631504,2.9600000381469727,0.01510000042617321,0.25999999046325684,18,81,0,168,5.49871750379233,42.1360426909531,23.7,27.7,29,pelagic,61.5,-0.5,25,11,3.4156699180603027,2.4000000953674316,0.5,Medium; decline threshold 0.95,4.9,fusiform / normal,0,FALSE,0,28,31,Ferdauia,Island trevally,0,0,1,reef-associated,WaterAssumed,39,medium,harmless,no special ability,0.75
1910,Craterognathus plagiotaenia,2106,50,4.03000020980835,0.6700000166893005,0.013182600028812885,0.16300000250339508,2.9600000381469727,0.0851999968290329,0.3799999952316284,22,95,0,200,5.50378778792644,52.8060211546935,22.2,27.1,28.5,pelagic,41,-0.37,25,7.5,2.23826003074646,1.7999999523162842,0.5,High; decline threshold 0.99,6.3,fusiform / normal,0,FALSE,0,22,24,Craterognathus,Barcheek trevally,0,0,1,reef-associated,WaterAssumed,32.39,medium,harmless,no special ability,1
1912,Platycaranx talamparoides,2108,51,4.400000095367432,0.6000000238418579,0.025704000145196915,0.1120000034570694,2.9200000762939453,0.07259999960660934,0.3700000047683716,8,28,4,50,6.60384265436053,35.2762534543707,24.7,28.1,29.1,pelagic,41.81999969482422,-0.38,25,7.699999809265137,2.294790029525757,1.7999999523162842,0.5,High; decline threshold 0.99,5.2,short and / or deep,-1,FALSE,0,15.820678995697234,17.677311296553587,Platycaranx,Imposter trevally,0,0,1,reef-associated,WaterAssumed,32.8,medium,harmless,no special ability,0.625
1916,Atropus armatus,2112,58,4.150000095367432,0.5299999713897705,0.019054599106311798,0.10400000214576721,2.9600000381469727,0.06710000336170197,0.33000001311302185,7,31,1,59,5.6103858009227,46.472347647277,24.7,28.4,29.2,pelagic,45.06999969482422,-0.41,28.700000762939453,8.699999809265137,2.6129701137542725,2,0.5,High; decline threshold 0.99,6.7,fusiform / normal,-1,FALSE,0,19,22,Atropus,Longfin trevally,0,1,1,reef-associated,WaterAssumed,34.88,medium,harmless,no special ability,0.5311999917030334
1917,Caranx sexfasciatus,2113,120,4.5,0.5709999799728394,0.017378000542521477,0.042899999767541885,2.9600000381469727,0.013799999840557575,0.23999999463558197,15,71,0,146,5.1537129045708,31.1867268214554,22.3,27.3,28.9,benthic,104.87999725341797,-0.5139269094694736,29,11.986100196838379,3.7818799018859863,2.6089398860931396,0.5,Medium; decline threshold 0.95,5.7,fusiform / normal,-1,FALSE,0,19,22,Caranx,Bigeye trevally,1,1,1,reef-associated,WaterAssumed,45.19,high,reports of ciguatera poisoning,no special ability,0.5
1920,Kaiwarinus equula,2116,55.5,4.019999980926514,0.6700000166893005,0.013489600270986557,0.02630000002682209,2.9600000381469727,0.015699999406933784,0.4000000059604645,78,140,60,226,5.35172982642245,53.3025974833986,17.4,20.6,24.4,pelagic,45.5099983215332,-0.4096211820581955,28,7.0903801918029785,1.9712799787521362,1.8200000524520874,0.5,High; decline threshold 0.99,9.4,fusiform / normal,0,FALSE,0,23,25,Kaiwarinus,Whitefin trevally,0,0,1,reef-associated,WaterAssumed,32.33,medium,harmless,no special ability,1
1921,Ferdauia ferdau,2117,70,4.309999942779541,0.48100000619888306,0.013803799636662006,0.026399999856948853,2.9700000286102295,0.015599999576807022,0.20999999344348907,6,31,0,60,5.81795165869918,39.311791088148,24.7,28.1,29.1,benthic,57.900001525878906,-0.5880844287186303,29,13.697600364685059,4.326429843902588,2.9664599895477295,0.5,Medium; decline threshold 0.95,5.2,fusiform / normal,0,FALSE,0,26,34,Ferdauia,Blue trevally,0,1,1,reef-associated,WaterAssumed,43.95,medium,reports of ciguatera poisoning,no special ability,0.75
1923,Flavocaranx bajad,2119,55,4.260000228881836,0.5899999737739563,0.01288249995559454,0.026399999856948853,2.9600000381469727,0.01549999974668026,0.3400000035762787,9,36,2,70,5.32296870750866,55.8353781533746,25.5,28.5,29.2,pelagic,45.099998474121094,-0.5575138682396733,27.5,11.942500114440918,3.6462900638580322,2.7023699283599854,0.5,Medium; decline threshold 0.95,9,fusiform / normal,-1,FALSE,0,24,26,Flavocaranx,Orangespotted trevally,0,0,1,reef-associated,WaterAssumed,38.55,medium,harmless,no special ability,1
1924,Turrum coeruleopinnatum,2120,41,4.440000057220459,0.7300000190734863,0.026302700862288475,0.0494999997317791,2.890000104904175,0.031300000846385956,0.7099999785423279,7,31,1,60,7.0024178175549,33.5859995949953,24.4,27.8,28.9,benthic,33.619998931884766,-0.1892709957302899,25,4.0360798835754395,1.3336399793624878,0.942762017250061,0.5,High; decline threshold 0.99,5.6,short and / or deep,-1,FALSE,0,20,23,Turrum,Coastal trevally,0,0,1,reef-associated,WaterAssumed,23.65,medium,harmless,no special ability,0.625
1926,Turrum fulvoguttatum,2122,133.1999969482422,4.429999828338623,0.5389999747276306,0.014125400222837925,0.09080000221729279,2.9200000762939453,0.06030000001192093,0.15000000596046448,11,50,1,100,4.90998140921559,34.0019139907015,23.3,27.9,29.1,pelagic,109.22000122070313,-0.77,25,19.200000762939453,6.257500171661377,4,0.5,Low; decline threshold 0.85,4.3,fusiform / normal,0,FALSE,0,25,30,Turrum,Yellowspotted trevally,0,0,1,reef-associated,WaterAssumed,66.28,medium,harmless,no special ability,0.625
1930,Atropus mentalis,2126,100,3.680000066757202,0.5099999904632568,0.030903000384569168,0.1289999932050705,2.880000114440918,0.07829999923706055,0.20000000298023224,5,26,0,50,4.83375360204939,75.2205338608996,24.6,28.2,29.2,pelagic,82,-0.6,25,14.399999618530273,4.60483980178833,3.0999999046325684,0.5,Medium; decline threshold 0.95,4.1,short and / or deep,0,FALSE,0,21,22,Atropus,Longrakered trevally,0,0,1,reef-associated,WaterAssumed,49.35,medium,harmless,no special ability,0.5311999917030334
1938,Decapterus macrosoma,2134,35,3.4000000953674316,0.44999998807907104,0.009772369638085365,0.035100001841783524,2.9700000286102295,0.013700000010430813,0.8799999952316284,30,70,20,214,7.12002489711017,110.427085306918,22.1,27.3,28.6,pelagic,32.25,-0.11924090099594399,26.73421066685727,1.949720025062561,0.5787360072135925,0.5370060205459595,0.5,High; decline threshold 0.99,13.4,fusiform / normal,-1,FALSE,0,33,38,Decapterus,Shortfin scad,0,0,1,reef-associated,WaterAssumed,16.49,medium,harmless,no special ability,0.5005000233650208
1947,Parastromateus niger,2143,75,2.930000066757202,0.353300005197525,0.02511890046298504,0.040800001472234726,2.890000104904175,0.026200000196695328,0.46000000834465027,15,40,15,105,7.46211876031974,341.971061930582,24.3,28.1,29.1,pelagic,60.709999084472656,-0.38233671250588347,26.079999923706055,7.951000213623047,2.3881399631500244,1.8524099588394165,0.5,High; decline threshold 0.99,6.1,short and / or deep,-1,FALSE,0,41,46,Parastromateus,Black pomfret,0,1,1,reef-associated,WaterAssumed,35.14,high,harmless,no special ability,1
1950,Scomberoides commersonnianus,2146,120,4.360000133514404,0.44999998807907104,0.010964799672365189,0.09000000357627869,2.9200000762939453,0.0625,0.23999999463558197,5,26,0,50,4.97349021352437,37.0336812322878,24.2,28.1,29.1,benthic,99.33000183105469,-0.8440191497437805,26,21.214799880981445,6.930369853973389,4.233920097351074,0.5,Low; decline threshold 0.85,4.2,fusiform / normal,-1,FALSE,0,19,21,Scomberoides,Talang queenfish,0,1,1,reef-associated,WaterAssumed,63.45,high,harmless,no special ability,0.5625
1951,Scomberoides lysan,2147,110,3.8399999141693115,0.6000000238418579,0.00954992976039648,0.05130000039935112,2.9200000762939453,0.0333000011742115,0.33000001311302185,10,50,0,100,4.3371559155078,52.3119075684073,25.2,28,29,pelagic,87.88999938964844,-0.38373575883059696,29,8.707169532775879,2.7086100578308105,1.937440037727356,0.5,High; decline threshold 0.99,6.9,fusiform / normal,0,FALSE,0,19,21,Scomberoides,Doublespotted queenfish,0,1,1,reef-associated,WaterAssumed,39.51,medium,other,no special ability,0.5625
1962,Seriolina nigrofasciata,2158,77.5,4.230000019073486,0.5699999928474426,0.023442300036549568,0.15199999511241913,2.930000066757202,0.09459999948740005,0.25,33,84,20,150,5.3501040128247,45.9879781955967,21.9,27,28.3,benthic,63,-0.51,25,11.5,3.5766100883483887,2.5,0.5,Medium; decline threshold 0.95,4.9,short and / or deep,-1,FALSE,0,30,37,Seriolina,Blackbanded trevally,0,1,1,reef-associated,WaterAssumed,40.5,low,harmless,no special ability,1
1963,Trachinotus blochii,2159,122.0999984741211,3.7899999618530273,0.4099999964237213,0.026302700862288475,0.12999999523162842,2.8299999237060547,0.07760000228881836,0.17000000178813934,1,5,1,7,4.36838555769547,70.1784086023141,24.8,28.4,29.3,benthic,100.12000274658203,-0.69,25,17,5.463160037994385,3.5999999046325684,0.5,Medium; decline threshold 0.95,4.2,short and / or deep,-1,FALSE,0,18,20,Trachinotus,Snubnose pompano,0,1,1,reef-associated,WaterAssumed,61.7,high,reports of ciguatera poisoning,no special ability,0.5
1978,Trachinotus baillonii,2174,60,3.549999952316284,0.5199999809265137,0.01288249995559454,0.18400000035762787,2.940000057220459,0.10100000351667404,0.3199999928474426,0,2,0,3,6.02132656135408,87.6534355425878,24.7,28.4,29.3,benthic,45.439998626708984,-0.42,25,9,2.7162299156188965,2.0999999046325684,0.5,High; decline threshold 0.99,6.2,fusiform / normal,0,FALSE,0,20,24,Trachinotus,Small spotted dart,0,1,1,reef-associated,WaterAssumed,35.47,medium,harmless,no special ability,0.5
1982,Trachurus indicus,2178,35,3.75,0.5,0.011749000288546085,0.09109999984502792,2.9600000381469727,0.0632999986410141,0.27000001072883606,5.56799582022411,19.921736702328,2.439168815977767,400,6.16696004417511,69.4049776044116,25.463736235569566,27.48573820661523,28.904204980619724,benthic,28.700000762939453,-0.3971096762071027,29,7.295199871063232,2.0810298919677734,1.810610055923462,0.5,High; decline threshold 0.99,9.8,fusiform / normal,0,FALSE,0,9.21285663536461,10.205175817629113,Trachurus,Arabian scad,0,0,1,reef-associated,WaterAssumed,30.61,medium,harmless,no special ability,0.5001000165939331
1983,Uraspis helvola,2179,58,3.7799999713897705,0.5800999999046326,0.014125400222837925,0.11800000071525574,2.950000047683716,0.0722000002861023,0.33000001311302185,78,168,50,300,5.46087464374337,67.1891152910897,14.5,20.2,26.8,pelagic,43.5,-0.41,23,8.699999809265137,2.6129701137542725,2,0.5,High; decline threshold 0.99,5.3,fusiform / normal,-1,TRUE,0,25,30,Uraspis,Whitetongue jack,0,0,1,reef-associated,WaterAssumed,34.88,medium,harmless,no special ability,0.625
1984,Uraspis uraspis,2180,31.079999923706055,4.119999885559082,0.47999998927116394,0.013182600028812885,0.16300000250339508,2.9600000381469727,0.0851999968290329,0.5899999737739563,32,79,20,140,6.09842221959939,50.841101056252,22.9,27.2,28.3,benthic,25.489999771118164,-0.28,8,4.800000190734863,1.3257299661636353,1.2000000476837158,0.5,High; decline threshold 0.99,10.5,short and / or deep,0,FALSE,0,9,9,Uraspis,Whitemouth jack,0,0,1,reef-associated,WaterAssumed,25.43,medium,harmless,no special ability,0.625
2061,Mobula birostris,2256,131.9499969482422,3.4600000381469727,0.4964999854564667,0.009999999776482582,0.31299999356269836,3.0399999618530273,0.11900000274181366,0.1599999964237213,126,434,0,1000,0.812004341760087,169.243123773465,22.8,27.6,29,pelagic,108.19999694824219,-0.43950625251151093,17,18.07819938659668,8.081809997558594,3.0453600883483887,0.5,Medium; decline threshold 0.95,0.8,other,0,FALSE,0,17.100337551896466,18.54731394784314,Mobula,Oceanic manta ray,0,0,1,reef-associated,WaterAssumed,62.23,medium,harmless,no special ability,0.5019999742507935
2062,Torpedo torpedo,2257,60,4.349999904632568,0.7599999904632568,0.015488199889659882,0.05790000036358833,2.950000047683716,0.03799999877810478,0.10999999940395355,48,70,2,400,3.36816837576184,80.5105602984483,13,15.6,20.9,benthic,55.20000076293945,-1.4224147748357754,14,25.850299835205078,7.450129985809326,6.219649791717529,0.5,Low; decline threshold 0.85,4.1,fusiform / normal,-0.5599035752971308,FALSE,-0.17838554831800157,10.684324077784018,12.098175084061648,Torpedo,Common torpedo,0,0,1,demersal,WaterAssumed,65.3,medium,other,strongly discharging,0.5005000233650208
2081,Rhincodon typus,2276,2000,3.549999952316284,0.5400000214576721,0.0038904501125216484,0.17100000381469727,3.119999885559082,0.09000000357627869,0.029999999329447746,0,100,0,1928,5.09595217218963,237.298413787098,19.6,27.3,29,pelagic,1640,-1.2120700784263612,18,57.61149978637695,23.855199813842773,8.973210334777832,0.5,Very low; decline threshold 0.70,0.8,elongated,0,FALSE,0,0,0,Rhincodon,Whale shark,0,0,1,pelagic-oceanic,WaterAssumed,86.63,unknown,harmless,electrosensing only,1.5
2467,Echeneis naucrates,2661,110,3.680000066757202,0.2549999952316284,0.0026302700862288475,0.1889999955892563,3.1700000762939453,0.10599999874830246,1.2028703665025409,9,43,1,85,4.67360849541374,75.2205338608996,18.3,27.2,28.6,pelagic,95.55000305175781,-0.2154635199897748,17,3.4103110960030696,1.24823613647344,0.9487573868874489,0.5,"Please enter values for K, tmax.",3.4,elongated,0,FALSE,0,32,42,Echeneis,Live sharksucker,0,1,1,reef-associated,WaterAssumed,54.09,high,harmless,no special ability,0.7538999915122986
2588,Mobula thurstoni,2784,131.9499969482422,3.0999999046325684,0.30000001192092896,0.009999999776482582,0.31299999356269836,3.0399999618530273,0.11900000274181366,0.3880914665367484,10,50,0,100,0.859761441288449,341.726552166839,21.6,27.8,29.1,pelagic,108.19999694824219,-0.5232548359742649,17,17.611905672405022,6.576520205772555,3.2750625536935476,0.5,"Please enter values for K, tmax.",1.8,other,0,FALSE,0,14.869696888509976,16.046592874138458,Mobula,Bentfin devil ray,0,0,1,pelagic-oceanic,WaterAssumed,79.17,medium,harmless,no special ability,0.5019999742507935
2650,Myrichthys maculosus,2846,100,3.549999952316284,0.46000000834465027,9.332540212199092e-4,0.18199999630451202,2.990000009536743,0.09989999979734421,0.23000000417232513,29,123,0,262,5.050781765542,229.753934162614,19.2,26.1,28.2,benthic,100,-0.52,25,12.5,4.005949974060059,2.700000047683716,0.5,Medium; decline threshold 0.95,4.6,eel-like,0,FALSE,0,0,0,Myrichthys,Tiger snake eel,0,0,1,reef-associated,WaterAssumed,45.04,unknown,harmless,no special ability,0.5005000233650208
3089,Histrio histrio,3285,20,3.930000066757202,0.6299999952316284,0.026915300637483597,0.20999999344348907,2.9600000381469727,0.11500000208616257,0.4663382500460751,0,2,0,50,3.75175268968689,105.000107906802,21.4,27.7,29.2,pelagic,12.180000305175781,-0.5160782520999492,17,6.738123557491933,2.643692954056187,2.036249716679556,0.5,"Please enter values for K, tmax.",7.9,short and / or deep,-1,FALSE,-1,11,13,Histrio,Sargassumfish,0,0,1,reef-associated,WaterAssumed,10,unknown,reports of ciguatera poisoning,no special ability,1
3156,Euleptorhamphus viridis,3352,53,3.4000000953674316,0.44999998807907104,0.001023289980366826,0.17499999701976776,3.059999942779541,0.08959999680519104,0.49000000953674316,0,1,0,1,5.81767214860472,382.417005840191,20.2,26.9,29.2,pelagic,48.9900016784668,-0.28,17,5.800000190734863,1.747789978981018,1.399999976158142,0.5,High; decline threshold 0.99,4.4,eel-like,0,FALSE,0,21,25,Euleptorhamphus,Ribbon halfbeak,0,0,1,pelagic-oceanic,WaterAssumed,28.32,unknown,harmless,no special ability,0.75
3276,Fistularia petimba,3472,200,4.429999828338623,0.4620000123977661,5.754400044679642e-4,0.0729999989271164,3,0.0494999997317791,0.25999999046325684,18,57,10,200,3.34827130367538,76.633517947513,21.3,27.5,29,pelagic,164.75999450683594,-0.38,25,11.199999809265137,3.8284499645233154,2.200000047683716,0.5,Medium; decline threshold 0.95,5.2,elongated,-1,FALSE,0,13,15,Fistularia,Red cornetfish,0,1,1,reef-associated,WaterAssumed,53.98,unknown,harmless,no special ability,0.625
3542,Rachycentron canadum,3738,200,4.21999979019165,0.5899999737739563,0.004897790029644966,0.06920000165700912,3.109999895095825,0.04619999974966049,0.3499999940395355,155,515,0,1200,3.52447880844724,63.8084559383124,8.1,12.9,19.8,benthic,177.97000122070313,-0.22713436821438027,26,5.895309925079346,2.065579891204834,1.2339600324630737,0.5,High; decline threshold 0.99,5.1,elongated,0,FALSE,0,26,33,Rachycentron,Cobia,0,1,1,reef-associated,WaterAssumed,42.21,high,harmless,no special ability,0.75
3546,Remora brachyptera,3742,50,3.4600000381469727,0.4300000071525574,0.0026302700862288475,0.1889999955892563,3.1700000762939453,0.10599999874830246,1.2468780917168671,22,96,1,200,6.54064844375321,100.878264089392,7.9,23.4,28.1,benthic,44.77000045776367,-0.37865914168191717,17,4.234702337192072,1.6848540764829778,1.238234457067713,0.5,"Please enter values for K, tmax.",10,elongated,0,FALSE,0,27,34,Remora,Spearfish remora,0,0,1,pelagic-oceanic,WaterAssumed,27.83,high,harmless,no special ability,0.5351999998092651
3548,Remora albescens,3744,36.599998474121094,3.4200000762939453,0.4300000071525574,0.0026302700862288475,0.1889999955892563,3.1700000762939453,0.10599999874830246,1.2877779188358527,22,95,0,200,7.03849291753176,107.08122617311,16.7,25.7,28.2,benthic,30,-0.3405661849506756,17,4.226042772521254,1.6816547342432016,1.2359250210240134,0.5,"Please enter values for K, tmax.",13.6,elongated,0,FALSE,0,17,22,Remora,White suckerfish,0,0,1,pelagic-oceanic,WaterAssumed,26.6,high,harmless,no special ability,0.5351999998092651
3561,Taractichthys steindachneri,3757,60,4.139999866485596,0.6200000047683716,0.017782799899578094,0.18700000643730164,2.9600000381469727,0.10400000214576721,0.2199999988079071,129,339,50,700,5.83413048512487,42.6136579485728,10.7,15.2,21.6,pelagic,49.20000076293945,-0.63,25,13,3.9317901134490967,3,0.5,Medium; decline threshold 0.95,13.7,short and / or deep,-1,FALSE,0,33,37,Taractichthys,Sickle pomfret,0,0,1,benthopelagic,WaterAssumed,42.33,high,harmless,no special ability,0.75
4274,Aluterus monoceros,4470,76.19999694824219,2,0.07999999821186066,0.019054599106311798,0.10599999874830246,2.890000104904175,0.06989999860525131,0.2199999988079071,9,41,1,80,66.9246566963905,4816.37077428873,22.8,27.6,29,benthic,62.47999954223633,-0.622647043872549,17,13.013699531555176,4.0171098709106445,2.9739298820495605,0.5,Medium; decline threshold 0.95,3.6,short and / or deep,0,FALSE,0,45,52,Aluterus,Unicorn leatherjacket filefish,0,0,1,reef-associated,WaterAssumed,47.86,unknown,reports of ciguatera poisoning,no special ability,0.5625
4275,Aluterus scriptus,4471,110,2.809999942779541,0.3700000047683716,0.009332540445029736,0.12300000339746475,2.869999885559082,0.07699999958276749,0.10000000149011612,3,20,3,120,12.5073167261837,2395.93282047768,22.6,27.4,29,benthic,90.19999694824219,-1.2,17,28.799999237060547,9.260370254516602,6.099999904632568,0.5,Low; decline threshold 0.85,10.8,short and / or deep,0,FALSE,0,43,50,Aluterus,Scrawled Filefish,0,0,1,reef-associated,WaterAssumed,67.69,unknown,reports of ciguatera poisoning,no special ability,0.5625
4278,Canthidermis maculata,4474,50,3.4700000286102295,0.44999998807907104,0.023988299071788788,0.12399999797344208,2.869999885559082,0.07819999754428864,0.23000000417232513,12,55,1,110,5.47026408598676,307.621854702729,23,27.7,29,benthic,41.459999084472656,-0.63,17,12.399999618530273,3.67930006980896,2.9000000953674316,0.5,Medium; decline threshold 0.95,4.1,short and / or deep,0,FALSE,0,23,25,Canthidermis,Rough triggerfish,0,0,1,reef-associated,WaterAssumed,44.41,medium,reports of ciguatera poisoning,no special ability,0.5311999917030334
4322,Istigobius ornatus,4511,11,4.300000190734863,0.25999999046325684,0.010964799672365189,0.11500000208616257,3.0399999618530273,0.07429999858140945,0.6700000166893005,0,3,0,5,7.76817222749197,95.2320915949854,25.5,28.5,29.3,benthic,8.4399995803833,-0.31,25,4.199999809265137,1.6844500303268433,1.2999999523162842,0.5,High; decline threshold 0.99,16.5,fusiform / normal,-1,FALSE,0,10,12,Istigobius,Ornate goby,0,1,1,reef-associated,WaterAssumed,21.46,very high,harmless,no special ability,0.5001999735832214
4328,Istigobius decoratus,4516,13,3.359999895095825,0.3499999940395355,0.008912510238587856,0.11100000143051147,2.9100000858306885,0.07150000333786011,0.5699999928474426,1,18,1,25,7.88833147855178,108.73198473561,24.6,28.3,29.3,benthic,10.65999984741211,-0.35,25,4.900000095367432,1.9358099699020386,1.399999976158142,0.5,High; decline threshold 0.99,34.4,fusiform / normal,-1,FALSE,0,10,11,Istigobius,Decorated goby,0,0,1,reef-associated,WaterAssumed,23.67,very high,harmless,no special ability,0.5001999735832214
4351,Stegastes punctatus,4536,15.859999656677246,2.049999952316284,0,0.023988299071788788,0.11800000071525574,2.9600000381469727,0.0722000002861023,0.4300000071525574,1,3,1,5,130.384342973774,6566.26125664908,25.5,28.2,29.3,benthic,13,-0.47,25,6.5,2.560029983520508,1.899999976158142,0.5,High; decline threshold 0.99,32.2,short and / or deep,-1,TRUE,0,14,16,Stegastes,Bluntsnout gregory,0,0,1,reef-associated,WaterAssumed,29.99,unknown,traumatogenic,no special ability,0.5
4352,Stegastes nigricans,4537,14,2.109999895095825,0,0.024547100067138672,0.11100000143051147,3.0199999809265137,0.0706000030040741,0.800000011920929,2,7,1,12,114.472372701398,5500.77798616405,25,28.4,29.3,benthic,11.460000038146973,-0.1664915264112288,28.700000762939453,2.5607800483703613,0.9822760224342346,0.713142991065979,0.5,High; decline threshold 0.99,30.5,short and / or deep,-1,TRUE,0,15,17,Stegastes,Dusky farmerfish,0,0,1,reef-associated,WaterAssumed,12.75,unknown,traumatogenic,no special ability,0.5
4358,Calotomus viridescens,4553,25.6200008392334,2,0,0.021877599880099297,0.1509999930858612,2.950000047683716,0.09040000289678574,0.38999998569488525,4,16,1,30,133.454410510847,7174.0628815569,24.8,27.5,29.2,benthic,21,-0.46,25,7.199999809265137,2.697690010070801,2,0.5,High; decline threshold 0.99,25.5,short and / or deep,-1,FALSE,0,10,10,Calotomus,Viridescent parrotfish,0,0,1,reef-associated,WaterAssumed,32.76,high,harmless,no special ability,0.5311999917030334
4360,Leptoscarus vaigiensis,4555,35.20000076293945,2,0,0.009772369638085365,0.0892999991774559,2.9800000190734863,0.060100000351667404,0.28999999165534973,2,9,1,15,127.623148690483,7174.0628815569,24.3,28.2,29.3,benthic,28.700000762939453,-0.54,14.300000190734863,9.800000190734863,2.7925500869750977,2.4000000953674316,0.5,Medium; decline threshold 0.95,11.2,fusiform / normal,-1,FALSE,0,10,10,Leptoscarus,Marbled parrotfish,0,0,1,reef-associated,WaterAssumed,34.82,high,harmless,no special ability,1
4362,Pseudamia gelatinosa,4557,11,3.5199999809265137,0.49000000953674316,0.0038904501125216484,0.17100000381469727,3.119999885559082,0.09000000357627869,0.8799999952316284,1,40,1,64,7.7110171812749,92.5934389776247,24.7,27.6,29,benthic,8.829999923706055,-0.24,25,3.200000047683716,1.278499960899353,1,0.5,High; decline threshold 0.99,17.3,elongated,-1,FALSE,0,8,8,Pseudamia,Gelatinous cardinalfish,0,0,1,reef-associated,WaterAssumed,15.39,high,harmless,no special ability,0.5077999830245972
4372,Pervagor randalli,4567,8.170000076293945,2.9200000762939453,0.4099999964237213,0.019498400390148163,0.16300000250339508,2.930000066757202,0.09109999984502792,1.1299999952316284,14,31,10,50,10.4478740090275,1798.55723967482,25.5,27.9,29.4,benthic,6.699999809265137,-0.21,25,2.4000000953674316,1.0544699430465698,0.800000011920929,0.5,High; decline threshold 0.99,51.2,short and / or deep,-1,FALSE,0,29,31,Pervagor,Marginate dascyllus,0,0,1,reef-associated,WaterAssumed,12.01,unknown,harmless,no special ability,0.5038999915122986
4374,Ptereleotris arabica,4569,13.65999984741211,3.390000104904175,0.4399999976158142,0.0038904501125216484,0.17100000381469727,3.119999885559082,0.09000000357627869,1.4728517675731467,3,9,2,15,7.89176348680361,112.169124857551,24.5,26.1,27.9,pelagic,11.199999809265137,-0.2300072923963442,17,2.7561096914880556,1.1929021489874414,0.9000374196277579,0.5,"Please enter values for K, tmax.",24.8,elongated,-1,FALSE,0,26,29,Ptereleotris,Arabian dartfish,0,0,1,demersal,WaterAssumed,10,unknown,harmless,no special ability,0.5
4375,Ptereleotris evides,4570,14,3.4000000953674316,0.44999998807907104,0.0038904501125216484,0.17100000381469727,3.119999885559082,0.09000000357627869,0.8609454130113475,2,15,0,30,7.86588415196786,110.427085306918,25.8,28.5,29.3,pelagic,11.489999771118164,-0.3659175162507989,25,3.314677397308254,1.6572223943213595,1.3242629758983369,0.5,"Please enter values for K, tmax.",14.9,elongated,-1,FALSE,0,23,26,Ptereleotris,Blackfin dartfish,0,0,1,reef-associated,WaterAssumed,10,unknown,harmless,no special ability,0.5
4378,Ptereleotris heteroptera,4573,14,3.4000000953674316,0.44999998807907104,0.0038904501125216484,0.17100000381469727,3.119999885559082,0.09000000357627869,0.8616706005748717,5,15,5,80,7.86588415196786,110.427085306918,24.5,28.1,29.2,pelagic,11.819999694824219,-0.366696442180411,25,3.316696815889037,1.659656493304096,1.3264931898720789,0.5,"Please enter values for K, tmax.",14.9,elongated,-1,FALSE,0,29,33,Ptereleotris,Blacktail goby,0,0,1,reef-associated,WaterAssumed,10,unknown,harmless,no special ability,0.5
4381,Ptereleotris microlepis,4576,13,3.380000114440918,0.4399999976158142,0.0038904501125216484,0.17100000381469727,3.119999885559082,0.09000000357627869,1.0137689969176438,1,10,1,50,7.9283380971937,113.960964561367,25,28.4,29.3,pelagic,10.420000076293945,-0.3673251814261008,25,3.3119117052138565,1.6603606810813365,1.3276396005524684,0.5,"Please enter values for K, tmax.",34.4,elongated,-1,FALSE,0,25,29,Ptereleotris,Blue gudgeon,0,0,1,reef-associated,WaterAssumed,10,unknown,harmless,no special ability,0.5
4384,Ptereleotris zebra,4579,14.640000343322754,3.4000000953674316,0.44999998807907104,0.0038904501125216484,0.17100000381469727,3.119999885559082,0.09000000357627869,0.8615474012098859,2,4,2,31,7.84221542943814,110.427085306918,25,28.2,29.3,pelagic,12,-0.366206440598811,25,3.3148496688437805,1.6580048189797099,1.3250245171330137,0.5,"Please enter values for K, tmax.",16.3,elongated,-1,FALSE,0,27,29,Ptereleotris,Chinese zebra goby,0,0,1,reef-associated,WaterAssumed,10,unknown,harmless,no special ability,0.5
4387,Cirripectes castaneus,4582,11.220000267028809,2,0,0.00954992976039648,0.13600000739097595,3.0299999713897705,0.08370000123977661,0.6100000143051147,0,10,0,32,142.848330995564,7174.0628815569,24.3,28.2,29.3,benthic,9.199999809265137,-0.36,25,4.599999904632568,1.8959699869155884,1.399999976158142,0.5,High; decline threshold 0.99,42.2,elongated,-1,FALSE,0,13,15,Cirripectes,Chestnut eyelash-blenny,0,1,1,reef-associated,Facultative,23.74,unknown,harmless,no special ability,0.5
4389,Cirripectes filamentosus,4584,9.149999618530273,2,0,0.00758578022941947,0.17399999499320984,3,0.09589999914169312,0.7400000095367432,2,7,0,20,144.24466604013,7174.0628815569,26.4,28.7,29.3,benthic,7.5,-0.31,25,3.700000047683716,1.5975799560546875,1.2000000476837158,0.5,High; decline threshold 0.99,54.5,elongated,-1,FALSE,0,13,16,Cirripectes,Filamentous blenny,0,0,1,reef-associated,FacultativeGenus,19.23,unknown,harmless,no special ability,0.5
4407,Suezichthys gracilis,4602,16,3.3399999141693115,0.41999998688697815,0.004265789873898029,0.210999995470047,3.1500000953674316,0.11699999868869781,0.6000000238418579,2,6,1,10,7.8528992669226,121.690915923729,19.5,25.7,27.8,benthic,13.350000381469727,-0.32,10,4.699999809265137,1.8040800094604492,1.2999999523162842,0.5,High; decline threshold 0.99,6.1,elongated,-1,FALSE,0,11,11,Suezichthys,Slender wrasse,0,0,1,reef-associated,WaterAssumed,23.01,very high,harmless,no special ability,0.5001999735832214
4409,Suezichthys caudavittatus,4604,12,3.4600000381469727,0.47999998927116394,0.004265789873898029,0.210999995470047,3.1500000953674316,0.11699999868869781,0.7799999713897705,58,90,50,130,7.83122053685803,100.878264089392,21.1,23.4,25.7,benthic,9.84000015258789,-0.26,25,3.5999999046325684,1.4208600521087646,1.100000023841858,0.5,High; decline threshold 0.99,16.3,elongated,-1,FALSE,0,11,11,Suezichthys,Spottail wrasse,0,0,1,demersal,WaterAssumed,17.67,very high,harmless,no special ability,0.5001999735832214
4413,Suezichthys russelli,4608,7.5,3.3399999141693115,0.4699999988079071,0.004265789873898029,0.210999995470047,3.1500000953674316,0.11699999868869781,1.2000000476837158,15,52,5,100,8.1731874916975,121.690915923729,25.1,27,28.6,benthic,6.159999847412109,-0.19,25,2.299999952316284,0.9863430261611938,0.699999988079071,0.5,High; decline threshold 0.99,21.8,elongated,-1,FALSE,0,11,11,Suezichthys,Russell's wrasse,0,0,1,demersal,WaterAssumed,11.53,very high,harmless,no special ability,0.5001999735832214
4428,Haliophis guttatus,4623,15.5,3.759999990463257,0.6200000047683716,0.001023289980366826,0.17499999701976776,3.059999942779541,0.08959999680519104,0.5,2,9,1,15,6.73362282126937,68.6493479698623,25,27.5,29.1,benthic,13.329999923706055,-0.39,25,5.599999904632568,2.1633501052856445,1.600000023841858,0.5,High; decline threshold 0.99,14,eel-like,-1,FALSE,0,41,46,Haliophis,African eel blenny,0,0,1,reef-associated,WaterAssumed,25.07,unknown,harmless,no special ability,0.625
4441,Platycaranx chrysophrys,4639,79.91999816894531,4.289999961853027,0.4560000002384186,0.018620900809764862,0.10100000351667404,2.869999885559082,0.06620000302791595,0.30000001192092896,30,60,10,90,5.51916515155799,40.2440050065838,23.6,27.5,28.6,pelagic,65.529998779296875,-0.5241573163615539,24,11.475799560546875,3.5321900844573975,2.5764000415802,0.5,Medium; decline threshold 0.95,4.8,short and / or deep,-1,FALSE,0,18,20,Platycaranx,Longnose trevally,0,1,1,reef-associated,WaterAssumed,40.62,medium,harmless,no special ability,0.625
4443,Platycaranx malabaricus,4641,60,3.880000114440918,0.5400000214576721,0.02290870063006878,0.049300000071525574,2.9000000953674316,0.03020000085234642,0.8100000023841858,32,79,20,140,5.21703615628131,59.6055318763908,22.6,27.2,28.4,pelagic,49.7400016784668,-0.19263503245512437,28.280000305175783,3.653520107269287,1.066230058670044,0.9143530130386353,0.5,High; decline threshold 0.99,9.2,short and / or deep,-1,FALSE,0,20,23,Platycaranx,Malabar trevally,0,0,1,reef-associated,WaterAssumed,25.07,medium,harmless,no special ability,0.625
4444,Upeneus moluccensis,4642,22.5,3.630000114440918,0.27300000190734863,0.009120110422372818,0.023900000378489494,3.0899999141693115,0.01489999983459711,0.6700000166893005,21,64,10,120,6.96718918927967,79.9944422530265,24.3,27.2,28.2,benthic,19.350000381469727,-0.2588545832917643,28.5,4.35653018951416,1.1896100044250488,1.1437499523162842,0.5,High; decline threshold 0.99,11,fusiform / normal,-1,FALSE,0,9,9,Upeneus,Goldband goatfish,0,1,1,reef-associated,WaterAssumed,21.99,high,harmless,no special ability,0.5
4445,Upeneus sulphureus,4643,23,3.0799999237060547,0.10199999809265137,0.010232900269329548,0.03830000013113022,3.0899999141693115,0.01600000075995922,0.949999988079071,20,60,2,90,7.95940636901137,215.140357874308,24.3,28,29.1,benthic,17.68000030517578,-0.18298547637005333,28.323809578305198,2.9098000526428223,1.0973299741744995,0.8026139736175537,0.5,High; decline threshold 0.99,12.7,fusiform / normal,-1,FALSE,0,9,9,Upeneus,Sulphur goatfish,0,1,1,demersal,WaterAssumed,15.27,high,harmless,no special ability,0.5
4449,Photopectoralis bindus,4647,14,2.930000066757202,0.2549999952316284,0.018620900809764862,0.045899998396635056,2.9200000762939453,0.030300000682473183,1.059999942779541,18,78,1,160,10.0345936066913,341.971061930582,24.5,28,29,benthic,12.399999618530273,-0.2284110012081802,27.373913391776707,3.219860076904297,1.2771899700164795,0.9448760151863098,0.5,High; decline threshold 0.99,46.6,short and / or deep,-1,FALSE,0,16,17,Photopectoralis,Orangefin ponyfish,0,1,1,demersal,WaterAssumed,15.47,high,harmless,no special ability,0.5625
4450,Equulites popei,4648,12,3.009999990463257,0.3499999940395355,0.015488199889659882,0.14000000059604645,3.1500000953674316,0.07999999821186066,1.0399999618530273,28,60,20,100,10.3666232525578,365.840613849086,22.1,27.3,28.4,benthic,9.84000015258789,-0.19843613652131298,28,2.8015599250793457,1.1139999628067017,0.8266389966011047,0.5,High; decline threshold 0.99,50.5,fusiform / normal,0,FALSE,0,16,16,Equulites,Pope's ponyfish,0,0,1,demersal,WaterAssumed,13.8,high,harmless,no special ability,0.5001999735832214
4451,Leiognathus equula,4649,28,2.950000047683716,0.3700000047683716,0.014791100285947323,0.0575999990105629,3.0899999141693115,0.03880000114440918,0.9100000262260437,20,60,10,110,8.25194693185497,264.246869605531,24.7,28,29.1,pelagic,21.979999542236328,-0.18771983069311668,21,3.0555200576782227,0.9260500073432922,0.8199790120124817,0.5,High; decline threshold 0.99,7.3,short and / or deep,-1,FALSE,0,15,16,Leiognathus,Common ponyfish,1,1,1,demersal,WaterAssumed,17.27,high,harmless,no special ability,0.5625
4452,Aurigequula fasciata,4650,21,3.430000066757202,0.38999998569488525,0.019952600821852684,0.06239999830722809,3.0799999237060547,0.041600000113248825,0.6399999856948853,23,36,20,50,7.67587443832904,123.782130760317,24.2,27.9,28.7,benthic,17.219999313354492,-0.27,25,4.400000095367432,1.6542099714279175,1.2000000476837158,0.5,High; decline threshold 0.99,32.4,short and / or deep,-1,FALSE,0,16,16,Aurigequula,Striped ponyfish,0,1,1,demersal,WaterAssumed,22.09,high,harmless,no special ability,0.625
4453,Equulites leuciscus,4651,25,3.119999885559082,0.20000000298023224,0.01258930005133152,0.10700000077486038,3.130000114440918,0.0689999982714653,1.1299999952316284,11,38,5,70,7.73004850819744,193.208621981496,24.7,28,29,pelagic,19.649999618530273,-0.1339754501127686,28.700000762939453,2.0088798999786377,0.7833309769630432,0.5812879800796509,0.5,High; decline threshold 0.99,15.3,fusiform / normal,-1,FALSE,0,16,16,Equulites,Whipfin ponyfish,0,0,1,demersal,WaterAssumed,12.51,high,harmless,no special ability,0.5001999735832214
4454,Eubleekeria splendens,4652,23,2.940000057220459,0.3799999952316284,0.019498400390148163,0.050999999046325684,2.9600000381469727,0.03290000185370445,0.9100000262260437,19,55,10,100,9.58753052109315,330.759216416769,24.8,28.1,29.1,pelagic,18.200000762939453,-0.1920468199451603,28.299999237060547,2.7205700874328613,1.0808500051498413,0.793936014175415,0.5,High; decline threshold 0.99,49.5,short and / or deep,-1,FALSE,0,16,16,Eubleekeria,Splendid ponyfish,0,1,1,demersal,WaterAssumed,14.56,high,harmless,no special ability,0.5625
4455,Deveximentum insidiator,4653,13.789999961853027,2.859999895095825,0.28999999165534973,0.0123027004301548,0.05979999899864197,3,0.03530000150203705,1.0199999809265137,25,78,10,150,12.0385977619402,466.464480781623,22,27.2,28.5,pelagic,11.300000190734863,-0.20316931272303523,28,2.79682993888855,1.125059962272644,0.8509839773178101,0.5,High; decline threshold 0.99,17.2,fusiform / normal,-1,FALSE,0,16,16,Deveximentum,Pugnose ponyfish,0,1,1,demersal,WaterAssumed,13.78,medium,harmless,no special ability,0.5038999915122986
4458,Terapon jarbua,4656,36,3.930000066757202,0.46000000834465027,0.015488199889659882,0.04560000076889992,3.0199999809265137,0.031199999153614044,0.25,57,173,20,350,5.8194272504827,57.948372758009,17.6,23.7,27.9,benthic,30.860000610351563,-0.6742938721893328,22,11.98390007019043,3.3906099796295166,2.938509941101074,0.5,Medium; decline threshold 0.95,6.1,fusiform / normal,-1,FALSE,-1,9,11,Terapon,Jarbua terapon,1,1,1,demersal,WaterAssumed,36.94,unknown,harmless,no special ability,0.5625
4460,Epinephelus fuscoguttatus,4658,120,4.139999866485596,0.7200000286102295,0.01122019998729229,0.02710000053048134,3.0399999618530273,0.011800000444054604,0.18000000715255737,7,31,1,60,4.38553577164031,47.4414882258275,25.4,28.2,29.1,pelagic,102.37000274658203,-0.8112723579888221,29,17.93869972229004,5.571420192718506,3.9642300605773926,0.5,Medium; decline threshold 0.95,4.010000228881836,fusiform / normal,-1,FALSE,-1,14,15,Epinephelus,Brown-marbled grouper,0,0,1,reef-associated,WaterAssumed,57.09,very high,reports of ciguatera poisoning,no special ability,0.5
4461,Epinephelus tauvina,4659,100,4.130000114440918,0.6800000071525574,0.011749000288546085,0.029999999329447746,3.0399999618530273,0.012199999764561653,0.14000000059604645,35,140,1,300,4.65524245529027,47.9261685689713,19.6,26.2,28.2,pelagic,86.30999755859375,-0.9360642030430523,22.799999237060547,21.96470069885254,6.995259761810303,4.731100082397461,0.5,Low; decline threshold 0.85,5.929999828338623,fusiform / normal,-1,FALSE,0,13,16,Epinephelus,Greasy grouper,0,0,1,reef-associated,WaterAssumed,59.27,very high,reports of ciguatera poisoning,no special ability,0.5
4462,Gazza minuta,4660,23.309999465942383,3.009999990463257,0.36000001430511475,0.015848899260163307,0.05790000036358833,3.0399999618530273,0.036400001496076584,1.0199999809265137,20,60,10,110,8.34759921298793,256.274679540511,24.5,27.9,29,pelagic,18.770000457763672,-0.1757510461187696,28.4,2.654439926147461,1.0255000591278076,0.7528640031814575,0.5,High; decline threshold 0.99,12.9,fusiform / normal,-1,FALSE,0,15,17,Gazza,Toothpony,0,1,1,demersal,WaterAssumed,14.42,medium,harmless,no special ability,0.5311999917030334
4465,Diagramma pictum,4662,111,3.700000047683716,0.1599999964237213,0.012022599577903748,0.050599999725818634,2.990000009536743,0.03290000185370445,0.25,1,50,1,170,4.61131759006992,73.4604016997017,24.1,28,29.1,benthic,91.0199966430664,-0.5572751658274997,23,11.737799644470215,3.5594000816345215,2.7291300296783447,0.5,Medium; decline threshold 0.95,5.5,fusiform / normal,-1,FALSE,0,21,25,Diagramma,Painted sweetlips,0,0,1,reef-associated,WaterAssumed,44.59,medium,reports of ciguatera poisoning,no special ability,0.5625
4466,Pseudobalistes fuscus,4663,55,3.049999952316284,0.3199999928474426,0.03801890090107918,0.12200000137090683,2.9200000762939453,0.07620000094175339,0.20999999344348907,32,41,30,50,8.42397141588778,1118.53280701784,24.7,27.5,28.4,benthic,43.52000045776367,-0.67,25,13.600000381469727,4.070620059967041,3.200000047683716,0.5,Medium; decline threshold 0.95,18.1,short and / or deep,0,FALSE,0,24,27,Pseudobalistes,Yellow-spotted triggerfish,0,0,1,reef-associated,WaterAssumed,43.14,medium,harmless,no special ability,0.625
4464,Gnathanodon speciosus,4664,120,4.03000020980835,0.5199999809265137,0.013182600028812885,0.025100000202655792,2.9600000381469727,0.015200000256299973,0.3199999928474426,8,40,0,80,4.21970996797812,63.173826074179,22.391371023306704,27.23172921798824,28.66840375322809,benthic,104.08999633789063,-0.44807500168154013,27.5,10.266200065612793,3.2116000652313232,2.2559099197387695,0.5,Medium; decline threshold 0.95,5.1,fusiform / normal,-1,FALSE,0,18,20,Gnathanodon,Golden trevally,0,0,1,reef-associated,WaterAssumed,42.75,high,harmless,no special ability,1
4485,Dactyloptena orientalis,4683,40,3.680000066757202,0.550000011920929,0.008128300309181213,0.14000000059604645,3.0999999046325684,0.08479999750852585,1.5,11,50,1,100,2.74395599634711,361.813108489499,23.3,27.8,29,benthic,32.970001220703125,-0.11227156399926683,29,1.8877300024032593,0.5535140037536621,0.515513002872467,0.5,High; decline threshold 0.99,13.5,elongated,-1,FALSE,0,9,9,Dactyloptena,Oriental flying gurnard,0,0,1,reef-associated,WaterAssumed,18.14,unknown,harmless,no special ability,0.5235000252723694
4493,Sphyraena obtusata,4691,55,4.5,0.3499999940395355,0.006918310187757015,0.041099999099969864,2.9200000762939453,0.020899999886751175,0.6700000166893005,26,15,5,200,6.61106595020922,31.1867268214554,24.1,28.4,29.2,pelagic,47.790000915527344,-0.21879120521153744,27,4.0065598487854,1.1456199884414673,1.0081199407577515,0.5,High; decline threshold 0.99,13.5,elongated,-1,FALSE,0,9,9,Sphyraena,Obtuse barracuda,0,1,1,reef-associated,WaterAssumed,25.15,medium,harmless,no special ability,0.5
4534,Saurida gracilis,4719,39.040000915527344,4.190000057220459,0.4269999861717224,0.007244360167533159,0.08720000088214874,3.119999885559082,0.05979999899864197,0.4300000071525574,1,12,0,135,3.41660435467955,88.2856718040018,24,28,29,pelagic,32,-0.37,25,6.599999904632568,1.8674399852752686,1.7000000476837158,0.5,High; decline threshold 0.99,8.8,elongated,-1,FALSE,0,11,12,Saurida,Gracile lizardfish,0,0,1,reef-associated,WaterAssumed,33.23,medium,harmless,no special ability,0.5
4543,Acanthopagrus bifasciatus,4728,44.15999984741211,3.390000104904175,0.4300000071525574,0.015848899260163307,0.10400000214576721,3.0299999713897705,0.06800000369548798,0.20000000298023224,4,12,2,20,6.8280575551869,112.169124857551,25,27.6,29.2,benthic,36.20000076293945,-0.6390488005624849,27.53333346048991,11.17199993133545,3.136080026626587,2.86188006401062,0.5,Medium; decline threshold 0.95,9.1,fusiform / normal,0,FALSE,0,12,15,Acanthopagrus,Twobar seabream,0,1,1,reef-associated,WaterAssumed,37.35,high,harmless,no special ability,0.5
4544,Sillago sihama,4729,37.81999969482422,3.3299999237060547,0.09600000083446503,0.005888440180569887,0.039500001817941666,3.059999942779541,0.025800000876188278,0.699999988079071,0,2,0,60,7.08553977693092,123.782130760317,24.8,28.5,29.2,benthic,31,-0.2542458704138922,20.350000381469727,4.291210174560547,1.2782200574874878,1.129639983177185,0.5,High; decline threshold 0.99,9.1,elongated,-1,FALSE,0,20,23,Sillago,Silver sillago,0,1,1,reef-associated,WaterAssumed,23.64,very high,harmless,no special ability,0.5
4545,Siganus rivulatus,4730,30.200000762939453,2,0,0.011749000288546085,0.04010000079870224,2.990000009536743,0.023900000378489494,0.33000001311302185,4,16,1,30,132.58175862309,7174.0628815569,24.7,27.3,29.2,benthic,25.729999542236328,-0.44575156193581794,22,7.597139835357666,2.099679946899414,1.9760299921035767,0.5,High; decline threshold 0.99,19.7,fusiform / normal,-1,FALSE,0,10,10,Siganus,Marbled spinefoot,0,1,1,reef-associated,WaterAssumed,30.89,high,venomous,no special ability,0.5
4554,Nemipterus peronii,4739,35.380001068115234,3.6500000953674316,0.2800000011920929,0.01288249995559454,0.04410000145435333,2.950000047683716,0.017999999225139618,0.44999998807907104,25,59,17,100,6.47195132350126,78.0188559715687,24.1,27.5,28.6,benthic,29,-0.3279246900313781,28,5.672080039978027,1.5723400115966797,1.4689699411392212,0.5,High; decline threshold 0.99,11.2,fusiform / normal,-1,FALSE,0,9,9,Nemipterus,Notchedfin threadfin bream,0,1,1,demersal,WaterAssumed,26.26,high,harmless,no special ability,0.5
4559,Nemipterus japonicus,4744,34,4.21999979019165,0.8100000023841858,0.014125400222837925,0.03009999915957451,2.9600000381469727,0.016100000590085983,0.550000011920929,12,43,5,80,6.19864574343282,67.9109234932512,24.7,28.4,29.2,benthic,26.709999084472656,-0.2157473022595467,27,3.6803600788116455,1.0089399814605713,0.9577929973602295,0.5,High; decline threshold 0.99,11.4,fusiform / normal,-1,FALSE,0,9,9,Nemipterus,Japanese threadfin bream,0,0,1,demersal,WaterAssumed,20.71,high,harmless,no special ability,0.5
4562,Triacanthus biaculeatus,4747,30,2.759999990463257,0.28999999165534973,0.010715199634432793,0.16099999845027924,2.880000114440918,0.094200000166893,0.2199999988079071,6,31,0,60,13.7780819521255,2691.11833994711,24.6,28.2,29.1,benthic,25.229999542236328,-0.7139018318242065,18,13.175000190734863,3.7915799617767334,3.1523499488830566,0.5,Medium; decline threshold 0.95,5.8,short and / or deep,0,FALSE,0,15.779128157263175,17.93322188302591,Triacanthus,Short-nosed tripodfish,0,1,1,demersal,WaterAssumed,39.76,unknown,harmless,no special ability,0.7577999830245972
4579,Gobius cobitis,4764,15.699999809265137,2.9700000286102295,0.38999998569488525,0.009120110422372818,0.05130000039935112,3.109999895095825,0.01730000041425228,0.47999998927116394,12,23,10,35,9.27425160009208,299.813806335353,13.8,18,19.6,benthic,13.850000381469727,-0.39,13,6.927070140838623,2.713749885559082,2,0.5,High; decline threshold 0.99,0,fusiform / normal,0,FALSE,0,11.091623623170918,12.110095566734852,Gobius,Giant goby,0,1,1,demersal,WaterAssumed,28.75,very high,harmless,no special ability,0.5
4600,Ostorhinchus cyanosoma,4787,8,3.5799999237060547,0.5600000023841858,0.013489600270986557,0.10899999737739563,3.109999895095825,0.07050000131130219,1.1799999475479126,1,15,1,50,7.62370276945509,85.3420281796275,25,28.4,29.3,pelagic,6.190000057220459,-0.19,24,2.4000000953674316,1.004770040512085,0.800000011920929,0.5,High; decline threshold 0.99,17.4,fusiform / normal,-1,FALSE,0,9,9,Ostorhinchus,Yellowstriped cardinalfish,0,0,1,reef-associated,WaterAssumed,12.01,high,harmless,no special ability,0.5
4606,Eurypegasus draconis,4793,10,3.1500000953674316,0.36410000920295715,0.009999999776482582,0.31299999356269836,3.0399999618530273,0.11900000274181366,1.760479478088672,35,90,3,91,7.42621404010271,799.9464103594,21.8,26.7,28.3,benthic,7.96999979019165,-0.23357010707231718,25,2.933710284271849,1.2445856937969852,0.9477045829808617,0.5,"Please enter values for K, tmax.",18.2,other,-1,FALSE,0,5,5,Eurypegasus,Short dragonfish,0,1,1,demersal,WaterAssumed,10,unknown,harmless,no special ability,0.7578999996185303
4613,Siganus luridus,4800,30,2,0.009999999776482582,0.01258930005133152,0.04729999974370003,2.990000009536743,0.025800000876188278,0.20999999344348907,5,22,2,40,130.701678863253,7174.0628815569,24.8,27,29.2,benthic,25.309999465942383,-0.7914768257386449,17,13.293000221252441,3.674499988555908,3.455709934234619,0.5,Medium; decline threshold 0.95,14.5,fusiform / normal,-1,FALSE,0,10,10,Siganus,Dusky spinefoot,0,0,1,reef-associated,WaterAssumed,39.38,high,venomous,no special ability,0.5
4614,Siganus argenteus,4801,40,2,0,0.013489600270986557,0.04769999906420708,3,0.026200000196695328,0.6200000047683716,1,30,0,40,124.61977316706,7174.0628815569,24.6,27.8,29,benthic,33.720001220703125,-0.20576195508648729,28,3.7942399978637695,1.081779956817627,0.9502519965171814,0.5,High; decline threshold 0.99,22.6,fusiform / normal,-1,FALSE,0,10,10,Siganus,Streamlined spinefoot,0,0,1,reef-associated,WaterAssumed,22.2,high,venomous,no special ability,0.5
4622,Siganus stellatus,4809,40,2.700000047683716,0.30000001192092896,0.015135600231587887,0.1340000033378601,2.9700000286102295,0.0794999971985817,0.5199999809265137,5,30,1,40,16.2672647499759,770.275180221947,25.3,28.1,29.1,benthic,34.16999816894531,-0.29,25,5.5,1.588539958000183,1.2999999523162842,0.5,High; decline threshold 0.99,27.1,short and / or deep,-1,FALSE,0,10,10,Siganus,Brown-spotted spinefoot,0,0,1,reef-associated,WaterAssumed,26.16,high,venomous,no special ability,0.5
4699,Sargocentron diadema,4920,17,3.369999885559082,0.17000000178813934,0.016595900058746338,0.09390000253915787,2.9800000190734863,0.06310000270605087,1.2899999618530273,2,30,1,60,5.97407059342501,418.042121991095,24.7,27.7,29,pelagic,14.770000457763672,-0.12826185436572443,27.5,1.9125499725341797,0.7484170198440552,0.5537319779396057,0.5,High; decline threshold 0.99,14.1,fusiform / normal,-1,FALSE,-1,12,14,Sargocentron,Crown squirrelfish,0,0,1,reef-associated,WaterAssumed,10,medium,venomous,no special ability,0.5
4700,Osteomugil cunnesius,4921,50.02000045776367,2.4100000858306885,0.20999999344348907,0.01148150023072958,0.031099999323487282,2.950000047683716,0.01899999938905239,0.3100000023841858,0,2,0,3,73.0986215377021,56928.8126778614,24.8,28.5,29.3,pelagic,41,-0.4916050969724288,27.5,8.410470008850098,2.3310999870300293,2.132349967956543,0.5,High; decline threshold 0.99,37.1,fusiform / normal,-1,FALSE,0,9,10,Osteomugil,Longarm mullet,1,1,1,demersal,WaterAssumed,34.32,medium,harmless,no special ability,0.5156000256538391
4706,Plotosus lineatus,4927,35.20000076293945,3.569999933242798,0.30000001192092896,0.005888440180569887,0.06289999932050705,3.130000114440918,0.04089999943971634,0.6499999761581421,7,31,1,60,3.57186401472375,7.10693740911963,24.5,28.1,29.1,benthic,32.90999984741211,-0.37398063119888875,19.700000762939453,6.367589950561523,1.806820034980774,1.6846400499343872,0.5,High; decline threshold 0.99,8.3,fusiform / normal,-1,FALSE,-1,69,115,Plotosus,Striped eel catfish,0,1,1,reef-associated,WaterAssumed,28.58,low,venomous,no special ability,0.5019999742507935
4739,Acanthurus nigrofuscus,4963,21,2,0,0.024547100067138672,0.042100001126527786,2.9700000286102295,0.019500000402331352,0.6499999761581421,2,25,0,25,136.41055187037,7174.0628815569,24.6,27.7,29,benthic,15.970000267028809,-0.4270706931020649,25.799999237060547,6.23960018157959,2.4005401134490967,1.7474199533462524,0.5,High; decline threshold 0.99,29.1,short and / or deep,-1,FALSE,0,24,27,Acanthurus,Brown surgeonfish,0,0,1,reef-associated,WaterAssumed,27.14,medium,reports of ciguatera poisoning,no special ability,0.5
4740,Acanthurus sohal,4964,40,2,0,0.02290870063006878,0.164000004529953,2.9600000381469727,0.08579999953508377,0.3499999940395355,0,20,0,20,124.61977316706,7174.0628815569,24.5,27,29.2,benthic,27.579999923706055,-0.43,25,8.100000381469727,2.3609700202941895,2,0.5,High; decline threshold 0.99,19.8,short and / or deep,-0.5879394308786126,FALSE,0,22.43182265388663,25.516153893927065,Acanthurus,Sohal surgeonfish,0,0,1,reef-associated,WaterAssumed,32.64,medium,harmless,no special ability,0.5
4761,Lagocephalus sceleratus,4986,110,3.700000047683716,0.36000001430511475,0.013182600028812885,0.039900001138448715,2.869999885559082,0.027499999850988388,0.1899999976158142,26,59,18,100,4.46258046772175,152.533269550403,21.6,27.3,28.6,benthic,90.19999694824219,-0.4362392569488502,25.149999618530273,9.606490135192871,2.957390069961548,2.14805006980896,0.5,Medium; decline threshold 0.95,5.7,fusiform / normal,0,FALSE,0,10,13,Lagocephalus,Silver-cheeked toadfish,0,0,1,reef-associated,WaterAssumed,40.34,medium,poisonous to eat,no special ability,0.5005000233650208
4813,Aphaniops dispar,5042,7,2.9200000762939453,0.3799999952316284,0.009332540445029736,0.17100000381469727,3.2100000381469727,0.09040000289678574,0.44999998807907104,3,11,1,20,66.9246566963905,4816.37077428873,25,27.4,29.2,pelagic,5.599999904632568,-0.53,17,6.099999904632568,2.6413700580596924,2,0.5,High; decline threshold 0.99,14.9,fusiform / normal,0,FALSE,0,8,11,Aphaniops,Arabian pupfish,1,1,1,benthopelagic,WaterAssumed,27.26,unknown,harmless,no special ability,0.5019999742507935
4816,Planiliza macrolepis,5045,73.19999694824219,2.799999952316284,0.17000000178813934,0.01258930005133152,0.044199999421834946,2.930000066757202,0.016499999910593033,0.18000000715255737,14,31,10,50,36.8175312235902,33362.795786162,24.5,28,29,benthic,60,-0.26706564323649373,27.5,5.9829301834106445,1.8237600326538086,1.399999976158142,0.5,Medium; decline threshold 0.95,20.6,fusiform / normal,-1,FALSE,0,8,9,Planiliza,Largescale mullet,1,1,1,demersal,WaterAssumed,31.69,medium,harmless,no special ability,0.5001000165939331
4819,Planiliza subviridis,5048,48.79999923706055,2.740000009536743,0.30000001192092896,0.01258930005133152,0.039400000125169754,2.930000066757202,0.01600000075995922,0.3199999928474426,0,3,0,5,22.6781812660806,18232.9349474731,25.2,28.4,29.3,benthic,40,-0.4141710664577215,24.600000381469727,7.085830211639404,1.9600199460983276,1.8216999769210815,0.5,High; decline threshold 0.99,13.390000343322754,fusiform / normal,0,FALSE,0,8,9,Planiliza,Greenback mullet,1,1,1,demersal,WaterAssumed,31.64,medium,harmless,no special ability,0.5001000165939331
4820,Planiliza planiceps,5049,70,2,0,0.014791100285947323,0.12099999934434891,2.930000066757202,0.07370000332593918,0.17000000178813934,14,31,10,50,180.344635972422,196098.044065613,25.6,28.3,29.1,pelagic,58.209999084472656,-0.8464841174056492,27.5,16.494600296020508,4.867400169372559,3.9689199924468994,0.5,Medium; decline threshold 0.95,19.6,fusiform / normal,0,FALSE,0,8,8,Planiliza,Tade gray mullet,1,1,1,demersal,WaterAssumed,48.38,medium,harmless,no special ability,0.5001000165939331
4821,Upeneus vittatus,5050,28,3.5399999618530273,0.38999998569488525,0.00954992976039648,0.038100000470876694,3.0999999046325684,0.01600000075995922,0.5299999713897705,15,52,5,100,6.96808847959518,86.4849722728383,24.6,28.1,29.1,pelagic,23.770000457763672,-0.30390785327259145,27.04000015258789,4.712810039520264,1.778059959411621,1.295889973640442,0.5,High; decline threshold 0.99,13.1,fusiform / normal,-1,FALSE,0,9,9,Upeneus,Striped goatfish,0,1,1,reef-associated,WaterAssumed,23.84,high,harmless,no special ability,0.5
4827,Sphyraena jello,5056,150,4.5,0.6200000047683716,0.007244360167533159,0.037300001829862595,2.9200000762939453,0.01979999989271164,0.10000000149011612,39,60,20,200,4.75299083555974,31.1867268214554,23.6,27.3,28.5,pelagic,137.7899932861328,-1.086195057293253,29,28.913799285888672,9.682140350341797,5.774829864501953,0.5,Low; decline threshold 0.85,4.7,elongated,0,FALSE,0,9,9,Sphyraena,Pickhandle barracuda,0,1,1,reef-associated,WaterAssumed,75.07,medium,reports of ciguatera poisoning,no special ability,0.5
4828,Saurida longimanus,5057,25,4.079999923706055,0.33000001311302185,0.004265789873898029,0.10599999874830246,3.0899999141693115,0.06930000334978104,0.9700000286102295,50,200,50,280,3.5154252749784,94.707908377615,16.9,23.9,28,pelagic,20.5,-0.1589630660234839,27.899999618530273,2.8410398960113525,0.8314560055732727,0.7315980195999146,0.5,High; decline threshold 0.99,27.6,elongated,0,FALSE,0,12.038909083491905,13.426884600439474,Saurida,Longfin lizardfish,0,0,1,demersal,WaterAssumed,15.68,medium,harmless,no special ability,0.5
4829,Terapon theraps,5058,36.599998474121094,3.690000057220459,0.46000000834465027,0.01122019998729229,0.11299999803304672,3.0399999618530273,0.07460000365972519,0.7200000286102295,1,6,0,10,6.90416815822706,96.5961336394068,24.9,28.5,29.3,benthic,30,-0.25654563084937826,28.200000762939453,4.661489963531494,1.3167099952697754,1.171339988708496,0.5,High; decline threshold 0.99,9.6,fusiform / normal,-1,FALSE,-1,9,11,Terapon,Largescale terapon,1,1,1,reef-associated,WaterAssumed,24.37,unknown,harmless,no special ability,0.5625
4832,Encheliophis homei,5061,19,3.7300000190734863,0.6327999830245972,0.001023289980366826,0.17499999701976776,3.059999942779541,0.08959999680519104,0.8152382761883966,3,16,0,30,4.34927406517706,142.061590946294,25.3,28.5,29.3,benthic,15.579999923706055,-0.251311706806605,25,3.6397952048671836,1.4249756183595124,1.0434681747128736,0.5,"Please enter values for K, tmax.",12.4,eel-like,-1,FALSE,0,33,38,Encheliophis,Silver pearlfish,0,0,1,reef-associated,WaterAssumed,10,unknown,harmless,no special ability,0.5077999830245972
4833,Glossogobius giuris,5063,61,3.6600000858306885,0.20200000703334808,0.0074130999855697155,0.026000000536441803,3.069999933242798,0.016899999231100082,0.699999988079071,0,3,0,5,5.71203743241683,77.0644719092502,25,28.5,29.3,benthic,50,-0.23125611389838688,27.5,4.054460048675537,1.1260700225830078,1.0549800395965576,0.5,High; decline threshold 0.99,11.6,fusiform / normal,-1,FALSE,0,8,9,Glossogobius,Tank goby,1,1,1,benthopelagic,WaterAssumed,26.38,very high,harmless,no special ability,0.5
4836,Ostorhinchus nigrofasciatus,5066,10,3.569999933242798,0.38999998569488525,0.01122019998729229,0.11900000274181366,3.309999942779541,0.0771000012755394,0.9599999785423279,7,27,3,50,7.58685221386785,86.4849722728383,25.4,27.7,28.9,benthic,8.109999656677246,-0.22,25,2.9000000953674316,1.185829997062683,0.8999999761581421,0.5,High; decline threshold 0.99,14.7,elongated,-1,FALSE,0,9,9,Ostorhinchus,Blackstripe cardinalfish,0,0,1,reef-associated,WaterAssumed,14.21,high,harmless,no special ability,0.5
4837,Ostorhinchus aureus,5067,14.5,3.640000104904175,0.5400000214576721,0.011749000288546085,0.10499999672174454,3.1500000953674316,0.066600002348423,0.6800000071525574,5,21,1,40,7.64130572351072,95.2320915949854,24.7,27.5,29,benthic,11.130000114440918,-0.29,25,4.099999904632568,1.5946799516677856,1.2000000476837158,0.5,High; decline threshold 0.99,12.1,short and / or deep,-1,FALSE,0,9,9,Ostorhinchus,Ring-tailed cardinalfish,0,0,1,reef-associated,WaterAssumed,20.93,high,harmless,no special ability,0.5
4838,Ostorhinchus fleurieu,5068,14.199999809265137,3.619999885559082,0.4000000059604645,0.01288249995559454,0.13500000536441803,3.140000104904175,0.07900000363588333,0.699999988079071,1,35,1,97,7.19291183814766,79.9944422530265,24.3,28,29.1,benthic,10.890000343322754,-0.28,25,4,1.5737600326538086,1.2000000476837158,0.5,High; decline threshold 0.99,28.2,short and / or deep,-1,FALSE,0,9,9,Ostorhinchus,Flower cardinalfish,0,1,1,reef-associated,WaterAssumed,20.43,high,harmless,no special ability,0.5
4839,Ostorhinchus pselion,5069,4.880000114440918,3.2799999713897705,0.36000001430511475,0.01122019998729229,0.16899999976158142,3.069999933242798,0.09220000356435776,1.8700000047683716,13,27,10,43,8.30467439121416,135.406855233104,24.7,25.9,27.2,benthic,4,-0.14,25,1.5,0.6963509917259216,0.5,0.5,High; decline threshold 0.99,70.2,short and / or deep,-0.6026017064135054,FALSE,0,9.000000000000002,9,Ostorhinchus,Reef-flat cardinalfish,0,0,1,reef-associated,WaterAssumed,10,high,harmless,no special ability,0.5
4840,Paracheilinus octotaenia,5070,9,3.4000000953674316,0.44999998807907104,0.010715199634432793,0.2029999941587448,3.0299999713897705,0.10999999940395355,1.0099999904632568,5,45,1,50,8.05300247490419,110.427085306918,22.3,26.5,27.6,pelagic,7.329999923706055,-0.22,25,2.799999952316284,1.1525700092315674,0.8999999761581421,0.5,High; decline threshold 0.99,19.5,fusiform / normal,0,FALSE,0,12.381070166357873,13.173845303848795,Paracheilinus,Red Sea eightline flasher,0,0,1,reef-associated,WaterAssumed,13.79,very high,harmless,no special ability,0.5
4870,Wetmorella nigropinnata,5100,8,3.5,0.3700000047683716,0.02137959934771061,0.1979999989271164,2.9700000286102295,0.10599999874830246,1.1299999952316284,3,19,0,36,7.8784368265359,95.2320915949854,25.5,28.3,29.3,benthic,6.329999923706055,-0.2,25,2.5,1.047629952430725,0.800000011920929,0.5,High; decline threshold 0.99,20.8,short and / or deep,-1,FALSE,0,10,11,Wetmorella,Sharpnose wrasse,0,0,1,reef-associated,WaterAssumed,12.47,high,harmless,no special ability,0.625
4888,Anampses caeruleopunctatus,5121,42,3.369999885559082,0.41999998688697815,0.009772369638085365,0.16599999368190765,3.069999933242798,0.09030000120401382,0.23999999463558197,5,17,3,30,6.91819447840692,115.805660092505,24.7,28.2,29.3,benthic,36.68000030517578,-0.63,25,11.899999618530273,3.437809944152832,2.9000000953674316,0.5,Medium; decline threshold 0.95,7.7,fusiform / normal,-1,FALSE,0,11,13,Anampses,Bluespotted wrasse,0,0,1,reef-associated,WaterAssumed,37.56,very high,harmless,no special ability,0.5001999735832214
4889,Anampses meleagrides,5122,22,3.5,0.3700000047683716,0.009772369638085365,0.16599999368190765,3.069999933242798,0.09030000120401382,0.4399999976158142,5,50,3,60,7.37541033654428,95.2320915949854,24.3,27.6,29,benthic,18.530000686645508,-0.4,25,6.400000095367432,2.3808200359344482,1.7000000476837158,0.5,High; decline threshold 0.99,11.4,fusiform / normal,-1,FALSE,0,11,13,Anampses,Spotted wrasse,0,0,1,reef-associated,WaterAssumed,27.52,very high,harmless,no special ability,0.5001999735832214
4893,Anampses twistii,5126,18,3.5,0.3700000047683716,0.009772369638085365,0.16599999368190765,3.069999933242798,0.09030000120401382,0.5299999713897705,7,18,5,30,7.51624432830085,95.2320915949854,24.9,28.2,29.3,benthic,14.770000457763672,-0.35,25,5.300000190734863,2.0236599445343018,1.5,0.5,High; decline threshold 0.99,12.8,fusiform / normal,-1,FALSE,0,12,12,Anampses,Yellowbreasted wrasse,0,0,1,reef-associated,WaterAssumed,24.47,very high,harmless,no special ability,0.5001999735832214
4897,Trypauchen vagina,5130,22,3.5,0.5,0.004365160129964352,0.053700000047683716,2.9700000286102295,0.0364999994635582,0.5600000023841858,5,26,0,50,7.37541033654428,95.2320915949854,23.9,28.2,29.1,benthic,18.440000534057617,-0.3080363951632803,27,5.049109935760498,1.3650200366973877,1.3466800451278687,0.5,High; decline threshold 0.99,14.1,elongated,0,FALSE,0,43.82563441722779,47.362656029821245,Trypauchen,Isthmus goby,0,1,1,demersal,WaterAssumed,24.01,very high,harmless,no special ability,0.75
4904,Parexocoetus mento,5137,14.960000038146973,3.319999933242798,0.4300000071525574,0.0064565399661660194,0.17599999904632568,3.0399999618530273,0.10199999809265137,1.909999966621399,2,11,0,20,6.42519094474631,525.968842803029,25.9,28.5,29.1,pelagic,12.265999794006348,-0.1,25,1.5,0.5945420265197754,0.4000000059604645,0.5,High; decline threshold 0.99,35.6,elongated,0,FALSE,0,9,12,Parexocoetus,African sailfin flyingfish,0,0,1,pelagic-neritic,WaterAssumed,10,medium,harmless,no special ability,0.625
4905,Gymnothorax undulatus,5138,150,3.569999933242798,0.3089999854564667,6.309570162557065e-4,0.10400000214576721,3.2799999713897705,0.06780000030994415,0.09000000357627869,11,54,0,110,5.00598769708817,222.492520900162,24.3,28,29,pelagic,148.82000732421875,-1.24,25,32.099998474121094,10.666500091552734,6.5,0.5,Low; decline threshold 0.85,5,eel-like,0,FALSE,0,0,0,Gymnothorax,Undulated moray,0,1,1,reef-associated,WaterAssumed,78.17,medium,reports of ciguatera poisoning,no special ability,0.5
4906,Sargocentron punctatissimum,5139,23,3.430000066757202,0.4399999976158142,0.013803799636662006,0.10400000214576721,2.9800000190734863,0.06949999928474426,0.7699999809265137,1,30,0,183,5.66616104008174,348.943600686014,24.8,27.7,29,benthic,19.469999313354492,-0.22,25,3.700000047683716,0.9943649768829346,1,0.5,High; decline threshold 0.99,10.1,fusiform / normal,0,FALSE,-1,12,14,Sargocentron,Speckled squirrelfish,0,0,1,reef-associated,WaterAssumed,18.51,medium,venomous,no special ability,0.5
4907,Sargocentron caudimaculatum,5140,25,3.890000104904175,0.6700000166893005,0.022387199103832245,0.11699999868869781,3,0.07429999858140945,0.7200000286102295,5,22,2,40,3.84701014573481,109.35410360272,25,27.9,29,benthic,21.239999771118164,-0.23,25,3.9000000953674316,1.0855300426483154,1,0.5,High; decline threshold 0.99,8.3,fusiform / normal,0,FALSE,-1,13,15,Sargocentron,Silverspot squirrelfish,0,0,1,reef-associated,WaterAssumed,20.25,medium,venomous,no special ability,0.5
4910,Myripristis berndti,5143,30,3.7200000286102295,0.5699999928474426,0.019952600821852684,0.04740000143647194,3.009999990463257,0.02590000070631504,0.6100000143051147,3,15,0,159,4.38645799522965,145.352510547396,24.7,28.2,29.2,pelagic,24.200000762939453,-0.26,25,4.699999809265137,1.308500051498413,1.2000000476837158,0.5,High; decline threshold 0.99,7.6,fusiform / normal,-1,FALSE,0,13,15,Myripristis,Blotcheye soldierfish,0,0,1,reef-associated,WaterAssumed,23.79,medium,harmless,no special ability,0.5
4911,Neoniphon sammara,5144,32,3.619999885559082,0.1899999976158142,0.016218099743127823,0.04450000077486038,2.9600000381469727,0.029100000858306885,0.3799999952316284,4,24,0,46,4.78798803435713,190.376142288997,24.7,27.9,29,benthic,27.049999237060547,-0.32597769197087,27,5.4432501792907715,1.4850900173187256,1.4321000576019287,0.5,High; decline threshold 0.99,11.3,fusiform / normal,-1,FALSE,-1,11,13,Neoniphon,Sammara squirrelfish,0,0,1,reef-associated,WaterAssumed,25.61,medium,venomous,no special ability,0.5038999915122986
4912,Neochirus brachyptera,5145,17,3.559999942779541,0.4099999964237213,0.01148150023072958,0.12800000607967377,3.109999895095825,0.08020000159740448,0.3499999940395355,10,41,2,80,3.24507565923851,421.615752449917,24.4,27.8,29,benthic,13.0600004196167,-0.54,25,8,3.063230037689209,2.200000047683716,0.5,High; decline threshold 0.99,10.9,fusiform / normal,0,FALSE,0,9,10,Neochirus,Dwarf lionfish,0,0,1,reef-associated,WaterAssumed,30.8,high,venomous,no special ability,0.5311999917030334
4915,Scorpaenodes parvipinnis,5148,14,3.5999999046325684,0.5899999737739563,0.015848899260163307,0.11599999666213989,3.0399999618530273,0.07490000128746033,0.41999998688697815,7,27,3,49,3.23133341292364,399.862053342682,24.5,27.5,28.9,benthic,11.789999961853027,-0.47,25,6.699999809265137,2.5878500938415527,1.899999976158142,0.5,High; decline threshold 0.99,12.3,fusiform / normal,0,FALSE,-1,8,10,Scorpaenodes,Lowfin scorpionfish,0,0,1,reef-associated,WaterAssumed,28.25,high,venomous,no special ability,0.5
4921,Scorpaenopsis diabolus,5154,30,3.759999990463257,0.5799999833106995,0.01288249995559454,0.16099999845027924,3.0199999809265137,0.08889999985694885,0.20999999344348907,8,36,1,70,2.88442876697195,214.224170895353,24.6,27.7,29,pelagic,25.270000457763672,-0.79,25,13.5,3.7661099433898926,3.4000000953674316,0.5,Medium; decline threshold 0.95,9.4,fusiform / normal,0,FALSE,0,8,10,Scorpaenopsis,False stonefish,0,0,1,reef-associated,WaterAssumed,37.25,high,venomous,no special ability,0.5
4922,Anyperodon leucogrammicus,5155,65,3.940000057220459,0.6200000047683716,0.010715199634432793,0.02419999986886978,3.0399999618530273,0.01489999983459711,0.17000000178813934,5,50,0,80,5.08401297818093,57.4108919338698,24.9,28,29,benthic,52.66999816894531,-0.8,25,16.799999237060547,5.12007999420166,3.799999952316284,0.5,Medium; decline threshold 0.95,5.7,fusiform / normal,-1,FALSE,-1,14,16,Anyperodon,Slender grouper,0,0,1,reef-associated,WaterAssumed,52.18,very high,harmless,no special ability,1
4925,Grammistes sexlineatus,5158,30,3.9800000190734863,0.6600000262260437,0.01148150023072958,0.210999995470047,3.059999942779541,0.11400000005960464,0.6869573337754847,1,20,1,130,5.99565141951718,55.3207792958815,25.2,27.9,29,pelagic,26.299999237060547,-0.407555587700404,25,6.462397549741394,1.7597424732112967,1.3611233000710223,0.5,"Please enter values for K, tmax.",9.4,fusiform / normal,0,FALSE,-1,13,14,Grammistes,Goldenstriped soapfish,0,0,1,reef-associated,WaterAssumed,16,very high,reports of ciguatera poisoning,no special ability,1
4926,Sphaeramia orbicularis,5159,10,3.640000104904175,0.5099999904632568,0.022387199103832245,0.1289999932050705,3.059999942779541,0.07970000058412552,0.9599999785423279,0,3,0,5,7.33591021638291,78.9953808128409,26.3,28.6,29.3,pelagic,7.059999942779541,-0.22,25,2.9000000953674316,1.185829997062683,0.8999999761581421,0.5,High; decline threshold 0.99,13.5,short and / or deep,0,FALSE,0,9,9,Sphaeramia,Orbiculate cardinalfish,0,0,1,reef-associated,WaterAssumed,14.21,high,harmless,no special ability,0.75
4979,Chlorurus gibbus,5212,70,2,0,0.013182600028812885,0.16200000047683716,3.049999952316284,0.08630000054836273,0.15000000596046448,6,26,1,50,108.614897949476,7174.0628815569,24.6,28,29,benthic,57.93000030517578,-0.89,25,19.100000381469727,5.860919952392578,4.300000190734863,0.5,Low; decline threshold 0.85,14.2,fusiform / normal,-0.5862357206236788,FALSE,0,13.492241724669299,13.872683928736473,Chlorurus,Heavybeak parrotfish,0,0,1,reef-associated,WaterAssumed,55.5,high,reports of ciguatera poisoning,no special ability,0.5
5029,Setarches guentheri,5264,31.399999618530273,3.450000047683716,0.5600000023841858,0.009120110422372818,0.1289999932050705,3.069999933242798,0.08240000158548355,1.0018632342044749,234,456,150,840,3.15262305963873,492.416893042349,8.8,12.1,18.1,benthic,26.59000015258789,-0.3264333572500908,8,4.545104716267532,1.4288061291649479,1.1474113851137235,0.5,"Please enter values for K, tmax.",3.4,fusiform / normal,0,FALSE,-1,9,11,Setarches,Channeled rockfish,0,0,1,benthopelagic,WaterAssumed,23.02,unknown,venomous,no special ability,0.7505000233650208
5110,Dascyllus aruanus,5345,10,3.3499999046325684,0.4174000024795532,0.022387199103832245,0.0560000017285347,2.950000047683716,0.03550000116229057,0.6700000166893005,2,11,0,20,8.0702288860007,119.667034845107,24.9,28.4,29.3,pelagic,8.359999656677246,-0.4334936297896838,27,5.949490070343018,2.4379799365997314,1.7999999523162842,0.5,Medium; decline threshold 0.95,74.9,short and / or deep,-1,TRUE,0,11,13,Dascyllus,Whitetail dascyllus,0,0,1,reef-associated,WaterAssumed,26.39,unknown,harmless,no special ability,0.5005000233650208
5112,Dascyllus trimaculatus,5347,14,2.990000009536743,0.23999999463558197,0.034673698246479034,0.1080000028014183,2.930000066757202,0.06889999657869339,0.49000000953674316,5,28,0,55,13.4065368358308,537.740147945806,24.6,28,29,benthic,11.4399995803833,-0.4,25,5.699999809265137,2.2210099697113037,1.600000023841858,0.5,High; decline threshold 0.99,39.2,short and / or deep,-1,TRUE,0,14,16,Dascyllus,Threespot dascyllus,0,0,1,reef-associated,WaterAssumed,25.42,unknown,harmless,no special ability,0.5005000233650208
5126,Pomadasys commersonnii,5362,80,3.5299999713897705,0.210999995470047,0.019054599106311798,0.09950000047683716,2.940000057220459,0.0649000033736229,0.2800000011920929,5,25,0,49,5.59565851113803,91.3173167616881,22,26.8,27.9,benthic,65.31999969482422,-0.30398376590441184,27.200000762939453,6.838870048522949,2.1145501136779785,1.5351200103759766,0.5,High; decline threshold 0.99,5.9,fusiform / normal,0,FALSE,0,14,15,Pomadasys,Smallspotted grunter,0,1,1,reef-associated,WaterAssumed,34.02,medium,harmless,no special ability,0.5
5196,Cyclichthys orbicularis,5434,30,3.630000114440918,0.5899999737739563,0.04786299914121628,0.19900000095367432,2.819999933242798,0.1080000028014183,0.4399999976158142,26,87,9,170,4.74565379554636,184.770475276354,22.3,26.8,28.3,benthic,23.969999313354492,-0.37,25,6.400000095367432,1.8044999837875366,1.600000023841858,0.5,High; decline threshold 0.99,9.4,short and / or deep,0,FALSE,0,11,13,Cyclichthys,Birdbeak burrfish,0,0,1,reef-associated,WaterAssumed,28.12,unknown,harmless,no special ability,0.625
5344,Engyprosopon macrolepis,5583,16,3.5799999237060547,0.38999998569488525,0.008511380292475224,0.12099999934434891,3.009999990463257,0.07559999823570251,0.2800000011920929,12,47,3,91,7.4668972736236,264.657833020734,24.3,27.3,29.1,benthic,12.84000015258789,-0.7,25,10,3.8515899181365967,2.799999952316284,0.5,Medium; decline threshold 0.95,29,short and / or deep,-1,FALSE,0,76,85,Engyprosopon,Largescale dwarf flounder,0,0,1,demersal,WaterAssumed,33.59,very high,harmless,no special ability,0.5
5347,Sargocentron marisrubri,5586,22.329999923706055,3.5399999618530273,0.3199999928474426,0.01698240078985691,0.164000004529953,2.9600000381469727,0.08579999953508377,0.800000011920929,74,183,39,350,4.96157764054555,215.513386599622,21.3,23.2,25.8,benthic,18.299999237060547,-0.23,25,3.5,1.3278800249099731,1,0.5,High; decline threshold 0.99,12.7,fusiform / normal,-1,FALSE,-1,13,13,Sargocentron,Smooth dwarf monocle bream,0,0,1,demersal,WaterAssumed,17.11,high,harmless,no special ability,0.5
5348,Epinephelus fasciatus,5587,52,3.7200000286102295,0.41999998688697815,0.01148150023072958,0.023900000378489494,3.0399999618530273,0.011599999852478504,0.15000000596046448,20,45,4,160,6.11007531811504,71.7808228034251,24.5,28,29,benthic,44.11000061035156,-0.8693376219478179,27.5,18.6112003326416,5.710370063781738,4.296870231628418,0.5,Low; decline threshold 0.85,6.2,fusiform / normal,-1,FALSE,-1,15,17,Epinephelus,Blacktip grouper,0,1,1,reef-associated,WaterAssumed,54.05,high,reports of ciguatera poisoning,no special ability,0.5
5353,Epinephelus morrhua,5592,90,3.9700000286102295,0.6499999761581421,0.01288249995559454,0.10999999940395355,3.0399999618530273,0.06909999996423721,0.2199999988079071,112,215,80,370,4.59172845446632,55.8353781533746,14.2,19,23.1,pelagic,73.37000274658203,-0.6439287622550215,25,12.992400169372559,3.8775999546051025,3.023859977722168,0.5,Medium; decline threshold 0.95,6.1,fusiform / normal,-1,FALSE,0,14,15,Epinephelus,Comet grouper,0,0,1,reef-associated,WaterAssumed,42.81,very high,reports of ciguatera poisoning,no special ability,0.5
5354,Variola louti,5593,83,4.329999923706055,0.699999988079071,0.010715199634432793,0.020899999886751175,3.0399999618530273,0.013399999588727951,0.1899999976158142,15,141,3,300,5.57277546357501,38.3908318955797,20.1,27.2,28.9,benthic,60,-0.6898486414923557,29,14.3302001953125,4.331759929656982,3.2761499881744385,0.5,Medium; decline threshold 0.95,6.8,fusiform / normal,-1,FALSE,0,13,14,Variola,Yellow-edged lyretail,0,0,1,reef-associated,WaterAssumed,43.34,very high,reports of ciguatera poisoning,no special ability,0.75
5367,Epinephelus areolatus,5622,53,3.740000009536743,0.29899999499320984,0.01148150023072958,0.06199999898672104,2.9700000286102295,0.039000000804662704,0.20000000298023224,27,99,6,200,5.85327634697345,70.1784086023141,22.4,26.9,28.4,benthic,42.959999084472656,-1.2612148318082075,25,23.772199630737305,6.9494099617004395,5.64132022857666,0.5,Low; decline threshold 0.85,6.8,short and / or deep,-1,FALSE,0,15,17,Epinephelus,Areolate grouper,0,0,1,reef-associated,WaterAssumed,60.54,very high,harmless,no special ability,0.5
5368,Rhabdosargus sarba,5624,80,3.25,0.4699999988079071,0.019054599106311798,0.03790000081062317,2.9600000381469727,0.02370000071823597,0.33000001311302185,6,31,0,60,5.88677886651332,143.505229486775,21.9,28,29,benthic,66.62000274658203,-0.4441170958412861,25,8.64678955078125,2.531630039215088,2.076809883117676,0.5,High; decline threshold 0.99,6.4,short and / or deep,0,FALSE,0,12,13,Rhabdosargus,Goldlined seabream,0,1,1,reef-associated,WaterAssumed,36.48,very high,harmless,no special ability,0.5156000256538391
5374,Stegostoma tigrinum,5630,354,3.0999999046325684,0.4000000059604645,0.0038904501125216484,0.17100000381469727,3.119999885559082,0.09000000357627869,0.35890143183322826,5,30,0,90,7.88734736409687,942.921177888884,24.2,27.6,28.8,benthic,191.9600067138672,-0.71548593308463,25,20.934415379318818,7.284589191357715,4.1464454062747755,0.5,"Please enter values for K, tmax.",2.1,elongated,0,FALSE,0,4.35763806943976,4.3586232498791215,Stegostoma,Zebra shark,0,1,1,reef-associated,WaterAssumed,77.37,unknown,traumatogenic,electrosensing only,1.5
5388,Echidna nebulosa,5647,100,4.170000076293945,0.7099999785423279,3.3113101380877197e-4,0.09650000184774399,3.319999933242798,0.061500001698732376,0.12999999523162842,4,10,0,48,3.65040153397588,100.672398928609,24.9,28.4,29.3,pelagic,98.62999725341797,-0.94,25,22.100000381469727,7.067440032958984,4.699999809265137,0.5,Low; decline threshold 0.85,6.4,eel-like,-1,FALSE,0,0,0,Echidna,Starry moray,0,0,1,reef-associated,WaterAssumed,59.14,medium,harmless,no special ability,0.5001000165939331
5389,Echidna polyzona,5648,97.5999984741211,3.4700000286102295,0.39800000190734863,5.011869943700731e-4,0.09629999846220016,3.309999942779541,0.06239999830722809,0.14000000059604645,2,11,0,20,5.47026408598676,307.621854702729,25.2,28.4,29.3,benthic,80,-0.93,25,20.5,6.376160144805908,4.5,0.5,Low; decline threshold 0.85,7,eel-like,-1,FALSE,0,0,0,Echidna,Barred moray,0,0,1,reef-associated,WaterAssumed,60.14,medium,harmless,no special ability,0.5001000165939331
5391,Gymnothorax favagineus,5650,300,4.389999866485596,0.5099999904632568,3.388439945410937e-4,0.11299999803304672,3.2699999809265137,0.07020000368356705,0.05000000074505806,6,26,1,50,3.39556478279865,85.7958869133231,24.5,28.1,29.1,benthic,300,-1.88,25,58.099998474121094,20.688100814819336,10.699999809265137,0.5,Very low; decline threshold 0.70,2.8,eel-like,-1,FALSE,0,0,0,Gymnothorax,Laced moray,0,1,1,reef-associated,WaterAssumed,85.41,medium,reports of ciguatera poisoning,no special ability,0.5
5392,Gymnothorax flavimarginatus,5651,240,4.159999847412109,0.7200000286102295,3.548130043782294e-4,0.08560000360012054,3.359999895095825,0.05649999901652336,0.05999999865889549,16,73,0,150,3.43398739538436,89.8196689585335,23.7,27.8,29,benthic,237,-1.66,25,48.29999923706055,16.82229995727539,9.100000381469727,0.5,Low; decline threshold 0.85,3.1,eel-like,-1,FALSE,0,0,0,Gymnothorax,Yellow-edged moray,0,0,1,reef-associated,WaterAssumed,83.93,medium,reports of ciguatera poisoning,no special ability,0.5
5396,Gymnothorax rueppelliae,5655,80,4.010000228881836,0.6899999976158142,3.388439945410937e-4,0.08889999985694885,3.319999933242798,0.059300001710653305,0.17000000178813934,4,21,0,40,3.59884961218402,98.4881186207502,24.9,27.7,28.9,benthic,79.06999969482422,-0.76,25,16.899999618530273,5.256840229034424,3.700000047683716,0.5,Medium; decline threshold 0.95,8,eel-like,-1,FALSE,0,0,0,Gymnothorax,Banded moray,0,1,1,reef-associated,WaterAssumed,53.25,medium,harmless,no special ability,0.5
5398,Synodus variegatus,5657,40,4.199999809265137,0.527999997138977,0.0053703198209404945,0.04800000041723251,3.1700000762939453,0.023099999874830246,0.4300000071525574,5,60,0,121,3.41168099670232,87.781415273917,24.2,27.8,29,pelagic,36.79999923706055,-0.3853078051648311,27,6.591440200805664,1.8216400146484375,1.7011499404907227,0.5,High; decline threshold 0.99,10.2,elongated,-1,FALSE,0,10,14,Synodus,Variegated lizardfish,0,0,1,reef-associated,WaterAssumed,29.57,medium,harmless,no special ability,0.5
5399,Taeniura lymma,5658,199.6699981689453,3.7699999809265137,0.44999998807907104,0.010964799672365189,0.2540000081062317,3.109999895095825,0.13099999725818634,0.5909245929134457,2,11,0,20,0.600380344124236,135.921004293744,25.5,28.6,29.3,benthic,163.72999572753906,-0.38742697563217215,25,6.152211501215629,2.0025387389108533,1.6498442724999332,0.5,"Please enter values for K, tmax.",5.4,other,0,FALSE,0,26.296453832730137,28.759674312257076,Taeniura,Ribbontail stingray,0,0,1,reef-associated,WaterAssumed,90,low,venomous,no special ability,0.75
5400,Urogymnus asperrimus,5659,199.6699981689453,3.4800000190734863,0.46000000834465027,0.010232900269329548,0.16500000655651093,3.059999942779541,0.09969999641180038,0.5813258692211621,37,111,15,217,0.659094205317361,164.399426628579,25.4,28.5,29.3,benthic,163.72999572753906,-0.6039830183656412,25,11.3809944150005,3.445411283733947,2.2895752955621558,0.5,"Please enter values for K, tmax.",3.6,other,0,FALSE,0,5.887046712772731,5.395542251347817,Urogymnus,Porcupine whipray,0,1,1,reef-associated,WaterAssumed,90,low,traumatogenic,no special ability,0.5156000256538391
5402,Abantennarius coccineus,5661,13,4.199999809265137,0.7300000190734863,0.026915300637483597,0.20999999344348907,2.9600000381469727,0.11500000208616257,0.9592730203960911,16,30,10,75,3.41168099670232,87.781415273917,24.2,27.7,29,pelagic,10.880000114440918,-0.3870614435004076,25,3.4668082231119324,1.7303616439211562,1.3741608885158911,0.5,"Please enter values for K, tmax.",15.6,short and / or deep,-1,FALSE,-1,12,13,Abantennarius,Scarlet frogfish,0,0,1,reef-associated,WaterAssumed,10,unknown,harmless,no special ability,0.5019999742507935
5403,Abantennarius nummifer,5662,13,4.199999809265137,0.7300000190734863,0.026915300637483597,0.20999999344348907,2.9600000381469727,0.11500000208616257,0.9043024535446544,19,20,0,293,3.41168099670232,87.781415273917,24.2,28.2,29,pelagic,9.220000267028809,-0.39586565785265926,17,3.8330364797005134,1.72827302633682,1.3722689456099164,0.5,"Please enter values for K, tmax.",10.3,short and / or deep,-1,FALSE,-1,12,13,Abantennarius,Spotfin frogfish,0,0,1,reef-associated,WaterAssumed,10,unknown,harmless,no special ability,0.5019999742507935
5404,Hemiramphus far,5663,45,2.690000057220459,0.30000001192092896,0.0038018899504095316,0.05900000035762787,3.0799999237060547,0.0284000001847744,0.5699999928474426,0,4,0,6,10.4478740090275,1798.55723967482,24.7,28.5,29.3,pelagic,40.18000030517578,-0.1894870969878458,17,3.977180004119873,1.1717900037765503,1,0.5,Medium; decline threshold 0.95,5.4,elongated,-1,FALSE,0,12,15,Hemiramphus,Black-barred halfbeak,0,1,1,reef-associated,WaterAssumed,23.6,medium,harmless,no special ability,0.5009999871253967
5408,Myripristis murdjan,5667,60,3.390000104904175,0.1340000033378601,0.017782799899578094,0.11100000143051147,3.069999933242798,0.07050000131130219,0.3199999928474426,6,26,1,50,5.86920747660472,394.045459388404,24.7,28,29,pelagic,47.810001373291016,-0.42,27,9,2.7162299156188965,2.0999999046325684,0.5,High; decline threshold 0.99,4.9,fusiform / normal,-1,FALSE,0,13,15,Myripristis,Pinecone soldierfish,0,0,1,reef-associated,WaterAssumed,35.47,medium,reports of ciguatera poisoning,no special ability,0.5
5425,Arothron hispidus,5687,50,3.4200000762939453,0.47999998927116394,0.039810698479413986,0.10999999940395355,2.819999933242798,0.06809999793767929,0.3400000035762787,6,26,1,50,5.71618360500007,359.867962125841,23.7,27.7,29,benthic,42.060001373291016,-0.42,25,8.399999618530273,2.495110034942627,2,0.5,High; decline threshold 0.99,19.7,short and / or deep,-1,FALSE,0,10,11,Arothron,White-spotted puffer,0,1,1,reef-associated,WaterAssumed,34.01,very high,poisonous to eat,no special ability,0.5
5444,Fistularia commersonii,5709,160,4.260000228881836,0.6600000262260437,9.772370103746653e-4,0.07000000029802322,3.0299999713897705,0.04399999976158142,0.49000000953674316,14,64,0,132,3.38924982350227,84.8200416784652,22,27.5,28.9,pelagic,136.6999969482422,-0.23626643157013702,25,5.8489298820495605,2.0202200412750244,1.2602699995040894,0.5,High; decline threshold 0.99,8.4,elongated,-1,FALSE,0,14,17,Fistularia,Bluespotted cornetfish,0,0,1,reef-associated,WaterAssumed,42.15,unknown,reports of ciguatera poisoning,no special ability,0.625
4659,Diodon holocanthus,5717,50,3.8499999046325684,0.17000000178813934,0.0588844008743763,0.15700000524520874,2.799999952316284,0.094200000166893,0.5199999809265137,2,35,2,200,3.95488867551252,114.827597109913,21.5,27.3,29,benthic,43.2400016784668,-0.31298846084678367,27,5.456240177154541,1.5169399976730347,1.4073200225830078,0.5,High; decline threshold 0.99,7.4,short and / or deep,0,FALSE,0,13,15,Diodon,Longspined porcupinefish,0,0,1,reef-associated,WaterAssumed,27.15,unknown,reports of ciguatera poisoning,no special ability,0.5313000082969666
5454,Centropyge bicolor,5724,15,2.9700000286102295,0.3400000035762787,0.02951209992170334,0.18199999630451202,2.890000104904175,0.09849999845027924,1.3200000524520874,3,14,1,25,9.23502645200459,299.813806335353,25,28.5,29.3,benthic,12.039999961853027,-0.16145196383540592,25,2.1112799644470215,0.8757299780845642,0.6647059917449951,0.5,High; decline threshold 0.99,47.7,short and / or deep,-1,FALSE,0,15,17,Centropyge,Bicolor angelfish,0,0,1,reef-associated,WaterAssumed,10.58,high,harmless,no special ability,0.5
5455,Cynoglossus bilineatus,5725,53.68000030517578,3.890000104904175,0.3199999928474426,0.003630779916420579,0.08630000054836273,3.119999885559082,0.059300001710653305,0.25999999046325684,55,189,10,400,5.80276692508575,214.125094698585,16.9,23.8,28,benthic,44,-0.57,25,11,3.1968300342559814,2.5999999046325684,0.5,Medium; decline threshold 0.95,8.7,elongated,0,FALSE,0,107,113,Cynoglossus,Fourlined tonguesole,0,1,1,demersal,WaterAssumed,46.09,very high,harmless,no special ability,0.5
5459,Labroides dimidiatus,5729,14,3.4600000381469727,0.4399999976158142,0.006025599781423807,0.12800000607967377,3.1600000858306885,0.08370000123977661,0.6700000166893005,1,30,0,100,7.75787112665003,100.878264089392,24.6,27.8,29,pelagic,11.670000076293945,-0.29,25,4.199999809265137,1.6268600225448608,1.2000000476837158,0.5,High; decline threshold 0.99,16,elongated,-1,FALSE,0,10,11,Labroides,Bluestreak cleaner wrasse,0,0,1,reef-associated,WaterAssumed,21.25,medium,harmless,no special ability,0.5038999915122986
5474,Antennarius striatus,5751,25,4.199999809265137,0.7300000190734863,0.026915300637483597,0.20999999344348907,2.9600000381469727,0.11500000208616257,0.5828971628294295,33,40,10,219,3.41168099670232,87.781415273917,18.2,27,28.6,pelagic,20.5,-0.528832036721979,17,6.719202392074265,2.557982097542362,2.062252138570052,0.5,"Please enter values for K, tmax.",6.9,short and / or deep,-1,FALSE,-1,11,12,Antennarius,Striated frogfish,0,1,1,reef-associated,WaterAssumed,13.16,unknown,harmless,no special ability,0.5001999735832214
5482,Cheilodipterus quinquelineatus,5757,13,3.890000104904175,0.4000000059604645,0.009999999776482582,0.10300000011920929,3.049999952316284,0.06769999861717224,0.7599999904632568,4,21,0,40,6.52087905156135,60.1747607491453,24.9,27.9,29,benthic,10.789999961853027,-0.26,25,3.700000047683716,1.454360008239746,1.100000023841858,0.5,High; decline threshold 0.99,14.1,fusiform / normal,0,FALSE,0,9,9,Cheilodipterus,Fiveline cardinalfish,0,0,1,reef-associated,WaterAssumed,18.38,high,harmless,no special ability,0.5
5485,Coris variegata,5760,20,3.5,0.3700000047683716,0.009772369638085365,0.16599999368190765,3.069999933242798,0.09030000120401382,0.47999998927116394,1,6,0,10,7.44555393069226,95.2320915949854,25.1,28.1,29.3,benthic,17.520000457763672,-0.38,25,5.900000095367432,2.188380002975464,1.600000023841858,0.5,High; decline threshold 0.99,12,fusiform / normal,-1,FALSE,0,11.028337495973183,11.635723866910979,Coris,Dapple coris,0,0,1,reef-associated,WaterAssumed,25.85,very high,harmless,no special ability,0.5
5497,Bodianus anthioides,5776,29.280000686645508,3.440000057220459,0.4399999976158142,0.010471300221979618,0.16500000655651093,3.0899999141693115,0.08980000019073486,0.3400000035762787,6,60,6,80,7.2549157286199,103.903707009912,24.4,27.6,28.9,benthic,24,-0.51,25,8.300000190734863,2.249619960784912,2.200000047683716,0.5,High; decline threshold 0.99,10.8,fusiform / normal,-1,FALSE,0,9,10,Bodianus,Lyretail hogfish,0,0,1,reef-associated,WaterAssumed,35.82,very high,harmless,no special ability,0.5
5498,Bodianus axillaris,5777,24.399999618530273,3.4200000762939453,0.44999998807907104,0.010471300221979618,0.16500000655651093,3.0899999141693115,0.08980000019073486,0.4000000059604645,2,40,2,100,7.45953226233614,107.08122617311,24.4,27.5,28.9,benthic,20,-0.45,25,7,2.632050037384033,1.899999976158142,0.5,High; decline threshold 0.99,12,fusiform / normal,-1,FALSE,0,9,10,Bodianus,Axilspot hogfish,0,0,1,reef-associated,WaterAssumed,31.9,very high,harmless,no special ability,0.5
5499,Bodianus bimaculatus,5778,7.199999809265137,3.5199999809265137,0.49000000953674316,0.010471300221979618,0.16500000655651093,3.0899999141693115,0.08980000019073486,1.25,30,60,30,100,7.84990363878497,92.5934389776247,24.6,27.3,28.3,benthic,5.900000095367432,-0.19,25,2.200000047683716,0.999101996421814,0.800000011920929,0.5,High; decline threshold 0.99,25.2,fusiform / normal,-1,FALSE,0,9,10,Bodianus,Twospot hogfish,0,0,1,reef-associated,WaterAssumed,11.03,very high,harmless,no special ability,0.5
5500,Bodianus diana,5779,20.6200008392334,3.880000114440918,0.33000001311302185,0.010471300221979618,0.16500000655651093,3.0899999141693115,0.08980000019073486,0.4699999988079071,6,25,6,80,7.62396597301046,110.427085306918,24.9,27.3,29,benthic,16.899999618530273,-0.4,25,6,2.271399974822998,1.7000000476837158,0.5,High; decline threshold 0.99,13.3,fusiform / normal,0,FALSE,0,10,10,Bodianus,Diana's hogfish,0,0,1,reef-associated,WaterAssumed,28.24,very high,harmless,no special ability,0.5
5503,Rhynchobatus djiddensis,5792,310,3.5999999046325684,0.5799999833106995,0.003630779916420579,0.17900000512599945,3.109999895095825,0.10499999672174454,1.0521457110050099,8,38,1,75,4.87395181318064,202.394589823411,24.5,27.1,29.3,benthic,277.17999267578125,-0.40812240110650583,25,7.716987732041472,2.49701560085599,1.8947059639737212,0.5,"Please enter values for K, tmax.",2.7,elongated,0,FALSE,0,23.9780701161675,27.568308300817698,Rhynchobatus,Giant guitarfish,0,1,1,reef-associated,WaterAssumed,75.76,high,harmless,electrosensing only,0.5023999810218811
5507,Himantura uarnak,5796,410,3.5999999046325684,0.5899999737739563,0.02137959934771061,0.13699999451637268,3.140000104904175,0.09019999951124191,0.5761606490590736,23,36,20,50,0.585938744981547,139.468374185975,24.2,27.8,28.6,benthic,336.20001220703125,-0.4493798211113685,17,7.149510886462947,2.4201027151318306,1.925574495759284,0.5,"Please enter values for K, tmax.",1.6,other,0,FALSE,0,0,0,Himantura,Honeycomb stingray,0,1,1,demersal,WaterAssumed,90,low,traumatogenic,no special ability,0.5001999735832214
5512,Elops machnata,5801,130.97999572753906,3.9700000286102295,0.3140000104904175,0.006918310187757015,0.05860000103712082,2.990000009536743,0.03929999843239784,0.6224958020738893,22,95,0,200,1.61922151120237,13.1026954364627,20.7,26.9,28.4,benthic,107.4000015258789,-0.3543911501225169,25,7.494540350394346,2.4794909186059746,1.7697927110513938,0.5,"Please enter values for K, tmax.",4.2,elongated,-1,FALSE,0,20,27,Elops,Tenpounder,0,1,1,pelagic-neritic,WaterAssumed,65.39,unknown,harmless,no special ability,0.5175999999046326
5524,Epinephelus chlorostigma,5813,80,3.990000009536743,0.6700000166893005,0.010964799672365189,0.029600000008940697,3.0399999618530273,0.012400000356137753,0.12999999523162842,37,142,4,300,4.78464266513109,54.8106501435774,19.1,25.8,28.2,benthic,63.68000030517578,-0.8170771101271554,28.5,17.14699935913086,5.21504020690918,3.8004300594329834,0.5,Medium; decline threshold 0.95,6.7,fusiform / normal,-1,FALSE,0,16,18,Epinephelus,Brownspotted grouper,0,0,1,reef-associated,WaterAssumed,51.04,very high,harmless,no special ability,0.5
5525,Epinephelus tukula,5814,200,4.099999904632568,0.6600000262260437,0.014454400166869164,0.1469999998807907,3.049999952316284,0.08089999854564667,0.12999999523162842,55,189,10,400,3.77983822988306,44.5369615488232,16.8,23.9,27.7,benthic,162.9600067138672,-0.9128990837203997,25,22.163999557495117,7.150889873504639,4.652760028839111,0.5,Low; decline threshold 0.85,4,fusiform / normal,-1,FALSE,-1,14,15,Epinephelus,Potato grouper,0,0,1,reef-associated,WaterAssumed,65.84,very high,harmless,no special ability,0.5
5526,Acanthopagrus berda,5815,90,3.5,0.41999998688697815,0.01819700002670288,0.0697999969124794,2.9700000286102295,0.02290000021457672,0.10000000149011612,12.578479641541918,40.98003500084459,5.252972499953951,50,5.44255969359489,95.2320915949854,21.6,27.8,29,benthic,73.5199966430664,-0.49135788322963236,26,12.008600234985352,3.812230110168457,2.5999999046325684,0.5,Low; decline threshold 0.85,4.5,short and / or deep,0,FALSE,0,10,13,Acanthopagrus,Goldsilk seabream,1,1,1,demersal,WaterAssumed,42.22,very high,harmless,no special ability,0.5
5537,Bolbometopon muricatum,5827,130,2.6700000762939453,0.4099999964237213,0.013489600270986557,0.11900000274181366,3.0199999809265137,0.07320000231266022,0.11999999731779099,4,21,0,40,12.7371848595744,857.74447613538,25.3,28.2,29.1,benthic,110.5,-1.2258457315517914,23,28.774200439453125,9.193829536437988,6.086130142211914,0.5,Low; decline threshold 0.85,12.3,fusiform / normal,-1,FALSE,0,10,10,Bolbometopon,Green humphead parrotfish,0,0,1,reef-associated,WaterAssumed,67.49,high,harmless,no special ability,1
5538,Cetoscarus bicolor,5828,61,2,0,0.01122019998729229,0.11900000274181366,3.0299999713897705,0.0723000019788742,0.3799999952316284,4,16,1,30,113.007715850664,7174.0628815569,24.9,27.9,29.1,benthic,50,-0.39423246388837363,26,7.61644983291626,2.2196500301361084,1.8748500347137451,0.5,High; decline threshold 0.99,17.1,fusiform / normal,-0.21752665019207107,FALSE,0,11.446997242963652,11.806322778722636,Cetoscarus,Bicolour parrotfish,0,0,1,reef-associated,WaterAssumed,33.69,high,harmless,no special ability,0.75
5546,Scarus frenatus,5836,47,2,0,0.01698240078985691,0.10700000077486038,3.0799999237060547,0.06849999725818634,0.8100000023841858,2,13,0,25,120.556306559358,7174.0628815569,24.7,28.2,29.3,benthic,36.06999969482422,-0.1964008643925566,26,3.5072999000549316,1.0234500169754028,0.8937190175056458,0.5,High; decline threshold 0.99,21.4,fusiform / normal,-1,FALSE,0,10,10,Scarus,Bridled parrotfish,0,0,1,reef-associated,WaterAssumed,22.52,high,harmless,no special ability,0.5
5548,Scarus ghobban,5838,75,2,0,0.014454400166869164,0.03920000046491623,3.0399999618530273,0.016899999231100082,0.14000000059604645,10,45,1,90,100.186377845629,7174.0628815569,24.5,28,29.1,benthic,58.61000061035156,-0.33,27,8.7609100341796875,2.7550699710845947,2,0.5,High; decline threshold 0.99,0,fusiform / normal,0,FALSE,0,10,10,Scarus,Blue-barred parrotfish,0,1,1,reef-associated,WaterAssumed,36.1,high,harmless,no special ability,0.5
5550,Scarus niger,5840,44.400001525878906,2,0,0.015488199889659882,0.043299999088048935,3.049999952316284,0.01759999990463257,0.5799999833106995,3,16,0,30,124.61977316706,7174.0628815569,24.9,28.3,29.3,benthic,36.61000061035156,-0.22593545846898225,25.799999237060547,3.940730094909668,1.110509991645813,1.0161800384521484,0.5,High; decline threshold 0.99,21.8,fusiform / normal,0,FALSE,0,10,10,Scarus,Dusky parrotfish,0,0,1,reef-associated,WaterAssumed,23.38,high,harmless,no special ability,0.5
5553,Scarus psittacus,5843,43,2,0,0.015135600231587887,0.03970000147819519,3.0399999618530273,0.016899999231100082,0.5099999904632568,4,14,2,25,128.233087624337,7174.0628815569,24.7,28.1,29,benthic,35.83000183105469,-0.28001656939754976,26.399999618530273,4.726659774780273,1.2935999631881714,1.2352299690246582,0.5,High; decline threshold 0.99,21.1,fusiform / normal,0,FALSE,0,10,10,Scarus,Common parrotfish,0,0,1,reef-associated,WaterAssumed,25.24,high,reports of ciguatera poisoning,no special ability,0.5
5555,Scarus rubroviolaceus,5845,70,2,0,0.014791100285947323,0.03959999978542328,3.049999952316284,0.01730000041425228,0.5299999713897705,4,19,1,36,108.614897949476,7174.0628815569,24.9,28.3,29.3,benthic,55.11000061035156,-0.24783958312211515,27,4.924570083618164,1.4486600160598755,1.1817699670791626,0.5,High; decline threshold 0.99,17.3,fusiform / normal,0,FALSE,0,10,10,Scarus,Ember parrotfish,0,0,1,reef-associated,WaterAssumed,29.54,high,harmless,no special ability,0.5
5556,Chlorurus sordidus,5846,40,2.619999885559082,0.28999999165534973,0.014125400222837925,0.034699998795986176,3.059999942779541,0.021199999377131462,0.5099999904632568,5,26,0,50,21.5556955428386,1024.57898228555,24.6,27.5,28.8,benthic,34.90999984741211,-0.3567780885227605,26.09999990463257,5.728409767150879,2.121229887008667,1.5459400415420532,0.5,High; decline threshold 0.99,26.4,fusiform / normal,-1,FALSE,0,10,10,Chlorurus,Daisy parrotfish,0,1,1,reef-associated,WaterAssumed,27.02,high,reports of ciguatera poisoning,no special ability,0.5
5557,Chaetodon auriga,5847,25,3.690000057220459,0.30000001192092896,0.02511890046298504,0.09679999947547913,2.9800000190734863,0.06599999964237213,0.8299999833106995,6,31,0,60,6.72608533752151,74.3301949956564,25.5,28,29,benthic,21.200000762939453,-0.31902294606498416,27,4.599009990692139,1.791759967803955,1.3093500137329102,0.5,High; decline threshold 0.99,13.2,short and / or deep,-1,TRUE,0,22,25,Chaetodon,Threadfin butterflyfish,0,0,1,reef-associated,WaterAssumed,23.31,unknown,reports of ciguatera poisoning,no special ability,0.5
5561,Chaetodon citrinellus,5851,13,3.5199999809265137,0.30000001192092896,0.02290870063006878,0.09920000284910202,2.950000047683716,0.066600002348423,0.9700000286102295,1,5,0,36,7.63882971894769,92.5934389776247,25,28.3,29.3,benthic,10.619999885559082,-0.2,25,2.9000000953674316,1.1432100534439087,0.800000011920929,0.5,High; decline threshold 0.99,13.2,short and / or deep,-1,TRUE,0,20,22,Chaetodon,Speckled butterflyfish,0,0,1,reef-associated,WaterAssumed,14.21,unknown,harmless,no special ability,0.5
5564,Chaetodon lineolatus,5855,30,3.390000104904175,0.550000011920929,0.023442300036549568,0.11299999803304672,2.940000057220459,0.07320000231266022,0.44999998807907104,20,83,2,171,7.3040653952906,112.169124857551,23.7,27.6,28.9,benthic,25.18000030517578,-0.36,25,6.300000190734863,1.7661800384521484,1.600000023841858,0.5,High; decline threshold 0.99,8.3,short and / or deep,-1,TRUE,0,24,27,Chaetodon,Lined butterflyfish,0,0,1,reef-associated,WaterAssumed,27.81,unknown,harmless,no special ability,0.5
5566,Chaetodon melannotus,5856,25,4.349999904632568,0.17000000178813934,0.023442300036549568,0.09950000047683716,3,0.06710000336170197,0.5299999713897705,4,12,2,20,7.56530080832975,37.4825975028253,24.6,28.4,29.3,benthic,21.6200008392334,-1.1809879084650805,25,20.247600555419922,5.584589958190918,5.300000190734863,0.5,Low; decline threshold 0.85,8.3,short and / or deep,-1,TRUE,0,18,21,Chaetodon,Blackback butterflyfish,0,0,1,reef-associated,WaterAssumed,48.06,unknown,harmless,no special ability,0.5
5578,Chaetodon trifascialis,5868,18,3.3399999141693115,0.6100000143051147,0.021877599880099297,0.09830000251531601,2.950000047683716,0.06710000336170197,0.9700000286102295,3,10,0,30,7.7791582799391,121.690915923729,24.9,28.3,29.3,benthic,15.430000305175781,-0.15394784336223075,27,2.1716299057006836,0.8688430190086365,0.64935702085495,0.5,High; decline threshold 0.99,15.1,short and / or deep,-1,TRUE,0,14,16,Chaetodon,Chevron butterflyfish,0,0,1,reef-associated,WaterAssumed,10.89,unknown,harmless,no special ability,0.5
5579,Chaetodon trifasciatus,5869,15,3.3399999141693115,0.6100000143051147,0.023442300036549568,0.08479999750852585,3.049999952316284,0.05920000001788139,1.6399999856948853,5.788355685075895,24.842853473207324,0.5382016222471068,30,7.88999159079062,121.690915923729,24.71818505735162,27.661995244864485,29.282749722533467,benthic,12.40999984741211,-0.09258503112076116,27,1.48635995388031,0.4530540108680725,0.42071500420570374,0.5,High; decline threshold 0.99,11.5,short and / or deep,-1,TRUE,0,20,22,Chaetodon,Melon butterflyfish,0,0,1,reef-associated,WaterAssumed,10,unknown,harmless,no special ability,0.5
5584,Forcipiger flavissimus,5874,22,3.0899999141693115,0.23999999463558197,0.022387199103832245,0.1550000011920929,3.009999990463257,0.08789999783039093,0.6000000238418579,15,70,0,145,7.95092952174926,209.286881070674,24.3,27.5,28.8,benthic,18.579999923706055,-0.29,25,4.699999809265137,1.749269962310791,1.2999999523162842,0.5,High; decline threshold 0.99,11.4,short and / or deep,-1,FALSE,0,19,25,Forcipiger,Forcepsfish,0,0,1,reef-associated,WaterAssumed,23.21,unknown,harmless,no special ability,0.625
5585,Forcipiger longirostris,5875,22,3.5,0.5,0.02290870063006878,0.14100000262260437,3.0199999809265137,0.08410000056028366,0.6000000238418579,22,95,0,200,7.37541033654428,95.2320915949854,24.7,27.9,29,benthic,19.829999923706055,-0.29,25,4.699999809265137,1.749269962310791,1.2999999523162842,0.5,High; decline threshold 0.99,8.9,short and / or deep,-1,FALSE,0,24,28,Forcipiger,Longnose butterflyfish,0,0,1,reef-associated,WaterAssumed,23.21,unknown,harmless,no special ability,0.625
5590,Heniochus monoceros,5880,24,3.5,0.3700000047683716,0.02041739970445633,0.10400000214576721,3.049999952316284,0.07000000029802322,0.550000011920929,4,17,2,30,7.30580674036874,95.2320915949854,24.7,28.3,29.3,benthic,21.06999969482422,-0.31,25,5.099999904632568,1.3959399461746216,1.399999976158142,0.5,High; decline threshold 0.99,8.4,short and / or deep,-1,FALSE,0,24,27,Heniochus,Masked bannerfish,0,0,1,reef-associated,WaterAssumed,24.38,unknown,harmless,no special ability,0.5038999915122986
5594,Pseudodax moluccanus,5886,30,2.819999933242798,0.25999999046325684,0.00954992976039648,0.17299999296665192,3.0999999046325684,0.09449999779462814,0.33000001311302185,4,40,3,60,11.7529686317976,500.726752151318,25.5,28,29,benthic,25.049999237060547,-0.5,25,8.600000381469727,2.3993399143218994,2.200000047683716,0.5,High; decline threshold 0.99,32.1,fusiform / normal,-1,FALSE,0,12,12,Pseudodax,Chiseltooth wrasse,0,0,1,reef-associated,WaterAssumed,32.5,very high,harmless,no special ability,1
5595,Oxycheilinus arenatus,5887,21,3.859999895095825,0.6399999856948853,0.015488199889659882,0.18299999833106995,2.950000047683716,0.10100000351667404,0.46000000834465027,30,51,11,90,6.32115274538128,61.9412326252889,25.4,27.7,28.6,benthic,18.239999771118164,-0.39,25,6.099999904632568,2.287169933319092,1.7000000476837158,0.5,High; decline threshold 0.99,11.7,fusiform / normal,-1,FALSE,0,10,10,Oxycheilinus,Speckled maori wrasse,0,0,1,reef-associated,WaterAssumed,26.73,very high,harmless,no special ability,0.5009999871253967
5596,Oxycheilinus bimaculatus,5888,16.399999618530273,3.5,0.5699999928474426,0.019054599106311798,0.11299999803304672,2.7699999809265137,0.0729999989271164,0.5799999833106995,14,60,2,120,7.62333178096559,95.2320915949854,25.2,28,29,benthic,11.84000015258789,-0.33,25,4.800000190734863,1.8637100458145142,1.399999976158142,0.5,High; decline threshold 0.99,13.6,fusiform / normal,-1,TRUE,0,10,11,Oxycheilinus,Two-spot wrasse,0,0,1,reef-associated,WaterAssumed,23.46,very high,harmless,no special ability,0.5009999871253967
5599,Oxycheilinus digramma,5891,48.79999923706055,3.690000057220459,0.36000001430511475,0.019054599106311798,0.14100000262260437,2.9600000381469727,0.08489999920129776,0.20999999344348907,8,32,3,60,5.95037119481283,74.3301949956564,25.4,28,29.1,benthic,40,-0.73,25,13.600000381469727,3.9216198921203613,3.299999952316284,0.5,Medium; decline threshold 0.95,6.7,fusiform / normal,-1,FALSE,0,10,10,Oxycheilinus,Cheeklined wrasse,0,1,1,reef-associated,WaterAssumed,49.46,very high,harmless,no special ability,0.5009999871253967
5600,Cheilinus fasciatus,5892,48.79999923706055,3.369999885559082,0.4000000059604645,0.015488199889659882,0.18299999833106995,2.950000047683716,0.10100000351667404,0.20999999344348907,4,40,4,80,6.69958563156501,115.805660092505,24.7,28,29,benthic,40,-0.73,25,13.600000381469727,3.9216198921203613,3.299999952316284,0.5,Medium; decline threshold 0.95,7.9,fusiform / normal,0,FALSE,0,10,10,Cheilinus,Redbreasted wrasse,0,0,1,reef-associated,WaterAssumed,49.46,very high,harmless,no special ability,0.5038999915122986
5601,Oxycheilinus orientalis,5893,20,3.799999952316284,0.6200000047683716,0.015488199889659882,0.18299999833106995,2.950000047683716,0.10100000351667404,0.47999998927116394,8,40,0,80,6.47960605320468,65.7929858624106,25,27.9,28.9,benthic,16.270000457763672,-0.38,25,5.900000095367432,2.188380002975464,1.600000023841858,0.5,High; decline threshold 0.99,12,fusiform / normal,-1,FALSE,0,10,10,Oxycheilinus,Oriental maori wrasse,0,0,1,reef-associated,WaterAssumed,25.85,very high,harmless,no special ability,0.5009999871253967
5604,Cheilinus undulatus,5896,279.3800048828125,3.990000009536743,0.6100000143051147,0.014454400166869164,0.05770000070333481,2.9800000190734863,0.03869999945163727,0.05999999865889549,10,50,0,100,3.10601610462424,54.8106501435774,24.9,27.5,28.8,benthic,229,-1.1400010955707163,23,28.860000610351563,9.486720085144043,5.893439769744873,0.5,Low; decline threshold 0.85,2.9,fusiform / normal,-1,FALSE,0,10,10,Cheilinus,Humphead wrasse,0,0,1,reef-associated,WaterAssumed,73.88,very high,reports of ciguatera poisoning,no special ability,0.5038999915122986
5606,Epibulus insidiator,5898,65.87999725341797,4.010000228881836,0.6600000262260437,0.021877599880099297,0.1340000033378601,2.950000047683716,0.08410000056028366,0.1599999964237213,5,26,0,50,5.09606154578638,53.8019799482361,24.7,27.9,29,pelagic,54,-0.9,25,17.799999237060547,5.3312602043151855,4.199999809265137,0.5,Medium; decline threshold 0.95,5.6,short and / or deep,-1,FALSE,0,9,11,Epibulus,Sling-jaw wrasse,0,0,1,reef-associated,WaterAssumed,56.87,very high,reports of ciguatera poisoning,no special ability,0.75
5609,Novaculoides macrolepidotus,5901,16,3.390000104904175,0.5400000214576721,0.00954992976039648,0.15700000524520874,3.009999990463257,0.09220000356435776,0.6000000238418579,5,15,3,25,7.80525810180512,112.169124857551,24.7,28.1,29.2,benthic,13.279999732971191,-0.32,25,4.699999809265137,1.8040800094604492,1.2999999523162842,0.5,High; decline threshold 0.99,13.7,fusiform / normal,-1,FALSE,0,12,14,Novaculoides,Seagrass wrasse,0,0,1,reef-associated,WaterAssumed,23.01,very high,harmless,no special ability,1
5610,Novaculichthys taeniourus,5902,30,3.25,0.4000000059604645,0.014791100285947323,0.14900000393390656,3.0399999618530273,0.093299999833107,0.33000001311302185,5,14,3,25,7.38572755765362,143.505229486775,24.9,28.3,29.3,benthic,24.399999618530273,-0.5,27,8.600000381469727,2.3993399143218994,2.200000047683716,0.5,High; decline threshold 0.99,8.6,fusiform / normal,-1,TRUE,0,12,13,Novaculichthys,Rockmover wrasse,0,0,1,reef-associated,WaterAssumed,32.5,very high,harmless,no special ability,1
5613,Iniistius pavo,5905,42,3.5399999618530273,0.46000000834465027,0.010715199634432793,0.15399999916553497,3.0899999141693115,0.09189999848604202,0.23999999463558197,20,50,1,100,6.60362558705816,90.0690420277403,24.2,27.8,29,benthic,35.09000015258789,-0.63,25,11.899999618530273,3.437809944152832,2.9000000953674316,0.5,Medium; decline threshold 0.95,6.7,fusiform / normal,-1,TRUE,0,12,13,Iniistius,Peacock wrasse,0,0,1,reef-associated,WaterAssumed,37.56,very high,harmless,no special ability,0.5
5616,Pseudocheilinus evanidus,5910,9,3.5,0.3700000047683716,0.010715199634432793,0.2029999941587448,3.0299999713897705,0.10999999940395355,1.0099999904632568,6,20,0,61,7.84152084446291,95.2320915949854,24.9,27.7,28.9,benthic,7.599999904632568,-0.22,25,2.799999952316284,1.1525700092315674,0.8999999761581421,0.5,High; decline threshold 0.99,19.5,fusiform / normal,-1,TRUE,0,11,13,Pseudocheilinus,Striated wrasse,0,0,1,reef-associated,WaterAssumed,13.79,very high,harmless,no special ability,0.5077999830245972
5617,Pseudocheilinus hexataenia,5911,10,3.4000000953674316,0.38999998569488525,0.010715199634432793,0.19599999487400055,3.0299999713897705,0.11100000143051147,0.9200000166893005,4,35,1,35,8.01525729625459,110.427085306918,24.5,27.8,29,pelagic,8.350000381469727,-0.23,25,3,1.2369500398635864,0.8999999761581421,0.5,High; decline threshold 0.99,16.5,fusiform / normal,-1,FALSE,0,11,12,Pseudocheilinus,Sixline wrasse,0,0,1,reef-associated,WaterAssumed,14.62,very high,harmless,no special ability,0.5077999830245972
5620,Pteragogus cryptus,5914,9.050000190734863,3.380000114440918,0.4399999976158142,0.010715199634432793,0.2029999941587448,3.0299999713897705,0.10999999940395355,1.0099999904632568,6,23,2,43,7.82312379086113,95.2320915949854,26,28,29,benthic,7.420000076293945,-0.23,25,2.700000047683716,1.167639970779419,0.8999999761581421,0.5,High; decline threshold 0.99,48,short and / or deep,-0.16995661583714397,FALSE,0,9,9,Pteragogus,Green sweeper,0,0,1,reef-associated,WaterAssumed,13.37,high,harmless,no special ability,0.5005000233650208
5623,Cheilio inermis,5917,61,3.490000009536743,0.5400000214576721,0.003388440003618598,0.07739999890327454,3.130000114440918,0.051100000739097595,0.17000000178813934,2,30,1,30,6.16030443260474,96.5961336394068,24.4,27.7,29,benthic,50,-0.86,25,16.799999237060547,4.9702301025390625,3.9000000953674316,0.5,Medium; decline threshold 0.95,8,elongated,-1,FALSE,0,12,13,Cheilio,Cigar wrasse,0,0,1,reef-associated,WaterAssumed,54.79,very high,reports of ciguatera poisoning,no special ability,1
5624,Coris aygula,5918,120,3.7300000190734863,0.5338000059127808,0.008128300309181213,0.12399999797344208,3.119999885559082,0.07559999823570251,0.09000000357627869,2,30,2,30,4.41725386948155,70.970192509181,24.6,27.5,29,benthic,105.31999969482422,-1.31,25,32,10.40250015258789,6.599999904632568,0.5,Low; decline threshold 0.85,3.3,fusiform / normal,-1,FALSE,0,12,13,Coris,Clown coris,0,0,1,reef-associated,WaterAssumed,70.96,very high,harmless,no special ability,0.5
5630,Halichoeres margaritaceus,5924,15.25,3.6600000858306885,0.5,0.009772369638085365,0.164000004529953,3.0799999237060547,0.08760000020265579,0.6200000047683716,0,3,0,5,7.08470454437939,77.0644719092502,24.7,28.4,29.1,benthic,12.5,-0.33,25,4.5,1.7777899503707886,1.2999999523162842,0.5,High; decline threshold 0.99,16,fusiform / normal,-1,FALSE,0,11,11,Halichoeres,Pink-belly wrasse,0,0,1,reef-associated,WaterAssumed,23.23,very high,harmless,no special ability,0.5
5631,Halichoeres marginatus,5925,18,3.190000057220459,0.17000000178813934,0.010715199634432793,0.12300000339746475,3.1500000953674316,0.07530000060796738,0.7200000286102295,3,16,0,30,7.85619261892315,163.02272967761,25,28.3,29.3,benthic,15.229999542236328,-0.2499455424911341,27,3.916719913482666,1.4769599437713623,1.0757100582122803,0.5,High; decline threshold 0.99,12.2,fusiform / normal,-1,FALSE,0,13,14,Halichoeres,Dusky wrasse,0,0,1,reef-associated,WaterAssumed,19.61,very high,harmless,no special ability,0.5
5633,Halichoeres scapularis,5927,20,3.5,0.5,0.010232900269329548,0.12200000137090683,3.140000104904175,0.07490000128746033,0.6200000047683716,3,11,1,20,7.44555393069226,95.2320915949854,26.2,28.6,29.3,benthic,16.389999389648438,-0.28260301692947465,27,4.55610990524292,1.6922999620437622,1.2341300249099731,0.5,High; decline threshold 0.99,11.5,fusiform / normal,-1,FALSE,0,11,11,Halichoeres,Zigzag wrasse,0,0,1,reef-associated,WaterAssumed,22.5,very high,harmless,no special ability,0.5
5636,Hemigymnus melapterus,5930,39.599998474121094,3.549999952316284,0.44999998807907104,0.014791100285947323,0.09700000286102295,3.0199999809265137,0.06549999862909317,0.25999999046325684,5,30,0,30,6.47890555710906,88.8479422261506,24.6,27.8,29,benthic,34.04999923706055,-0.59,25,10.899999618530273,3.1545801162719727,2.700000047683716,0.5,Medium; decline threshold 0.95,7.1,fusiform / normal,-1,FALSE,0,10,11,Hemigymnus,Blackeye thicklip,0,0,1,reef-associated,WaterAssumed,36.35,very high,harmless,no special ability,0.625
5637,Hologymnosus annulatus,5931,40,4.199999809265137,0.7300000190734863,0.009772369638085365,0.16599999368190765,3.069999933242798,0.09030000120401382,0.25999999046325684,11,25,8,40,6.24914815667902,44.5369615488232,24.7,28,29.1,pelagic,34.7400016784668,-0.59,25,10.899999618530273,3.1670799255371094,2.700000047683716,0.5,Medium; decline threshold 0.95,7.9,fusiform / normal,-1,FALSE,0,12,12,Hologymnosus,Ring wrasse,0,0,1,reef-associated,WaterAssumed,36.4,very high,harmless,no special ability,0.5625
5638,Hologymnosus doliatus,5932,50,3.7899999618530273,0.5699999928474426,0.004897790029644966,0.19499999284744263,3.130000114440918,0.10700000077486038,0.20999999344348907,5,30,1,35,5.64267328018409,66.4833409667388,24.7,27.6,28.9,benthic,42.7599983215332,-0.69,25,13.600000381469727,4.029709815979004,3.200000047683716,0.5,Medium; decline threshold 0.95,6.9,elongated,-1,FALSE,0,12,12,Hologymnosus,Pastel ringwrasse,0,0,1,reef-associated,WaterAssumed,42.39,very high,harmless,no special ability,0.5625
5641,Stethojulis strigiventer,5935,15,3.140000104904175,0.10000000149011612,0.008128300309181213,0.11100000143051147,3,0.07039999961853027,0.6299999952316284,3,9,2,15,8.04978110209203,183.617479979906,24.9,28.4,29.3,benthic,13.720000267028809,-0.31,25,4.5,1.7202399969100952,1.2999999523162842,0.5,High; decline threshold 0.99,13.4,fusiform / normal,-1,FALSE,0,11,11,Stethojulis,Three-ribbon wrasse,0,0,1,reef-associated,WaterAssumed,22.42,very high,harmless,no special ability,0.5009999871253967
5645,Thalassoma lunare,5939,45,4.159999847412109,0.27000001072883606,0.01258930005133152,0.09629999846220016,2.9600000381469727,0.06300000101327896,0.1899999976158142,1,20,1,20,6.6112374960025,95.2320915949854,24.6,28,29,benthic,39.08000183105469,-0.79,17,15,4.3685197830200195,3.5999999046325684,0.5,Medium; decline threshold 0.95,4.8,fusiform / normal,-1,FALSE,0,13,13,Thalassoma,Moon wrasse,0,0,1,reef-associated,WaterAssumed,47.82,very high,harmless,no special ability,0.5
5647,Thalassoma purpureum,5941,46,3.680000066757202,0.4000000059604645,0.009999999776482582,0.1770000010728836,3.049999952316284,0.08889999985694885,0.2199999988079071,1,6,0,10,6.12237855876709,77.0644719092502,24.6,28.3,29.3,benthic,38.720001220703125,-0.67,25,13,3.8041601181030273,3.0999999046325684,0.5,Medium; decline threshold 0.95,7.3,fusiform / normal,-1,FALSE,0,12,14,Thalassoma,Surge wrasse,0,0,1,reef-associated,WaterAssumed,39.8,very high,harmless,no special ability,0.5
5649,Thalassoma trilobatum,5943,30,3.75,0.5776000022888184,0.009999999776482582,0.1770000010728836,3.049999952316284,0.08889999985694885,0.33000001311302185,1,6,0,10,6.31571967567663,69.4049776044116,24.9,28.3,29.3,benthic,24.799999237060547,-0.5,25,8.600000381469727,2.3993399143218994,2.200000047683716,0.5,High; decline threshold 0.99,9.4,fusiform / normal,-1,FALSE,0,13,13,Thalassoma,Christmas wrasse,0,0,1,reef-associated,WaterAssumed,32.5,very high,harmless,no special ability,0.5
5650,Labroides bicolor,5944,15,4.019999980926514,0.6700000166893005,0.004897790029644966,0.19499999284744263,3.130000114440918,0.10700000077486038,0.6299999952316284,2,20,0,40,6.48124143475143,53.3025974833986,24.7,27.6,28.9,pelagic,12,-0.31,25,4.5,1.7202399969100952,1.2999999523162842,0.5,High; decline threshold 0.99,14.3,elongated,0,FALSE,0,10,11,Labroides,Bicolor cleaner wrasse,0,0,1,reef-associated,WaterAssumed,22.42,very high,harmless,no special ability,0.5038999915122986
5657,Plicomugil labiosus,5949,48.79999923706055,2.4100000858306885,0.2199999988079071,0.009772369638085365,0.10899999737739563,2.890000104904175,0.06840000301599503,0.27000001072883606,0,2,0,3,157.46289862571,145987.69180648,25.2,28.5,29.3,benthic,40,-0.57,25,10.5,3.0479300022125244,2.5999999046325684,0.5,Medium; decline threshold 0.95,31.1,fusiform / normal,0,FALSE,0,9,10,Plicomugil,Hornlip mullet,0,0,1,reef-associated,WaterAssumed,45.16,high,harmless,no special ability,1
5659,Moolgarda seheli,5951,60,2.319999933242798,0.14000000059604645,0.012022599577903748,0.02930000051856041,2.9600000381469727,0.017899999395012856,0.25999999046325684,0,2,0,3,87.0171268807795,75545.612656812,25.2,28.5,29.3,benthic,50.459999084472656,-0.6006559685114243,27,12.38640022277832,3.7269999980926514,2.8701701164245605,0.5,Medium; decline threshold 0.95,24.4,fusiform / normal,-1,FALSE,0,8,9,Moolgarda,Bluespot mullet,1,1,1,reef-associated,WaterAssumed,39.5,high,harmless,no special ability,0.5156000256538391
5653,Moolgarda crenilabis,5952,60,2.3399999141693115,0.10000000149011612,0.015848899260163307,0.09790000319480896,2.9600000381469727,0.0649000033736229,0.2199999988079071,2,11,0,20,94.3309740471511,82823.0988950058,24.6,28.3,29.3,pelagic,49.20000076293945,-0.63,25,13,3.9317901134490967,3,0.5,Medium; decline threshold 0.95,18.2,fusiform / normal,-1,FALSE,0,9,10,Moolgarda,Fringelip mullet,0,1,1,reef-associated,WaterAssumed,42.33,medium,reports of ciguatera poisoning,no special ability,0.5156000256538391
5679,Chromis viridis,5972,10,2.9200000762939453,0.10899999737739563,0.02041739970445633,0.10999999940395355,2.9000000953674316,0.06939999759197235,0.6700000166893005,3,11,1,20,10.2669352532901,353.659069013562,24.6,28.3,29.3,pelagic,7.940000057220459,-0.32,27,4.199999809265137,1.6943199634552002,1.2999999523162842,0.5,High; decline threshold 0.99,46.6,short and / or deep,-1,TRUE,0,9,11,Chromis,Blue green damselfish,0,0,1,reef-associated,WaterAssumed,21.46,unknown,harmless,no special ability,0.5
5680,Chromis weberi,5973,13.5,3.4000000953674316,0.44999998807907104,0.0123027004301548,0.17599999904632568,3.0299999713897705,0.09740000218153,0.5,6,22,3,40,7.88441877852595,110.427085306918,25.8,28,29,pelagic,11.069999694824219,-0.4,25,5.599999904632568,2.1985700130462646,1.600000023841858,0.5,High; decline threshold 0.99,15.3,fusiform / normal,-1,TRUE,0,11,12,Chromis,Weber's chromis,0,0,1,reef-associated,WaterAssumed,25.07,unknown,harmless,no special ability,0.5
5687,Abudefduf septemfasciatus,5980,23,3.009999990463257,0.3799999952316284,0.022387199103832245,0.18799999356269836,3.069999933242798,0.09510000050067902,0.3100000023841858,2,11,0,20,8.45030796284731,264.246869605531,25.6,28.6,29.3,benthic,17.399999618530273,-0.57,25,9.100000381469727,2.4463300704956055,2.4000000953674316,0.5,High; decline threshold 0.99,11.1,short and / or deep,-1,TRUE,0,12,14,Abudefduf,Banded sergeant,0,0,1,reef-associated,WaterAssumed,32.58,unknown,harmless,no special ability,0.5
5688,Abudefduf sexfasciatus,5981,19,2.700000047683716,0.30000001192092896,0.021877599880099297,0.12399999797344208,3.0899999141693115,0.07649999856948853,0.3700000047683716,3,11,1,20,17.9755773214821,770.275180221947,24.7,28.4,29.3,benthic,14.149999618530273,-0.5,25,7.599999904632568,2.870759963989258,2.0999999046325684,0.5,High; decline threshold 0.99,33,short and / or deep,-1,TRUE,0,12,16,Abudefduf,Scissortail sergeant,0,0,1,reef-associated,WaterAssumed,30.09,unknown,harmless,no special ability,0.5
5689,Abudefduf sordidus,5982,24,2.690000057220459,0.30000001192092896,0.025704000145196915,0.13300000131130219,3.0999999046325684,0.08009999990463257,0.30000001192092896,0,2,0,3,16.9691711484117,743.079127532133,24.7,28.4,29.3,benthic,19.700000762939453,-0.58,25,9.399999618530273,2.547569990158081,2.5,0.5,Medium; decline threshold 0.95,25.1,short and / or deep,-1,TRUE,0,14,16,Abudefduf,Blackspot sergeant,0,1,1,reef-associated,WaterAssumed,33.11,unknown,harmless,no special ability,0.5
5693,Chrysiptera biocellata,5986,12.5,2,0,0.023442300036549568,0.15600000321865082,2.9800000190734863,0.08879999816417694,0.7400000095367432,0,3,0,5,141.991078723996,7174.0628815569,25.4,28.5,29.3,benthic,10.539999961853027,-0.27180253054697806,27,3.782249927520752,1.503600001335144,1.1072299480438232,0.5,High; decline threshold 0.99,44.2,short and / or deep,-1,TRUE,0,12,14,Chrysiptera,Twinspot damselfish,0,0,1,reef-associated,WaterAssumed,19.01,unknown,harmless,no special ability,0.5
5702,Chrysiptera unimaculata,5995,10,2.0799999237060547,0.23999999463558197,0.014454400166869164,0.18400000035762787,3,0.10199999809265137,0.6700000166893005,0,2,0,3,119.378353627337,5665.52017667288,25.2,28.4,29.3,benthic,7.789999961853027,-0.32,25,4.199999809265137,1.6943199634552002,1.2999999523162842,0.5,High; decline threshold 0.99,45.6,fusiform / normal,-1,TRUE,0,13,14,Chrysiptera,Onespot demoiselle,0,0,1,reef-associated,WaterAssumed,21.46,unknown,harmless,no special ability,0.5
5705,Neopomacentrus taeniurus,5998,10,3.4000000953674316,0.44999998807907104,0.014454400166869164,0.18400000035762787,3,0.10199999809265137,0.6700000166893005,0,2,0,3,8.01525729625459,110.427085306918,26.8,28.7,29.3,pelagic,7.099999904632568,-0.32,25,4.199999809265137,1.6943199634552002,1.2999999523162842,0.5,High; decline threshold 0.99,17.5,fusiform / normal,-1,TRUE,0,11,12,Neopomacentrus,Freshwater demoiselle,1,1,1,demersal,WaterAssumed,21.46,unknown,harmless,no special ability,0.5
5707,Neoglyphidodon melas,6000,18,3.430000066757202,0.4399999976158142,0.023442300036549568,0.15600000321865082,2.9800000190734863,0.08879999816417694,0.38999998569488525,2,7,1,12,7.67198129129284,105.472492397164,25.1,28.4,29.3,benthic,14.479999542236328,-0.48,25,7.199999809265137,2.7457399368286133,2,0.5,High; decline threshold 0.99,12.8,short and / or deep,-1,TRUE,0,13,15,Neoglyphidodon,Bowtie damselfish,0,0,1,reef-associated,WaterAssumed,29.33,unknown,harmless,no special ability,0.5019999742507935
5712,Stegastes lacrymatus,6005,10,2.2200000286102295,0.20000000298023224,0.02041739970445633,0.1770000010728836,2.9800000190734863,0.09059999883174896,0.6700000166893005,4,21,0,40,85.8568215183366,3742.36933733664,24.7,27.6,28.9,benthic,7.75,-0.32,25,4.199999809265137,1.6943199634552002,1.2999999523162842,0.5,High; decline threshold 0.99,62.1,short and / or deep,-1,TRUE,0,16,18,Stegastes,Whitespotted devil,0,0,1,reef-associated,WaterAssumed,21.46,unknown,harmless,no special ability,0.5
5713,Plectroglyphidodon leucozona,6006,12,2,0,0.019952600821852684,0.17000000178813934,2.990000009536743,0.09480000287294388,0.5600000023841858,0,4,0,6,142.325389955244,7174.0628815569,24.7,28.3,29.3,benthic,9.569999694824219,-0.37,25,5,1.9711999893188477,1.5,0.5,High; decline threshold 0.99,40.9,short and / or deep,-1,TRUE,0,15,17,Plectroglyphidodon,Singlebar devil,0,0,1,reef-associated,WaterAssumed,23.99,unknown,harmless,no special ability,0.5
5734,Sphyraena forsteri,6027,102.44999694824219,4.360000133514404,0.699999988079071,0.007244360167533159,0.09099999815225601,2.930000066757202,0.06069999933242798,0.17000000178813934,39,143,6,300,5.46505889208857,42.6136579485728,19.4,26.2,28.2,pelagic,84.01000213623047,-0.73,25,16.899999618530273,5.355110168457031,3.5999999046325684,0.5,Medium; decline threshold 0.95,5,elongated,-1,FALSE,0,9,9,Sphyraena,Bigeye barracuda,0,0,1,reef-associated,WaterAssumed,56.2,medium,reports of ciguatera poisoning,no special ability,0.5
5737,Platax orbicularis,6030,60,3.3299999237060547,0.49000000953674316,0.03311309963464737,0.15299999713897705,2.950000047683716,0.08969999849796295,0.1899999976158142,3,16,0,30,6.38774948986945,123.782130760317,24.9,28.5,29.2,benthic,49.439998626708984,-0.73,25,15.100000381469727,4.552080154418945,3.5,0.5,Medium; decline threshold 0.95,4.7,short and / or deep,-1,FALSE,0,34,39,Platax,Orbicular batfish,0,1,1,reef-associated,WaterAssumed,47.05,low,harmless,no special ability,0.5313000082969666
5739,Platax teira,6032,70,3.950000047683716,0.6399999856948853,0.028183799237012863,0.19099999964237213,2.940000057220459,0.10199999809265137,0.1599999964237213,5,15,3,25,4.97398761371726,56.8799225485038,24.6,28.2,28.9,benthic,51.130001068115234,-0.84,25,17.899999618530273,5.488979816436768,4,0.5,Medium; decline threshold 0.95,5.7,short and / or deep,-1,FALSE,0,28,37,Platax,Longfin batfish,0,0,1,reef-associated,WaterAssumed,54.32,low,harmless,no special ability,0.5313000082969666
5741,Apogonichthys perdix,6034,6,3.3399999141693115,0.4699999988079071,0.014791100285947323,0.1679999977350235,3.059999942779541,0.09130000323057175,1.5399999618530273,1,4,1,65,8.22326153093148,119.667034845107,25.2,28.3,29.3,benthic,4.730000019073486,-0.15,25,1.7999999523162842,0.8021669983863831,0.6000000238418579,0.5,High; decline threshold 0.99,54.5,short and / or deep,0,FALSE,0,9,9,Apogonichthys,Perdix cardinalfish,0,0,1,reef-associated,WaterAssumed,10,high,harmless,no special ability,0.5625
5743,Fowleria punctulata,6036,10.979999542236328,3.5899999141693115,0.5600000023841858,0.01122019998729229,0.16899999976158142,3.069999933242798,0.09220000356435776,0.8799999952316284,44,61,40,80,7.48283164928039,84.224140080735,25,27.2,28,benthic,9,-0.25,25,3.200000047683716,1.3253300189971924,1,0.5,High; decline threshold 0.99,19.5,fusiform / normal,0,FALSE,0,9,9,Fowleria,Spotcheek cardinalfish,0,1,1,reef-associated,WaterAssumed,15.39,high,harmless,no special ability,0.5038999915122986
5744,Fowleria marmorata,6037,7.5,3.4600000381469727,0.5400000214576721,0.014791100285947323,0.1679999977350235,3.059999942779541,0.09130000323057175,1.2599999904632568,3,19,0,37,7.99856887983383,100.878264089392,25.7,28.4,29.3,benthic,6.079999923706055,-0.18,25,2.200000047683716,0.940326988697052,0.699999988079071,0.5,High; decline threshold 0.99,40.3,short and / or deep,-1,FALSE,0,9,9,Fowleria,Marbled cardinalfish,0,0,1,reef-associated,WaterAssumed,11.03,high,harmless,no special ability,0.5038999915122986
5745,Fowleria variegata,6038,8,3.5,0.5,0.014791100285947323,0.11400000005960464,3.119999885559082,0.07450000196695328,1.1799999475479126,2,14,0,27,7.8784368265359,95.2320915949854,25.3,28.4,29.3,benthic,6.340000152587891,-0.19,25,2.4000000953674316,1.004770040512085,0.800000011920929,0.5,High; decline threshold 0.99,16.9,short and / or deep,-1,FALSE,0,9,9,Fowleria,Variegated cardinalfish,0,0,1,reef-associated,WaterAssumed,12.01,high,harmless,no special ability,0.5038999915122986
5746,Verulux cypselurus,6039,6,3.5,0.5,0.01122019998729229,0.16899999976158142,3.069999933242798,0.09220000356435776,1.5399999618530273,3,9,2,15,7.95276569151167,95.2320915949854,26.9,28.7,29.3,benthic,4.800000190734863,-0.15,25,1.7999999523162842,0.8021669983863831,0.6000000238418579,0.5,High; decline threshold 0.99,24.7,fusiform / normal,0,FALSE,0,9,9,Verulux,Swallowtail cardinalfish,0,0,1,reef-associated,WaterAssumed,10,high,harmless,no special ability,0.75
5752,Apogon coccineus,6045,6,3.5,0.5,0.00954992976039648,0.14300000667572021,3.0199999809265137,0.08129999786615372,1.5399999618530273,10,22,8,35,7.95276569151167,95.2320915949854,24.7,27.8,29.1,benthic,4.679999828338623,-0.15,25,1.7999999523162842,0.8021669983863831,0.6000000238418579,0.5,High; decline threshold 0.99,22.9,fusiform / normal,-1,FALSE,0,9,9,Apogon,Ruby cardinalfish,0,0,1,reef-associated,WaterAssumed,10,high,harmless,no special ability,0.5
5756,Pristiapogon exostigma,6049,12,3.7200000286102295,0.6000000238418579,0.010715199634432793,0.10499999672174454,3.0299999713897705,0.06840000301599503,0.8100000023841858,3,20,3,120,6.97817714000213,71.7808228034251,25.3,27.8,29,benthic,9.4399995803833,-0.25,25,3.5,1.3686100244522095,1,0.5,High; decline threshold 0.99,14.3,fusiform / normal,0,FALSE,0,9,9,Pristiapogon,Narrowstripe cardinalfish,0,0,1,reef-associated,WaterAssumed,16.49,high,harmless,no special ability,0.5311999917030334
5757,Pristiapogon fraenatus,6050,11,3.5,0.5,0.0123027004301548,0.11100000143051147,3.059999942779541,0.07209999859333038,0.8799999952316284,7,27,3,50,7.76817222749197,95.2320915949854,24.9,27.6,29.1,benthic,8.979999542236328,-0.24,25,3.200000047683716,1.278499960899353,1,0.5,High; decline threshold 0.99,15.1,short and / or deep,-1,FALSE,0,9,9,Pristiapogon,Bridled cardinalfish,0,0,1,reef-associated,WaterAssumed,15.39,high,harmless,no special ability,0.5311999917030334
5758,Pristiapogon kallopterus,6051,15.5,3.5999999046325684,0.5,0.01288249995559454,0.10000000149011612,3.130000114440918,0.06729999929666519,0.6399999856948853,19,78,3,158,7.29069123799115,83.1308662329051,23.9,27.5,28.9,benthic,12.760000228881836,-0.3,25,4.400000095367432,1.6948000192642212,1.2000000476837158,0.5,High; decline threshold 0.99,11.7,short and / or deep,-1,FALSE,0,9,9,Pristiapogon,Iridescent cardinalfish,0,1,1,reef-associated,WaterAssumed,21.97,high,harmless,no special ability,0.5311999917030334
5761,Fibramia lateralis,6054,11,3.9800000190734863,0.6000000238418579,0.01258930005133152,0.11299999803304672,3.0199999809265137,0.07349999994039536,0.8799999952316284,0,2,0,3,6.55963280888351,55.3207792958815,25.6,28.6,29.3,pelagic,8.779999732971191,-0.24,25,3.200000047683716,1.278499960899353,1,0.5,High; decline threshold 0.99,14.9,short and / or deep,0,FALSE,0,9,9,Fibramia,Humpback cardinal,1,1,1,reef-associated,WaterAssumed,15.39,high,harmless,no special ability,0.625
5763,Nectamia bandanensis,6056,10,3.2799999713897705,0.30000001192092896,0.015135600231587887,0.1120000034570694,3.0799999237060547,0.07280000299215317,0.9599999785423279,1,12,1,34,8.10739210089109,135.406855233104,25.9,28.6,29.3,benthic,7.269999980926514,-0.22,25,2.9000000953674316,1.185829997062683,0.8999999761581421,0.5,High; decline threshold 0.99,33.2,short and / or deep,-1,FALSE,0,9,9,Nectamia,Bigeye cardinalfish,0,0,1,reef-associated,WaterAssumed,14.21,high,harmless,no special ability,0.5019999742507935
5764,Nectamia savayensis,6057,12.199999809265137,3.2799999713897705,0.3499999940395355,0.014791100285947323,0.1679999977350235,3.059999942779541,0.09130000323057175,0.800000011920929,5,15,3,25,8.0239765187206,135.406855233104,24.1,28.3,29.3,benthic,10,-0.27,25,3.5,1.416990041732788,1.100000023841858,0.5,High; decline threshold 0.99,18.2,short and / or deep,-1,FALSE,0,9,9,Nectamia,Samoan cardinalfish,0,0,1,reef-associated,WaterAssumed,16.89,high,harmless,no special ability,0.5019999742507935
5766,Ostorhinchus angustatus,6059,11,3.299999952316284,0.3199999928474426,0.014125400222837925,0.13500000536441803,3.059999942779541,0.07959999889135361,0.8799999952316284,12,36,6,65,8.06160239444212,130.50373732414,25.3,27.6,28.8,benthic,8.800000190734863,-0.24,25,3.200000047683716,1.278499960899353,1,0.5,High; decline threshold 0.99,13.5,short and / or deep,-1,FALSE,0,9,9,Ostorhinchus,Broadstriped cardinalfish,0,0,1,reef-associated,WaterAssumed,15.39,high,harmless,no special ability,0.5
5767,Ostorhinchus taeniophorus,6060,11.5,3.549999952316284,0.38999998569488525,0.01258930005133152,0.18299999833106995,3.0899999141693115,0.08969999849796295,0.8500000238418579,1,8,0,15,7.63178001128356,90.0690420277403,25.1,28.4,29.3,benthic,8.930000305175781,-0.24,25,3.299999952316284,1.3252999782562256,1,0.5,High; decline threshold 0.99,37.1,short and / or deep,-1,FALSE,0,9,9,Ostorhinchus,Reef-flat cardinalfish,0,0,1,reef-associated,WaterAssumed,15.77,high,harmless,no special ability,0.5
5773,Zoramia leptacanthus,6067,6,3.5,0.5,0.014791100285947323,0.1679999977350235,3.059999942779541,0.09130000323057175,1.5399999618530273,2,7,1,12,7.95276569151167,95.2320915949854,26.6,28.6,29.3,benthic,4.480000019073486,-0.15,25,1.7999999523162842,0.8021669983863831,0.6000000238418579,0.5,High; decline threshold 0.99,24.7,short and / or deep,-1,FALSE,0,9,9,Zoramia,Threadfin cardinalfish,0,0,1,reef-associated,WaterAssumed,10,high,harmless,no special ability,0.5156000256538391
5776,Taeniamia fucata,6070,10,3.5,0.5,0.0123027004301548,0.11699999868869781,3.059999942779541,0.07540000230073929,0.9599999785423279,8,32,2,60,7.80476690006997,95.2320915949854,25.1,28,29.1,benthic,7.730000019073486,-0.22,25,2.9000000953674316,1.185829997062683,0.8999999761581421,0.5,High; decline threshold 0.99,16,short and / or deep,-1,FALSE,0,9,9,Taeniamia,Orangelined cardinalfish,0,0,1,reef-associated,WaterAssumed,14.21,high,harmless,no special ability,0.5001000165939331
5781,Cheilodipterus macrodon,6076,25,4.119999885559082,0.6100000143051147,0.012022599577903748,0.11299999803304672,3.1700000762939453,0.0723000019788742,0.4099999964237213,10,30,0,100,6.16841758575155,53.8019799482361,24.7,27.8,29,benthic,19.989999771118164,-0.42,25,6.900000095367432,1.8902000188827515,1.7999999523162842,0.5,High; decline threshold 0.99,8.6,short and / or deep,-1,FALSE,0,9,9,Cheilodipterus,Large toothed cardinalfish,0,0,1,reef-associated,WaterAssumed,28.95,high,harmless,no special ability,0.5
5790,Kuhlia mugil,6085,48.79999923706055,3.8299999237060547,0.6000000238418579,0.014454400166869164,0.18799999356269836,3.059999942779541,0.10400000214576721,0.17000000178813934,4,11,3,18,5.58947211992394,63.8084559383124,24.5,28.3,29.3,pelagic,40,-0.91,25,16.700000762939453,4.836120128631592,4.099999904632568,0.5,Medium; decline threshold 0.95,7.9,fusiform / normal,-1,FALSE,-1,10,11,Kuhlia,Barred flagtail,0,1,1,reef-associated,WaterAssumed,53.72,unknown,harmless,no special ability,0.5005000233650208
5791,Priacanthus hamrur,6086,45,3.640000104904175,0.44999998807907104,0.017782799899578094,0.08020000159740448,2.880000114440918,0.05000000074505806,0.6100000143051147,28,118,0,250,6.2140798451551,78.9953808128409,19.1,26.2,28.2,pelagic,35.709999084472656,-0.23535990267883755,27.200000762939453,4.310090065002441,1.2203600406646729,1.080780029296875,0.5,High; decline threshold 0.99,9.2,short and / or deep,-1,FALSE,0,13,15,Priacanthus,Moontail bullseye,0,0,1,reef-associated,WaterAssumed,24.42,high,harmless,no special ability,0.5001000165939331
5795,Malacanthus brevirostris,6090,32,3.5,0.3700000047683716,0.005495409946888685,0.17900000512599945,3.0299999713897705,0.10599999874830246,1.3534264867937895,14,45,0,60,7.03292447318963,95.2320915949854,24.5,27.9,29,benthic,27.889999389648438,-0.2758464821910683,25,2.524156840371444,1.0820524827563212,0.8207933426549688,0.5,"Please enter values for K, tmax.",9.1,elongated,0,FALSE,0,52,56,Malacanthus,Quakerfish,0,0,1,reef-associated,WaterAssumed,17.06,very high,harmless,no special ability,0.625
5796,Malacanthus latovittatus,6091,54.900001525878906,3.5,0.5,0.005495409946888685,0.17900000512599945,3.0299999713897705,0.10599999874830246,1.029070470933936,20,65,5,65,6.31220571876452,95.2320915949854,24.6,27.9,29,benthic,45,-0.39393724397219654,25,6.534627183273944,2.110077788850318,1.732573310259118,0.5,"Please enter values for K, tmax.",7.4,elongated,0,FALSE,0,43,47,Malacanthus,Blue blanquillo,0,0,1,reef-associated,WaterAssumed,41.9,very high,harmless,no special ability,0.625
5801,Gerres oblongus,6096,36.599998474121094,3.5,0.3700000047683716,0.009772369638085365,0.12300000339746475,3,0.0738999992609024,0.38999998569488525,5,26,0,50,6.88037023356146,95.2320915949854,24.9,28.5,29.3,benthic,30,-0.42,25,7.300000190734863,2.033289909362793,1.7999999523162842,0.5,High; decline threshold 0.99,9.1,fusiform / normal,0,FALSE,-1,10,10,Gerres,Slender silverbiddy,0,0,1,reef-associated,WaterAssumed,34.54,medium,harmless,no special ability,0.5
5803,Parapriacanthus ransonneti,6098,12.140000343322754,3.4000000953674316,0.44999998807907104,0.011749000288546085,0.15199999511241913,2.9700000286102295,0.09300000220537186,0.75,5,17,3,30,8.01525729625459,110.427085306918,13.4,22.3,27.1,pelagic,9.920000076293945,-0.27,25,3.700000047683716,1.4884699583053589,1.100000023841858,0.5,High; decline threshold 0.99,14.5,short and / or deep,0,FALSE,0,9.749065125410514,9.934795065590272,Parapriacanthus,Golden sweeper,0,0,1,reef-associated,WaterAssumed,18.58,unknown,harmless,no special ability,0.5005000233650208
5804,Kyphosus bigibbus,6099,75,2.0999999046325684,0,0.016595900058746338,0.14900000393390656,2.9800000190734863,0.09040000289678574,0.1599999964237213,4,14,2,25,94.7134806268279,6189.94530000209,24.5,28.1,29.2,benthic,61.029998779296875,-0.82,25,17.899999618530273,5.542960166931152,4,0.5,Medium; decline threshold 0.95,13.6,short and / or deep,0,FALSE,0,11,12,Kyphosus,Brown chub,0,0,1,reef-associated,WaterAssumed,54.36,high,harmless,no special ability,0.5
5805,Kyphosus cinerascens,6100,58.83000183105469,2.8499999046325684,0.33000001311302185,0.019952600821852684,0.10499999672174454,3.009999990463257,0.07150000333786011,0.25,4,23,0,45,9.88782835144614,450.311985056193,24.7,27.7,29,benthic,48.7400016784668,-0.5754501714527027,29,11.424599647521973,3.382460117340088,2.680030107498169,0.5,Medium; decline threshold 0.95,24,fusiform / normal,-1,FALSE,-1,11,12,Kyphosus,Blue sea chub,0,0,1,reef-associated,WaterAssumed,38.22,high,poisonous to eat,no special ability,0.5
5806,Kyphosus vaigiensis,6101,70,2.109999895095825,0,0.01819700002670288,0.10400000214576721,3,0.06939999759197235,0.17000000178813934,4,21,0,40,92.3643866851562,5835.19621279448,24.7,27.8,29,benthic,60.25,-0.78,25,16.899999618530273,5.176690101623535,3.799999952316284,0.5,Medium; decline threshold 0.95,11.9,short and / or deep,-1,FALSE,0,13,15,Kyphosus,Brassy chub,0,0,1,reef-associated,WaterAssumed,52.42,high,harmless,no special ability,0.5
5807,Monodactylus argenteus,6102,32.939998626708984,3.130000114440918,0.25999999046325684,0.028183799237012863,0.11599999666213989,3,0.07599999755620956,0.631661170277658,1,7,0,12,8.74364812059547,320.00661494294,22.9,27.6,28.8,benthic,27,-0.3684628563631128,25,6.081534053784026,2.102015676145604,1.6125564993142785,0.5,"Please enter values for K, tmax.",8.2,short and / or deep,-1,FALSE,0,27,31,Monodactylus,Silver moony,1,1,1,pelagic-neritic,WaterAssumed,22.94,unknown,harmless,no special ability,0.625
5811,Sebastapistes cyanostigma,6107,10,3.819999933242798,0.6499999761581421,0.015135600231587887,0.11699999868869781,2.990000009536743,0.07440000027418137,0.5699999928474426,2,15,2,30,2.96669014649282,310.035972495171,25.4,28.3,29.3,benthic,8.3100004196167,-0.38,25,4.900000095367432,1.9877099990844727,1.5,0.5,High; decline threshold 0.99,34.7,fusiform / normal,0,FALSE,-1,9,10,Sebastapistes,Yellowspotted scorpionfish,0,0,1,reef-associated,WaterAssumed,23.8,high,venomous,no special ability,0.5001999735832214
5814,Sebastapistes strongia,6110,9.5,3.799999952316284,0.6499999761581421,0.01288249995559454,0.16099999845027924,3.0199999809265137,0.08889999985694885,0.5899999737739563,0,3,0,37,2.99623986848732,316.466309262109,25.4,28.4,29.3,benthic,7.860000133514404,-0.37,25,4.699999809265137,1.9629499912261963,1.5,0.5,High; decline threshold 0.99,41.6,fusiform / normal,0,FALSE,-1,8,9,Sebastapistes,Barchin scorpionfish,0,0,1,reef-associated,WaterAssumed,23.4,high,venomous,no special ability,0.5001999735832214
5815,Scorpaenodes hirsutus,6111,6.829999923706055,3.390000104904175,0.47999998927116394,0.01288249995559454,0.16099999845027924,3.0199999809265137,0.08889999985694885,0.8100000023841858,12,32,8,54,3.5864080400602,539.536980903472,24.7,27.5,28.8,benthic,5.599999904632568,-0.31,25,3.4000000953674316,1.5315500497817993,1.2000000476837158,0.5,High; decline threshold 0.99,57.2,fusiform / normal,0,FALSE,0,8,9,Scorpaenodes,Hairy scorpionfish,0,0,1,reef-associated,WaterAssumed,16.96,high,venomous,no special ability,0.5
5819,Scorpaenodes guamensis,6116,14,3.390000104904175,0.5,0.014454400166869164,0.09520000219345093,2.990000009536743,0.0632999986410141,0.41999998688697815,0,5,0,20,3.46755823090153,539.536980903472,24.3,28.2,29.3,benthic,11.5600004196167,-0.47,25,6.699999809265137,2.5878500938415527,1.899999976158142,0.5,High; decline threshold 0.99,12.6,fusiform / normal,0,FALSE,0,7,9,Scorpaenodes,Guam scorpionfish,0,0,1,reef-associated,WaterAssumed,28.25,high,venomous,no special ability,0.5
5822,Scorpaenopsis oxycephala,6119,36,3.880000114440918,0.6299999952316284,0.014454400166869164,0.16500000655651093,3.119999885559082,0.09719999879598618,0.17000000178813934,6.5056667636204075,33.62413694020079,0.8702165330494721,400,2.57815532410885,292.225703521788,20.3,26.5,28.3,pelagic,29.68000030517578,-0.94,25,16.700000762939453,4.746729850769043,4.099999904632568,0.5,Medium; decline threshold 0.95,6.7,short and / or deep,0,FALSE,-1,9,9,Scorpaenopsis,Tassled scorpionfish,0,0,1,reef-associated,WaterAssumed,44.72,high,venomous,no special ability,0.5
5825,Synanceia verrucosa,6122,48.79999923706055,4.349999904632568,0.7699999809265137,0.016218099743127823,0.21799999475479126,3.049999952316284,0.11400000005960464,0.14000000059604645,3,16,0,30,2.63811601989197,214.224170895353,24.9,28.3,29.3,pelagic,40,-1.12,25,20.299999237060547,5.8574299812316895,4.900000095367432,0.5,Low; decline threshold 0.85,7.9,fusiform / normal,0,FALSE,0,5,7,Synanceia,Stonefish,0,0,1,reef-associated,WaterAssumed,58.16,unknown,venomous,no special ability,0.5156000256538391
5195,Pterois volitans,6124,45.70000076293945,4.349999904632568,0.36000001430511475,0.006918310187757015,0.05889999866485596,3.0999999046325684,0.03739999979734421,0.49000000953674316,7,29,2,55,3.02750848509424,180.292460325218,22.4,27.9,29,pelagic,35.27000045776367,-0.46256162094681835,26.700000762939453,8.912440299987793,2.5992000102996826,2.1559200286865234,0.5,High; decline threshold 0.99,10.8,fusiform / normal,0,FALSE,0,9,12,Pterois,Red lionfish,0,0,1,reef-associated,WaterAssumed,34.43,high,venomous,no special ability,0.5311999917030334
5828,Dendrochirus zebra,6126,30.5,4,0.6600000262260437,0.009999999776482582,0.18299999833106995,3.0199999809265137,0.09920000284910202,0.20000000298023224,3,60,0,115,2.63963762067456,261.206480722522,24.3,27.8,29,pelagic,25,-0.88,25,14.100000381469727,3.855910062789917,3.700000047683716,0.5,Medium; decline threshold 0.95,10.5,fusiform / normal,0,FALSE,-1,10,11,Dendrochirus,Zebra turkeyfish,0,0,1,reef-associated,WaterAssumed,43.67,high,venomous,no special ability,0.75
5831,Cirrhitus pinnulatus,6128,30,3.680000066757202,0.3319999873638153,0.009332540445029736,0.19300000369548798,3.0799999237060547,0.10599999874830246,1.2346512032210588,1,3,0,23,6.53922927871894,75.2205338608996,24.7,28.2,29.3,pelagic,25.260000228881836,-0.3403255251584899,25,2.7348974858442543,1.4615895999089283,1.1923244864805145,0.5,"Please enter values for K, tmax.",9.4,fusiform / normal,0,FALSE,-1,11,11,Cirrhitus,Stocky hawkfish,0,0,1,reef-associated,WaterAssumed,16,unknown,harmless,no special ability,0.5625
5833,Oxycirrhites typus,6130,13,3.299999952316284,0.3700000047683716,0.0038904501125216484,0.17100000381469727,3.119999885559082,0.09000000357627869,1.9045336907172306,25,55,10,100,7.98613289340678,130.50373732414,24.9,28,29,benthic,10.90999984741211,-0.1441752827479791,25,1.4218525774347508,0.7009026308317321,0.5406073217556476,0.5,"Please enter values for K, tmax.",15.6,elongated,0,FALSE,0,13,13,Oxycirrhites,Longnose hawkfish,0,0,1,reef-associated,WaterAssumed,10,unknown,harmless,no special ability,1
5656,Ellochelon vaigiensis,6149,63,2.180000066757202,0.10000000149011612,0.011749000288546085,0.10199999809265137,3.0199999809265137,0.06509999930858612,0.20999999344348907,0,3,0,5,122.36852190579,115233.835437876,25.3,28.5,29.3,pelagic,53.27000045776367,-0.65,25,13.600000381469727,4.136260032653809,3.0999999046325684,0.5,Medium; decline threshold 0.95,18.2,fusiform / normal,-1,FALSE,0,8,10,Ellochelon,Squaretail mullet,1,1,1,reef-associated,WaterAssumed,43.93,medium,reports of ciguatera poisoning,no special ability,1
5830,Cirrhitichthys oxycephalus,6150,18.5,4.010000228881836,0.6600000262260437,0.015488199889659882,0.12200000137090683,3.0899999141693115,0.07880000025033951,0.9066578127604431,10,25,1,40,6.6210546550514104,53.8019799482361,23.2,24.9,25.9,pelagic,15.161999702453613,-0.4313990252798738,25,4.381590552398362,2.0320314565890705,1.5823514882404963,0.5,"Please enter values for K, tmax.",12.4,short and / or deep,0,FALSE,-1,12,13,Cirrhitichthys,Coral hawkfish,0,0,1,reef-associated,WaterAssumed,10,unknown,harmless,no special ability,0.5038999915122986
5851,Nemipterus bipunctatus,6160,30,3.890000104904175,0.49000000953674316,0.01258930005133152,0.04230000078678131,2.9600000381469727,0.017799999564886093,0.5400000214576721,26,59,18,100,6.01655419343791,60.1747607491453,22.8,26.1,28.7,pelagic,23.84000015258789,-0.3720124920985359,28,6.492980003356934,1.8098000288009644,1.6403199434280396,0.5,High; decline threshold 0.99,10.6,fusiform / normal,-1,FALSE,0,9,9,Nemipterus,Delagoa threadfin bream,0,0,1,demersal,WaterAssumed,28.32,high,harmless,no special ability,0.5
5852,Nemipterus randalli,6161,27,3.8399999141693115,0.5400000214576721,0.013182600028812885,0.039400000125169754,2.950000047683716,0.017000000923871994,0.5199999809265137,70,216,20,450,6.85721689915052,75.2205338608996,15.0635,21.42,24.7625,benthic,17.68000030517578,-0.21033266805243045,27.200000762939453,3.404129981994629,1.27006995677948,0.9302660226821899,0.5,High; decline threshold 0.99,26.8,fusiform / normal,-1,FALSE,0,9,9,Nemipterus,Randall's threadfin bream,0,0,1,demersal,WaterAssumed,18.02,high,harmless,no special ability,0.5
5855,Nemipterus zysron,6164,34,3.5,0.4399999976158142,0.013489600270986557,0.039400000125169754,2.9600000381469727,0.017100000753998756,0.47999998927116394,22,67,10,125,7.11043868418448,95.2320915949854,23.7,27.4,28.5,benthic,26.25,-0.2848903736303558,26,4.887519836425781,1.3476799726486206,1.275439977645874,0.5,High; decline threshold 0.99,10.2,fusiform / normal,-1,FALSE,0,9,9,Nemipterus,Slender threadfin bream,0,0,1,demersal,WaterAssumed,24.71,high,harmless,no special ability,0.5
5856,Parascolopsis aspinosa,6165,21,3.5,0.3700000047683716,0.013803799636662006,0.16300000250339508,2.9700000286102295,0.08709999918937683,0.6200000047683716,51,151,20,300,7.41041434330193,95.2320915949854,18.2,23.5,26.7,benthic,16.479999542236328,-0.28,25,4.599999904632568,1.7062900066375732,1.2000000476837158,0.5,High; decline threshold 0.99,15.1,fusiform / normal,-1,FALSE,0,9,9,Parascolopsis,Smooth dwarf monocle bream,0,0,1,demersal,WaterAssumed,22.62,high,harmless,no special ability,0.5001000165939331
5858,Parascolopsis eriomma,6167,35,4.190000057220459,0.28999999165534973,0.019952600821852684,0.125,2.990000009536743,0.07519999891519547,0.38999998569488525,51,138,25,264,6.93304439155143,95.2320915949854,19.8,24.9,28.1,benthic,27.18000030517578,-0.4,25,7.300000190734863,2.0824599266052246,1.7999999523162842,0.5,High; decline threshold 0.99,7.1,fusiform / normal,-1,FALSE,0,9,9,Parascolopsis,Swallowtail dwarf monocle bream,0,0,1,demersal,WaterAssumed,30.59,high,harmless,no special ability,0.5001000165939331
5886,Scolopsis bimaculata,6195,31,3.759999990463257,0.5555999875068665,0.011749000288546085,0.13600000739097595,2.950000047683716,0.07810000330209732,0.4399999976158142,7,31,1,60,6.25652512882214,68.6493479698623,24.6,27.2,29.2,benthic,24.68000030517578,-0.36,25,6.5,1.8116199970245361,1.600000023841858,0.5,High; decline threshold 0.99,9.2,fusiform / normal,-1,FALSE,0,9,9,Scolopsis,Thumbprint monocle bream,0,0,1,reef-associated,WaterAssumed,28.28,low,harmless,no special ability,0.5
5888,Scolopsis ghanam,6197,30,3.9600000381469727,0.36000001430511475,0.014454400166869164,0.17800000309944153,2.9800000190734863,0.08900000154972076,0.44999998807907104,3,11,1,20,6.74064008160105,81.0164375410182,25.1,27.6,29.1,benthic,25.729999542236328,-0.36,25,6.300000190734863,1.7661800384521484,1.600000023841858,0.5,High; decline threshold 0.99,9.4,fusiform / normal,-1,FALSE,-1,9,9,Scolopsis,Arabian monocle bream,0,0,1,reef-associated,WaterAssumed,27.81,low,harmless,no special ability,0.5
5889,Scolopsis taeniata,6198,36,4.566999912261963,0.09200000017881393,0.014454400166869164,0.17800000309944153,2.9800000190734863,0.08900000154972076,0.8399999737739563,23,36,20,50,6.58272462362114,82.0617735495616,24.4,26.4,29.2,benthic,28.899999618530273,-0.14461551550516014,25,2.419490098953247,0.7267360091209412,0.6578909754753113,0.5,High; decline threshold 0.99,10.4,fusiform / normal,-1,FALSE,0,9,9,Scolopsis,Black-streaked monocle bream,0,0,1,reef-associated,WaterAssumed,17.89,low,harmless,no special ability,0.5
5891,Alopias pelagicus,6200,428,4.5,0.6600000262260437,0.010471300221979618,0.20800000429153442,2.940000057220459,0.10899999737739563,0.15000000596046448,0,150,0,300,3.32242995683952,73.0317375041252,18.7,26.7,28.6,pelagic,350.9599914550781,-0.7058416562202107,22,23.326200485229492,8.41919994354248,4.439589977264404,0.5,Low; decline threshold 0.85,2.7,fusiform / normal,0,FALSE,0,0,0,Alopias,Pelagic thresher,0,0,1,pelagic-oceanic,WaterAssumed,72.99,unknown,harmless,electrosensing only,0.75
5895,Nebrius ferrugineus,6204,320,4.099999904632568,0.38999998569488525,0.0041686901822686195,0.2150000035762787,3.0799999237060547,0.11500000208616257,0.4710793409143705,5,30,0,70,3.48284268945251,93.0117741815722,24.7,28,29,benthic,218.1300048828125,-0.5729843081594866,25,14.696692653494994,5.529663645735874,3.437601112120635,0.5,"Please enter values for K, tmax.",2.3,elongated,0,FALSE,0,0,0,Nebrius,Tawny nurse shark,0,0,1,reef-associated,WaterAssumed,76.55,unknown,traumatogenic,electrosensing only,1.0625
5897,Hemigaleus microstoma,6206,135,4.159999847412109,0.3700000047683716,0.002137959934771061,0.15399999916553497,3.0999999046325684,0.09279999881982803,0.9018924041312176,30,101,10,200,4.76884105110341,18.305995664879,22.2,27,28.3,benthic,114.48999786376953,-0.42711824889137906,25,5.640915759057059,2.2090230992057425,1.7047361255787001,0.5,"Please enter values for K, tmax.",4.5,elongated,0,FALSE,0,0,0,Hemigaleus,Sicklefin weasel shark,0,0,1,demersal,WaterAssumed,60.05,unknown,harmless,electrosensing only,0.7538999915122986
5898,Hemipristis elongata,6207,259,4.309999942779541,0.328000009059906,0.003548129927366972,0.16200000047683716,3.059999942779541,0.09210000187158585,0.347064966774676,14,64,1,130,4.00682195461842,15.4853695513795,23.8,27.9,29,pelagic,205.05999755859375,-0.6317362284048674,25,16.17753460359214,4.723784503853869,3.1524234326744893,0.5,"Please enter values for K, tmax.",3.1,elongated,0,FALSE,0,0,0,Hemipristis,Snaggletooth shark,0,0,1,demersal,WaterAssumed,74.33,unknown,traumatogenic,electrosensing only,1.0039000511169434
5929,Iago omanensis,6238,58,4.199999809265137,0.2709999978542328,0.004365160129964352,0.18799999356269836,3.0399999618530273,0.10300000011920929,0.3499999940395355,394,977,110,2195,6.06489429896942,17.5436246782212,10,14.6,21.7,benthic,47.560001373291016,-0.44,8,8.100000381469727,2.3256900310516357,2,0.5,High; decline threshold 0.99,3.3,elongated,0,FALSE,0,63.170712582383345,66.0710319678789,Iago,Bigeye houndshark,0,0,1,bathydemersal,WaterAssumed,47.06,high,harmless,Electrosensing only,0.5625
5942,Mustelus mosis,6251,150,4.010000228881836,0.5199999809265137,0.002290870063006878,0.17100000381469727,3.140000104904175,0.08869999647140503,0.15000000596046448,60.07216556746556,109.25294148765754,44.88844384639536,400,4.06275408611997,21.1932226701706,24.421014981744342,27.452379677290864,28.714366845528662,pelagic,123,-0.73,25,19.299999237060547,6.4138898849487305,3.9000000953674316,0.5,Low; decline threshold 0.85,3.6,elongated,0,FALSE,0,0,0,Mustelus,Arabian smooth-hound,0,0,1,demersal,WaterAssumed,65.37,medium,harmless,Electrosensing only,0.5
5952,Paracirrhites forsteri,6261,22,4.300000190734863,0.7599999904632568,0.008709640242159367,0.1550000011920929,3.0899999141693115,0.09160000085830688,1.2469728895876961,5,35,0,35,7.23179594386306,39.7765844993881,24.5,27.5,28.8,pelagic,17.989999771118164,-0.3357851518067381,25,2.6641561107477356,1.444731935768066,1.1849474870246857,0.5,"Please enter values for K, tmax.",11.4,fusiform / normal,0,FALSE,-1,11,11,Paracirrhites,Blackside hawkfish,0,0,1,reef-associated,WaterAssumed,11.3,unknown,harmless,no special ability,0.5156000256538391
5958,Choeroichthys brachysoma,6267,7,3.4200000762939453,0.5099999904632568,9.549930109642446e-4,0.20600000023841858,3.049999952316284,0.11299999803304672,2.0299999713897705,4,14,2,25,7.02691672084104,684.193404965751,26.1,28.5,29.3,benthic,6.829999923706055,-0.11,25,1.399999976158142,0.5930129885673523,0.5,0.5,High; decline threshold 0.99,49.9,eel-like,0,FALSE,0,18,26,Choeroichthys,Short-bodied pipefish,0,0,1,reef-associated,WaterAssumed,10,unknown,harmless,no special ability,0.5077999830245972
5959,Corythoichthys flavofasciatus,6268,12,3.9600000381469727,0.3199999928474426,3.467370115686208e-4,0.1809999942779541,3.190000057220459,0.09549999982118607,1.2300000190734863,3,14,1,25,4.87395181318064,202.394589823411,25,28.3,29.3,benthic,11.539999961853027,-0.16,25,2.299999952316284,0.9059110283851624,0.699999988079071,0.5,High; decline threshold 0.99,16.3,eel-like,0,FALSE,0,26,36,Corythoichthys,Network pipefish,0,0,1,reef-associated,WaterAssumed,11.53,unknown,harmless,no special ability,0.5001000165939331
5962,Corythoichthys nigripectus,6271,13.420000076293945,3.690000057220459,0.47999998927116394,3.467370115686208e-4,0.1809999942779541,3.190000057220459,0.09549999982118607,1.1100000143051147,7,18,5,30,4.74565379554636,184.770475276354,25.3,28.5,29.3,benthic,11,-0.18,25,2.5,1.023859977722168,0.800000011920929,0.5,High; decline threshold 0.99,17.3,eel-like,0,FALSE,0,25,31,Corythoichthys,Black-breasted pipefish,0,0,1,reef-associated,WaterAssumed,12.47,unknown,harmless,no special ability,0.5001000165939331
5965,Corythoichthys schultzi,6274,16,3.75,0.5,3.467370115686208e-4,0.1809999942779541,3.190000057220459,0.09549999982118607,0.9399999976158142,4,17,2,30,4.27674451422207,136.038238295581,25,28.3,29.3,benthic,15.229999542236328,-0.2,25,3,1.1557899713516235,0.800000011920929,0.5,High; decline threshold 0.99,13.8,eel-like,-1,FALSE,0,25,31,Corythoichthys,Schultz's pipefish,0,0,1,reef-associated,WaterAssumed,14.62,unknown,harmless,no special ability,0.5001000165939331
5966,Cosmocampus banneri,6275,7.079999923706055,3.200000047683716,0.44999998807907104,3.467370115686208e-4,0.1809999942779541,3.190000057220459,0.09549999982118607,2.009999990463257,4,17,2,30,7.02691672084104,684.193404965751,25.5,28.4,29.3,benthic,5.800000190734863,-0.12,25,1.399999976158142,0.6115310192108154,0.5,0.5,High; decline threshold 0.99,56.1,eel-like,0,FALSE,0,16,20,Cosmocampus,Roughridge pipefish,0,0,1,reef-associated,WaterAssumed,10,unknown,harmless,no special ability,0.5
5968,Cosmocampus maxweberi,6277,10,3.259999990463257,0.46000000834465027,3.467370115686208e-4,0.1809999942779541,3.190000057220459,0.09549999982118607,1.4600000381469727,3,19,0,36,6.61207284669776,573.119992587611,25.2,28.2,29.3,benthic,9.850000381469727,-0.14,25,1.899999976158142,0.7843790054321289,0.6000000238418579,0.5,High; decline threshold 0.99,40.2,eel-like,0,FALSE,0,23,27,Cosmocampus,Maxweber's pipefish,0,0,1,reef-associated,WaterAssumed,10,unknown,harmless,no special ability,0.5
5969,Doryrhamphus excisus,6278,7,3.5,0.4399999976158142,0.0012589299585670233,0.1459999978542328,3.0899999141693115,0.09179999679327011,2.0299999713897705,6,27,2,50,5.32724181434293,279.228414881974,24.7,27.7,29,pelagic,5.739999771118164,-0.11,25,1.399999976158142,0.5930129885673523,0.5,0.5,High; decline threshold 0.99,30.4,eel-like,0,FALSE,0,21,29,Doryrhamphus,Bluestripe pipefish,0,0,1,reef-associated,WaterAssumed,10,unknown,harmless,no special ability,0.5009999871253967
5974,Halicampus dunckeri,6283,15,3.319999933242798,0.46000000834465027,3.467370115686208e-4,0.1809999942779541,3.190000057220459,0.09549999982118607,1,7,16,5,25,6.24903477250166,482.911854311774,25.4,28.3,29.3,benthic,12.300000190734863,-0.19,25,2.799999952316284,1.089050054550171,0.800000011920929,0.5,High; decline threshold 0.99,14.3,eel-like,0,FALSE,0,16,20,Halicampus,Duncker's pipefish,0,0,1,reef-associated,WaterAssumed,13.79,unknown,harmless,no special ability,0.5001999735832214
5975,Halicampus mataafae,6284,14,3.309999942779541,0.46000000834465027,3.467370115686208e-4,0.1809999942779541,3.190000057220459,0.09549999982118607,1.0700000524520874,2,9,1,15,6.30668696693383,496.8665784015,24.9,28.3,29.3,benthic,11.479999542236328,-0.18,25,2.5999999046325684,1.0202800035476685,0.800000011920929,0.5,High; decline threshold 0.99,14.9,eel-like,0,FALSE,0,21,26,Halicampus,Samoan pipefish,0,0,1,reef-associated,WaterAssumed,12.93,unknown,harmless,no special ability,0.5001999735832214
5977,Micrognathus andersonii,6286,8.5,3.2300000190734863,0.44999998807907104,3.467370115686208e-4,0.1809999942779541,3.190000057220459,0.09549999982118607,1.690000057220459,1,6,0,10,6.8118528731005,625.441696704287,25.1,28.2,29.3,benthic,8.210000038146973,-0.13,25,1.600000023841858,0.6968309879302979,0.5,0.5,High; decline threshold 0.99,44.3,eel-like,-1,FALSE,0,17,24,Micrognathus,Shortnose pipefish,0,0,1,reef-associated,WaterAssumed,10,unknown,harmless,no special ability,0.5038999915122986
5980,Syngnathoides biaculeatus,6289,29,3.5999999046325684,0.5899999737739563,3.467370115686208e-4,0.1809999942779541,3.190000057220459,0.09549999982118607,0.949999988079071,1,6,0,10,4.87395181318064,202.394589823411,24.9,28.4,29.3,pelagic,29,-0.14961492309130223,27.5,2.577660083770752,0.7503949999809265,0.6777819991111755,0.5,High; decline threshold 0.99,12,eel-like,0,FALSE,0,38,48,Syngnathoides,Alligator pipefish,0,0,1,reef-associated,WaterAssumed,16.13,unknown,harmless,no special ability,1
5981,Trachyrhamphus bicoarctatus,6290,40,3.75,0.5,3.467370115686208e-4,0.1809999942779541,3.190000057220459,0.09549999982118607,0.4000000059604645,5,22,1,42,4.27674451422207,136.038238295581,25,28.2,29.1,benthic,40,-0.38,25,7.099999904632568,2.0620999336242676,1.7000000476837158,0.5,High; decline threshold 0.99,7.9,eel-like,-1,FALSE,0,24,32,Trachyrhamphus,Double-ended pipefish,0,0,1,reef-associated,WaterAssumed,30.59,unknown,harmless,no special ability,0.625
5983,Mulloidichthys flavolineatus,6292,43,3.8399999141693115,0.3199999928474426,0.010471300221979618,0.029999999329447746,3.0899999141693115,0.017899999395012856,0.27000001072883606,11,50,1,99,5.72594884002639,63.173826074179,24.5,27.8,29,benthic,35.310001373291016,-0.5998671958102194,27.5,10.552499771118164,2.9681499004364014,2.650749921798706,0.5,Medium; decline threshold 0.95,9.2,fusiform / normal,-1,FALSE,0,9,9,Mulloidichthys,Yellowstripe goatfish,0,0,1,reef-associated,WaterAssumed,36.43,medium,reports of ciguatera poisoning,no special ability,0.5077999830245972
5984,Mulloidichthys vanicolensis,6293,44.18000030517578,3.9100000858306885,0.4399999976158142,0.010232900269329548,0.030700000002980232,3.0899999141693115,0.01850000023841858,0.4699999988079071,12,56,1,113,6.55182425330221,83.1308662329051,24.3,27.7,28.9,benthic,37.83000183105469,-0.4335407796579194,27.5,7.674570083618164,2.1563899517059326,1.9507800340652466,0.5,High; decline threshold 0.99,9,fusiform / normal,-1,FALSE,0,9,9,Mulloidichthys,Yellowfin goatfish,0,0,1,reef-associated,WaterAssumed,32.38,medium,harmless,no special ability,0.5077999830245972
5990,Parupeneus cyclostomus,6299,50,4.199999809265137,0.6200000047683716,0.01258930005133152,0.09730000048875809,3.0899999141693115,0.06360000371932983,0.23999999463558197,13,61,0,125,5.96084184884863,44.5369615488232,24.5,27.8,29,benthic,40.72999954223633,-0.6,25,11.899999618530273,3.52974009513855,2.799999952316284,0.5,Medium; decline threshold 0.95,6,fusiform / normal,-1,FALSE,0,9,9,Parupeneus,Gold-saddle goatfish,0,0,1,reef-associated,WaterAssumed,38.36,medium,reports of ciguatera poisoning,no special ability,0.5
5991,Parupeneus heptacantha,6300,36,3.5,0.41999998688697815,0.011749000288546085,0.03449999913573265,3.0899999141693115,0.01600000075995922,0.4399999976158142,50,60,12,350,6.94672291394914,97.9911526437013,23.2,27.2,28.1,benthic,29.579999923706055,-0.7282666987165781,28,13.69480037689209,3.973910093307495,3.26203989982605,0.5,Medium; decline threshold 0.95,7.5,fusiform / normal,-1,FALSE,0,9,9,Parupeneus,Cinnabar goatfish,0,1,1,reef-associated,WaterAssumed,38,medium,harmless,no special ability,0.5
5992,Parupeneus indicus,6301,45,3.5,0.3700000047683716,0.01148150023072958,0.04309999942779541,3.0899999141693115,0.016499999910593033,0.25999999046325684,12,21,10,30,6.6112374960025,95.2320915949854,26.2,28.2,29,benthic,37.22999954223633,-0.57,25,11,3.199690103530884,2.5999999046325684,0.5,Medium; decline threshold 0.95,6.3,fusiform / normal,-1,FALSE,0,9,9,Parupeneus,Indian goatfish,0,1,1,reef-associated,WaterAssumed,36.85,medium,harmless,no special ability,0.5
5996,Gerres oyena,6306,30,2.7200000286102295,0.23999999463558197,0.011749000288546085,0.05900000035762787,3.049999952316284,0.021700000390410423,1.100000023841858,2,11,0,20,15.9478530765292,716.823194692873,25.2,28.5,29.3,benthic,24.959999084472656,-0.14,27.200000762939453,2.5999999046325684,0.7298020124435425,0.699999988079071,0.5,High; decline threshold 0.99,9.6,fusiform / normal,-1,FALSE,-1,10,10,Gerres,Common silverbiddy,0,1,1,reef-associated,WaterAssumed,16.52,medium,harmless,no special ability,0.5
6006,Pomadasys kaakan,6319,80,3.5399999618530273,0.5299999713897705,0.014454400166869164,0.04470000043511391,2.9800000190734863,0.01769999973475933,0.2800000011920929,8,38,1,75,5.73208572450783,100.878264089392,24.1,28,29,benthic,67.029998779296875,-0.5062829238650127,26,10.6048002243042,3.2050299644470215,2.4329099655151367,0.5,Medium; decline threshold 0.95,6.2,fusiform / normal,0,FALSE,0,13,15,Pomadasys,Javelin grunter,0,1,1,reef-associated,WaterAssumed,38.25,high,harmless,no special ability,0.5
6019,Naso annulatus,6333,100,2.119999885559082,0.09000000357627869,0.024547100067138672,0.12800000607967377,2.930000066757202,0.07670000195503235,0.20999999344348907,25,60,1,60,73.1730456296685,5034.65157245681,23.5,27.1,28.3,benthic,86.44000244140625,-0.6201309571858755,26,13.464400291442871,4.138460159301758,3.076050043106079,0.5,Medium; decline threshold 0.95,18.5,fusiform / normal,0,FALSE,0,28,29,Naso,Whitemargin unicornfish,0,0,1,reef-associated,WaterAssumed,45.06,medium,reports of ciguatera poisoning,no special ability,0.5
6021,Naso brevirostris,6335,60,2.2200000286102295,0.15000000596046448,0.020893000066280365,0.0989999994635582,2.990000009536743,0.06520000100135803,0.4000000059604645,4,46,0,122,65.873318802434,3742.36933733664,24.3,27.8,29,benthic,54.119998931884766,-0.3827516269835663,26,7.079929828643799,2.024739980697632,1.7711000442504883,0.5,High; decline threshold 0.99,25.5,fusiform / normal,0,FALSE,0,27,29,Naso,Spotted unicornfish,0,0,1,reef-associated,WaterAssumed,32.66,medium,reports of ciguatera poisoning,no special ability,0.5
6025,Balistapus undulatus,6339,30,3.369999885559082,0.4226999878883362,0.02951209992170334,0.04470000043511391,2.9200000762939453,0.0284000001847744,0.36000001430511475,6,31,0,60,5.97407059342501,418.042121991095,25.1,28,29.1,benthic,24.600000381469727,-0.45,25,7.900000095367432,2.2077300548553467,2,0.5,High; decline threshold 0.99,7.7,short and / or deep,-1,FALSE,0,24,27,Balistapus,Orange-lined triggerfish,0,0,1,reef-associated,WaterAssumed,31.32,medium,traumatogenic,no special ability,1
6026,Balistoides viridescens,6340,75,3.3299999237060547,0.4399999976158142,0.03630780056118965,0.09570000320672989,2.930000066757202,0.06400000303983688,0.1599999964237213,6,31,0,60,6.19235464167942,469.315162839794,25,28.1,29,benthic,59.709999084472656,-0.82,25,17.899999618530273,5.542960166931152,4,0.5,Medium; decline threshold 0.95,3.9,short and / or deep,-1,FALSE,0,24,26,Balistoides,Titan triggerfish,0,0,1,reef-associated,WaterAssumed,54.36,medium,reports of ciguatera poisoning,no special ability,0.75
6027,Pseudobalistes flavimarginatus,6341,60,2.7799999713897705,0.25999999046325684,0.026915300637483597,0.16300000250339508,2.9100000858306885,0.08969999849796295,0.49000000953674316,10,41,2,80,13.2487605916607,2574.82072950639,24.7,27.8,29,benthic,51,-0.2718612093361535,29,5.850590229034424,1.7748600244522095,1.3519799709320068,0.5,High; decline threshold 0.99,7.5,short and / or deep,0,FALSE,0,24,27,Pseudobalistes,Yellowmargin triggerfish,0,1,1,reef-associated,WaterAssumed,29.47,medium,reports of ciguatera poisoning,no special ability,0.625
6031,Alticus saliens,6345,10,2,0,0.00758578022941947,0.17399999499320984,3,0.09589999914169312,0.6800000071525574,0,1,0,2,143.669774824461,7174.0628815569,25.2,28.5,29.3,benthic,8.149999618530273,-0.32,25,4.099999904632568,1.6647000312805176,1.2000000476837158,0.5,High; decline threshold 0.99,45.6,elongated,0,FALSE,0,21,23,Alticus,Leaping blenny,0,0,1,demersal,Facultative,20.93,unknown,harmless,no special ability,0.5019999742507935
6032,Exallias brevis,6346,14.5,4.329999923706055,0.3499999940395355,0.019952600821852684,0.17499999701976776,3.009999990463257,0.09049999713897705,0.47999998927116394,3,8,3,20,7.61537703686141,38.3908318955797,24.7,28.3,29.3,benthic,11.640000343322754,-0.41,25,5.800000190734863,2.25996994972229,1.7000000476837158,0.5,High; decline threshold 0.99,14.6,short and / or deep,-1,FALSE,-1,12,13,Exallias,Leopard blenny,0,0,1,reef-associated,WaterAssumed,25.89,unknown,harmless,no special ability,1
6046,Alloblennius jugularis,6360,6.099999904632568,2.2699999809265137,0,0.00831764005124569,0.14499999582767487,2.9000000953674316,0.0851999968290329,1.0800000429153442,5,26,0,50,77.1465183795131,3219.85682426625,24.5,27.8,29.4,benthic,5,-0.24,25,2.5,1.1526600122451782,0.8999999761581421,0.5,High; decline threshold 0.99,76,fusiform / normal,-1,FALSE,0,18,19,Alloblennius,Jugular blenny,1,1,1,demersal,WaterAssumed,12.47,unknown,harmless,no special ability,0.5311999917030334
6049,Istiblennius edentulus,6363,16,2,0,0.00758578022941947,0.17399999499320984,3,0.09589999914169312,0.4399999976158142,0,1,0,5,139.670208665533,7174.0628815569,24.7,28.4,29.3,benthic,13.279999732971191,-0.44,25,6.400000095367432,2.456470012664795,1.7999999523162842,0.5,High; decline threshold 0.99,34.5,elongated,0,FALSE,-1,19,21,Istiblennius,Rippled rockskipper,0,1,1,reef-associated,Facultative,27.47,unknown,harmless,no special ability,0.5001000165939331
6051,Blenniella periophthalmus,6365,18.299999237060547,3.319999933242798,0.4300000071525574,0.00758578022941947,0.17399999499320984,3,0.09589999914169312,0.38999998569488525,0,2,0,3,7.77999031987425,125.944936916809,25,28.4,29.3,benthic,15,-0.5,25,7.199999809265137,2.7796099185943604,2,0.5,High; decline threshold 0.99,35.8,elongated,0,FALSE,-1,18,21,Blenniella,Blue-dashed rockskipper,0,0,1,reef-associated,WaterAssumed,31.62,unknown,harmless,no special ability,0.5019999742507935
6058,Salarias fasciatus,6372,14,2.0399999618530273,0,0.008511380292475224,0.14100000262260437,3,0.08449999988079071,0.5,1,5,0,8,128.52143792047,6375.32728604428,25.4,28.5,29.3,benthic,11.550000190734863,-0.4,25,5.599999904632568,2.1685900688171387,1.600000023841858,0.5,High; decline threshold 0.99,35.3,elongated,0,FALSE,0,18,20,Salarias,Jewelled blenny,0,1,1,reef-associated,Facultative,25.07,unknown,harmless,no special ability,0.5001000165939331
6062,Enchelyurus kraussii,6376,5.489999771118164,3.259999990463257,0.4099999964237213,0.005754400044679642,0.17800000309944153,3.059999942779541,0.10100000351667404,1.190000057220459,1,8,0,15,8.28464614307314,138.001162433042,25.2,28.4,29.3,benthic,4.5,-0.22,25,2.299999952316284,1.074489951133728,0.800000011920929,0.5,High; decline threshold 0.99,64.8,elongated,0,FALSE,0,21,24,Enchelyurus,Krauss' blenny,0,0,1,reef-associated,WaterAssumed,11.53,unknown,harmless,no special ability,0.5311999917030334
6065,Aspidontus dussumieri,6379,12,2,0,0.005754400044679642,0.17800000309944153,3.059999942779541,0.10100000351667404,0.5799999833106995,3,11,1,20,142.325389955244,7174.0628815569,24.7,28.4,29.3,benthic,10.520000457763672,-0.35,25,4.800000190734863,1.9104700088500977,1.399999976158142,0.5,High; decline threshold 0.99,40.9,elongated,0,FALSE,0,28,34,Aspidontus,Lance blenny,0,0,1,reef-associated,WaterAssumed,23.46,unknown,harmless,no special ability,0.75
6066,Aspidontus taeniatus,6380,11.5,3.75,0.5099999904632568,0.005754400044679642,0.17800000309944153,3.059999942779541,0.10100000351667404,0.6000000238418579,3,14,1,25,6.89358514276675,69.4049776044116,25.1,28.5,29.3,pelagic,10.069999694824219,-0.35,25,4.599999904632568,1.8674999475479126,1.399999976158142,0.5,High; decline threshold 0.99,16.8,elongated,0,FALSE,0,26,28,Aspidontus,False cleanerfish,0,0,1,reef-associated,WaterAssumed,23.03,unknown,harmless,no special ability,0.75
6071,Plagiotremus rhinorhynchos,6385,14.640000343322754,4.5,0.800000011920929,0.00616595009341836,0.13699999451637268,3.140000104904175,0.08669999986886978,0.47999998927116394,5,21,1,40,8.00150736669025,31.1867268214554,24.6,27.6,28.9,pelagic,12,-0.43,17,5.800000190734863,2.3013999462127686,1.7000000476837158,0.5,High; decline threshold 0.99,11,elongated,0,FALSE,0,31,37,Plagiotremus,Bluestriped fangblenny,0,0,1,reef-associated,WaterAssumed,27.68,unknown,harmless,no special ability,0.5005000233650208
6072,Plagiotremus tapeinosoma,6386,14,3.8399999141693115,0.6700000166893005,0.004677350167185068,0.14000000059604645,3.009999990463257,0.0892999991774559,0.5,4,23,0,45,6.5711739944378,63.173826074179,23.9,27.5,28.8,pelagic,12.170000076293945,-0.4,25,5.599999904632568,2.1685900688171387,1.600000023841858,0.5,High; decline threshold 0.99,17.5,elongated,0,FALSE,0,34,39,Plagiotremus,Piano fangblenny,0,0,1,reef-associated,WaterAssumed,25.07,unknown,other,no special ability,0.5005000233650208
6074,Petroscirtes mitratus,6388,8.5,2,0,0.005754400044679642,0.17800000309944153,3.059999942779541,0.10100000351667404,0.7900000214576721,1,5,0,8,144.68573743424,7174.0628815569,25,28.4,29.3,benthic,8.880000114440918,-0.28,25,3.5,1.4887900352478027,1.100000023841858,0.5,High; decline threshold 0.99,50.3,elongated,0,FALSE,0,14,17,Petroscirtes,Floral blenny,0,0,1,reef-associated,WaterAssumed,17.13,unknown,harmless,no special ability,0.5005000233650208
6078,Xiphasia matsubarai,6392,36.599998474121094,4.199999809265137,0.7300000190734863,0.001023289980366826,0.17499999701976776,3.059999942779541,0.08959999680519104,0.20999999344348907,735,1961,0,4960,6.35113212094621,44.5369615488232,2.4,3.5,6.8,pelagic,30,-0.79,8,13.5,3.7661099433898926,3.4000000953674316,0.5,Medium; decline threshold 0.95,3.8,eel-like,0,FALSE,0,99,104,Xiphasia,Japanese snake blenny,0,0,1,benthopelagic,WaterAssumed,45.09,unknown,harmless,no special ability,0.75
6082,Plectropomus areolatus,6396,80,4.5,0.800000011920929,0.010964799672365189,0.11599999666213989,3.069999933242798,0.0723000019788742,0.3400000035762787,3,11,1,20,5.92994551131539,31.1867268214554,26.4,28.5,29.3,pelagic,66.26000213623047,-0.4117231226661185,25,8.600290298461914,2.5900800228118896,2.0077500343322754,0.5,High; decline threshold 0.99,5.7,fusiform / normal,-1,FALSE,-1,10,12,Plectropomus,Squaretail coralgrouper,0,0,1,reef-associated,WaterAssumed,36.3,very high,reports of ciguatera poisoning,no special ability,0.5038999915122986
6358,Chirocentrus dorab,6671,122,4.389999866485596,0.8899999856948853,0.005128609947860241,0.07850000262260437,2.9600000381469727,0.05130000039935112,0.17000000178813934,12,59,0,120,5.84172457374112,294.384241506618,25.5,28.1,29.1,pelagic,100,-0.71,25,16.899999618530273,5.413340091705322,3.5999999046325684,0.5,Medium; decline threshold 0.95,5.3,elongated,-1,FALSE,0,16,19,Chirocentrus,Dorab wolf-herring,0,1,1,reef-associated,WaterAssumed,60.53,medium,harmless,no special ability,1
6362,Plectorhinchus albovittatus,6679,122,4,0.6600000262260437,0.013489600270986557,0.17100000381469727,3,0.08889999985694885,0.09000000357627869,6,27,2,50,4.13993589062135,54.3045303413741,25.4,28.4,29.2,pelagic,100,-1.38,25,32,10.186300277709961,6.800000190734863,0.5,Low; decline threshold 0.85,4.6,fusiform / normal,0,FALSE,0,17,18,Plectorhinchus,Two-striped sweetlips,0,1,1,reef-associated,WaterAssumed,69.15,medium,harmless,no special ability,0.5
6366,Plectorhinchus gibbosus,6683,75,3.569999933242798,0.5400000214576721,0.02041739970445633,0.125,2.9200000762939453,0.07450000196695328,0.20000000298023224,9,17,8,25,5.61542849354255,86.4849722728383,25.2,28.4,29.3,pelagic,61.529998779296875,-0.6313410453415149,29,14.36870002746582,4.500919818878174,3.1518800258636475,0.5,Medium; decline threshold 0.95,5.4,short and / or deep,-1,FALSE,-1,15,16,Plectorhinchus,Harry hotlips,1,1,1,reef-associated,WaterAssumed,45.03,medium,reports of ciguatera poisoning,no special ability,0.5
6368,Plectorhinchus obscurus,6685,100,3.4800000190734863,0.3700000047683716,0.016595900058746338,0.10400000214576721,2.9800000190734863,0.06790000200271606,0.10999999940395355,6,27,2,50,5.28396480305353,97.9911526437013,26.1,27.8,28.9,benthic,82.37999725341797,-1.12,25,26.200000762939453,8.343339920043945,5.599999904632568,0.5,Low; decline threshold 0.85,4.2,fusiform / normal,0,FALSE,0,17,20,Plectorhinchus,Giant sweetlips,0,0,1,reef-associated,WaterAssumed,63.07,medium,harmless,no special ability,0.5
5972,Dunckerocampus dactyliophorus,6688,19,3.7699999809265137,0.550000011920929,9.549930109642446e-4,0.20600000023841858,3.049999952316284,0.11299999803304672,0.800000011920929,10,31,5,56,4.20677660104467,130.700285346226,24.8,27.8,29,benthic,18.34000015258789,-0.22,25,3.5,1.338979959487915,1,0.5,High; decline threshold 0.99,12.4,eel-like,-1,FALSE,0,20,26,Dunckerocampus,Ringed pipefish,0,0,1,reef-associated,WaterAssumed,16.49,unknown,harmless,no special ability,0.5077999830245972
6373,Parupeneus rubescens,6692,43,3.5,0.3700000047683716,0.009772369638085365,0.14000000059604645,3.0799999237060547,0.07880000025033951,0.27000001072883606,5.608859311364062,18.823453813952565,1.9998503607186862,200,6.67412768686603,95.2320915949854,24.96035729573798,28.05215151800339,29.14086271450672,benthic,35.58000183105469,-0.55,25,10.600000381469727,3.08270001411438,2.5,0.5,Medium; decline threshold 0.95,7.3,fusiform / normal,0,FALSE,0,8,8,Parupeneus,Rosy goatfish,0,0,1,reef-associated,WaterAssumed,36.17,medium,harmless,no special ability,0.5
6380,Gymnothorax javanicus,6701,300,3.869999885559082,0.6399999856948853,5.248070228844881e-4,0.10400000214576721,3.2799999713897705,0.066600002348423,0.05000000074505806,5,26,0,50,3.89938817121061,111.929224692321,25.5,28.1,29,pelagic,294.6400146484375,-1.88,25,58.099998474121094,20.688100814819336,10.699999809265137,0.5,Very low; decline threshold 0.70,3.2,eel-like,0,FALSE,0,0,0,Gymnothorax,Giant moray,0,0,1,reef-associated,WaterAssumed,85.41,medium,reports of ciguatera poisoning,no special ability,0.5
6383,Apistus carinatus,6704,20,3.609999895095825,0.36000001430511475,0.011749000288546085,0.2150000035762787,3.0199999809265137,0.1120000034570694,1.7772185508611058,15,50,14,60,3.25262972153013,445.377322689298,23.3,28,29,benthic,16.399999618530273,-0.23359393633596795,8,3.0588102255414618,0.8486043951427507,0.708108805418401,0.5,"Please enter values for K, tmax.",8.7,fusiform / normal,0,FALSE,0,8,10,Apistus,Ocellated waspfish,0,0,1,demersal,WaterAssumed,10,unknown,venomous,no special ability,0.8125
6387,Choridactylus multibarbus,6708,14,3.809999942779541,0.6499999761581421,0.023988299071788788,0.15600000321865082,2.890000104904175,0.09510000050067902,0.4300000071525574,22.96356869743479,49.95470104713937,40,83.0845951988252,2.89259115493864,306.920658575075,23.94419930767793,27.65570528247713,28.8234562457459,pelagic,11.479999542236328,-0.46,25,6.5,2.5267300605773926,1.899999976158142,0.5,High; decline threshold 0.99,12.8,short and / or deep,0,FALSE,0,8,9,Choridactylus,Orangebanded stingfish,0,0,1,demersal,WaterAssumed,27.89,unknown,venomous,no special ability,0.5625
6388,Minous monodactylus,6709,15,3.8499999046325684,0.6899999976158142,0.027542300522327423,0.14100000262260437,2.819999933242798,0.08669999986886978,0.4099999964237213,14,33,10,55,2.94404750825783,323.181735257067,22.3,28.1,29.1,pelagic,11.6899995803833,-0.48,25,6.800000190734863,2.639630079269409,1.899999976158142,0.5,High; decline threshold 0.99,12.4,short and / or deep,0,FALSE,0,10,12,Minous,Grey stingfish,0,0,1,demersal,WaterAssumed,28.54,unknown,venomous,no special ability,0.5
6390,Barchatus cirrhosus,6711,35,3.559999942779541,0.5,0.0038904501125216484,0.17100000381469727,3.119999885559082,0.09000000357627869,0.23000000417232513,11,50,1,100,5.050781765542,229.753934162614,23.5,26.7,29.3,benthic,28.700000762939453,-0.69,25,12.399999618530273,3.519390106201172,3.0999999046325684,0.5,Medium; decline threshold 0.95,18.9,eel-like,0,FALSE,0,11.545510897625775,12.728953289197923,Barchatus,Toadfish,0,0,1,demersal,WaterAssumed,37.19,unknown,venomous,no special ability,0.75
6395,Gymnothorax pictus,6716,140,4.190000057220459,0.7200000286102295,4.786300123669207e-4,0.08990000188350677,3.2799999713897705,0.060100000351667404,0.10000000149011612,10,50,0,100,3.41660435467955,88.2856718040018,25,28.1,29.1,pelagic,138.89999389648438,-1.13,25,28.899999618530273,9.533180236816406,5.900000095367432,0.5,Low; decline threshold 0.85,5.2,eel-like,0,FALSE,0,0,0,Gymnothorax,Paintspotted moray,0,1,1,reef-associated,WaterAssumed,74.19,medium,reports of ciguatera poisoning,no special ability,0.5
6396,Cephalopholis argus,6717,60,4.289999961853027,0.7300000190734863,0.0123027004301548,0.030899999663233757,3.049999952316284,0.013399999588727951,0.18000000715255737,1,15,0,40,6.1137239854753,38.8498108682497,24.9,28.4,29.3,pelagic,50.369998931884766,-0.77,25,15.899999618530273,4.805520057678223,3.5999999046325684,0.5,Medium; decline threshold 0.95,5.5,fusiform / normal,-1,FALSE,0,15,17,Cephalopholis,Peacock hind,0,0,1,reef-associated,WaterAssumed,48.76,very high,reports of ciguatera poisoning,no special ability,0.5
6399,Lactoria cornuta,6720,46,3.5,0.3700000047683716,0.02041739970445633,0.1120000034570694,2.759999990463257,0.07689999788999557,0.3361862157933278,1,50,1,100,5.32724181434293,279.228414881974,21.9,27.2,28.4,benthic,26.889999389648438,-0.4729222230762265,25,9.960126459688249,3.021716897413995,2.2805978735499344,0.5,"Please enter values for K, tmax.",7,short and / or deep,0,FALSE,0,8,9,Lactoria,Longhorn cowfish,0,1,1,reef-associated,WaterAssumed,23.83,medium,reports of ciguatera poisoning,no special ability,0.5625
6403,Inimicus filamentosus,6724,30.5,4.139999866485596,0.699999988079071,0.009999999776482582,0.2029999941587448,3.119999885559082,0.11100000143051147,0.20999999344348907,6,29,1,55,2.77957763661294,228.195034591175,24.2,26.7,28.1,pelagic,25,-0.83,25,13.5,3.680389881134033,3.5,0.5,Medium; decline threshold 0.95,35.8,fusiform / normal,0,FALSE,-0.419956826336148,9.483044062320573,10.86585378722687,Inimicus,Two-stick stingfish,0,0,1,reef-associated,WaterAssumed,43.16,unknown,venomous,no special ability,0.5009999871253967
6404,Pterois russelii,6725,36.599998474121094,4.25,0.3400000035762787,0.008709640242159367,0.15800000727176666,2.9700000286102295,0.08919999748468399,0.17000000178813934,20,38,15,60,2.774539355658,357.530550843227,24.6,28.1,29.1,pelagic,30,-0.99,25,16.700000762939453,4.638130187988281,4.199999809265137,0.5,Medium; decline threshold 0.95,21.1,fusiform / normal,0,FALSE,0,10,12,Pterois,Plaintail turkeyfish,0,1,1,reef-associated,WaterAssumed,49.55,high,venomous,no special ability,0.5311999917030334
6439,Epinephelus malabaricus,6760,234,4.21999979019165,0.5,0.01148150023072958,0.030799999833106995,3.0399999618530273,0.012199999764561653,0.800000011920929,16,73,0,150,3.49891559501952,46.472347647277,24.3,28,29.1,benthic,196.8800048828125,-0.1353078368874218,29,3.614690065383911,1.3240400552749634,0.7527080178260803,0.5,High; decline threshold 0.99,4.6,fusiform / normal,-1,FALSE,-1,14,16,Epinephelus,Malabar grouper,0,1,1,reef-associated,WaterAssumed,40.44,very high,harmless,no special ability,0.5
6440,Epinephelus coeruleopunctatus,6761,76,3.7200000286102295,0.4699999988079071,0.010715199634432793,0.09269999712705612,2.990000009536743,0.06159999966621399,0.15000000596046448,8,34,2,65,5.19205276104949,71.7808228034251,24.6,28,29,pelagic,61.34000015258789,-0.87,25,19.100000381469727,5.931580066680908,4.199999809265137,0.5,Low; decline threshold 0.85,5,fusiform / normal,-1,FALSE,0,15,17,Epinephelus,Whitespotted grouper,0,0,1,reef-associated,WaterAssumed,55.67,very high,harmless,no special ability,0.5
6441,Aethaloperca rogaa,6763,60,4.110000133514404,0.6800000071525574,0.017782799899578094,0.1459999978542328,3.009999990463257,0.08980000019073486,0.18000000715255737,3,60,3,60,5.69248434197868,44.5369615488232,24.1,27.9,29,pelagic,49.150001525878906,-0.77,25,15.899999618530273,4.805520057678223,3.5999999046325684,0.5,Medium; decline threshold 0.95,5,short and / or deep,-1,FALSE,-1,17,18,Aethaloperca,Redmouth grouper,0,0,1,reef-associated,WaterAssumed,48.76,very high,harmless,no special ability,1
6444,Cephalopholis boenak,6766,30,4.070000171661377,0.6200000047683716,0.01258930005133152,0.042500000447034836,3.0399999618530273,0.013799999840557575,0.3499999940395355,4,30,1,64,6.12988930403543,50.841101056252,24.7,28.1,29.1,benthic,24.729999542236328,-0.37,27,7.738110065460205,2.21589994430542,2,0.5,High; decline threshold 0.99,0,fusiform / normal,-1,FALSE,0,15,17,Cephalopholis,Chocolate hind,0,0,1,reef-associated,WaterAssumed,31.04,very high,harmless,no special ability,0.5
6447,Cephalopholis hemistiktos,6769,35,4.139999866485596,0.550000011920929,0.0123027004301548,0.16599999368190765,3.0399999618530273,0.08420000225305557,0.10999999940395355,15,20,4,55,6.18182902337221,47.4414882258275,25.1,27.3,29.3,pelagic,29.579999923706055,-1.517121613411739,26,25.755599975585938,7.209090232849121,6.4441399574279785,0.5,Low; decline threshold 0.85,9.4,fusiform / normal,-1,FALSE,0,8,10,Cephalopholis,Yellowfin hind,0,0,1,reef-associated,WaterAssumed,57.85,very high,harmless,no special ability,0.5
6450,Cephalopholis miniata,6772,50,4.289999961853027,0.5109999775886536,0.01148150023072958,0.039000000804662704,3.0399999618530273,0.013700000010430813,0.10999999940395355,17,74,2,150,6.29565711735532,40.2440050065838,23.7,27.8,29,pelagic,42.599998474121094,-1.5105812565301027,25,28.529499053955078,8.364870071411133,6.730470180511475,0.5,Low; decline threshold 0.85,6.4,fusiform / normal,0,FALSE,0,14,15,Cephalopholis,Coral hind,0,0,1,reef-associated,WaterAssumed,65.04,very high,harmless,no special ability,0.5
6451,Cephalopholis oligosticta,6773,30,4.03000020980835,0.6800000071525574,0.0123027004301548,0.16599999368190765,3.0399999618530273,0.08420000225305557,0.3499999940395355,15,50,15,50,6.08717468378931,51.8199261728995,24.5,28.9,29.4,benthic,24.059999465942383,-0.47,25,8.100000381469727,2.263659954071045,2.0999999046325684,0.5,High; decline threshold 0.99,9.4,fusiform / normal,-1,FALSE,0,14,15,Cephalopholis,Vermilion hind,0,0,1,reef-associated,WaterAssumed,31.76,very high,harmless,no special ability,0.5
6453,Cephalopholis sexmaculata,6775,50,4,0.6600000262260437,0.0123027004301548,0.16599999368190765,3.0399999618530273,0.08420000225305557,0.2199999988079071,16,73,0,150,5.46797813364317,54.3045303413741,23.7,27.2,28.5,pelagic,39.779998779296875,-0.3781912041377502,25,7.955140113830566,2.374969959259033,1.899999976158142,0.5,Medium; decline threshold 0.95,5.7,fusiform / normal,-1,FALSE,0,14,16,Cephalopholis,Sixblotch hind,0,0,1,reef-associated,WaterAssumed,33.23,very high,harmless,no special ability,0.5
6458,Dermatolepis striolata,6780,85,4.03000020980835,0.6700000166893005,0.01122019998729229,0.16099999845027924,3.0399999618530273,0.08269999921321869,0.12999999523162842,2,9,1,15,4.72852490145478,52.8060211546935,26.1,27.3,28.8,pelagic,68.7699966430664,-0.98,25,22.100000381469727,6.912099838256836,4.800000190734863,0.5,Low; decline threshold 0.85,5,fusiform / normal,-1,FALSE,0,18,19,Dermatolepis,Smooth grouper,0,0,1,reef-associated,WaterAssumed,58.27,very high,harmless,no special ability,0.625
6465,Epinephelus coioides,6787,120,4.03000020980835,0.6200000047683716,0.01148150023072958,0.02759999968111515,3.0399999618530273,0.011699999682605267,0.1899999976158142,11,50,1,100,4.20371465033643,52.3119075684073,24.4,28.1,29.1,benthic,100.12999725341797,-0.7462662604097976,23.5,17.21780014038086,5.433010101318359,3.6390600204467773,0.5,Medium; decline threshold 0.95,4.3,fusiform / normal,-1,FALSE,0,13,16,Epinephelus,Orange-spotted grouper,0,1,1,reef-associated,WaterAssumed,57.51,high,harmless,no special ability,0.5
6468,Epinephelus lanceolatus,6790,270,4,0.6000000238418579,0.01148150023072958,0.16300000250339508,3.0399999618530273,0.08399999886751175,0.05000000074505806,22,50,1,200,3.14166015400961,54.3045303413741,24.3,28.1,29.1,pelagic,221.39999389648438,-1.94,25,58.099998474121094,20.453800201416016,10.800000190734863,0.5,Very low; decline threshold 0.70,2.5,fusiform / normal,-1,FALSE,-1,14,16,Epinephelus,Giant grouper,0,1,1,reef-associated,WaterAssumed,85.41,very high,traumatogenic,no special ability,0.5
6473,Epinephelus polyphekadion,6795,109.80000305175781,3.990000009536743,0.44999998807907104,0.01148150023072958,0.029100000858306885,3.0399999618530273,0.01209999993443489,0.12999999523162842,5,26,0,50,4.29311779889003,54.8106501435774,24.5,27.6,28.9,benthic,90,-0.7865710860094014,25,15.88010025024414,4.7516398429870605,3.67930006980896,0.5,Medium; decline threshold 0.95,5.9,fusiform / normal,-1,FALSE,-1,14,15,Epinephelus,Camouflage grouper,0,0,1,reef-associated,WaterAssumed,52.06,very high,reports of ciguatera poisoning,no special ability,0.5
6479,Saurida tumbil,6801,66.5999984741211,4.400000095367432,0.2800000011920929,0.0053703198209404945,0.032999999821186066,3.119999885559082,0.021700000390410423,0.3100000023841858,20,60,2.0446451288084417,700,3.35663519078304,78.108245702436,18.4,27.9,29.1,pelagic,57.36000061035156,-0.23695173884107457,28,4.487460136413574,1.2891299724578857,1.1158100366592407,0.5,High; decline threshold 0.99,9.6,elongated,-1,FALSE,0,11,13,Saurida,Greater lizardfish,0,0,1,reef-associated,WaterAssumed,28.23,very high,harmless,no special ability,0.5
6482,Taeniurops meyeni,6804,330,4.199999809265137,0.6899999976158142,0.00446684006601572,0.1899999976158142,3.119999885559082,0.0997999981045723,0.5696676166531842,20,60,1,500,0.541820814335875,74.7195103319997,23.3,28,29.1,benthic,330,-0.45573633178998013,25,6.899145602075,2.459846693780071,1.9217499833978395,0.5,"Please enter values for K, tmax.",2.2,other,0,FALSE,0,24.156188488295072,26.49487358390074,Taeniurops,Round ribbontail ray,0,0,1,reef-associated,WaterAssumed,76.55,low,venomous,no special ability,0.75
6488,Enchelycore bayeri,6810,70,4.5,0.800000011920929,4.897789913229644e-4,0.1550000011920929,3.259999990463257,0.08380000293254852,0.1899999976158142,1,20,0,64,3.32242995683952,73.0317375041252,24.9,27.7,28.9,pelagic,69.160003662109375,-0.7,25,15.100000381469727,4.629670143127441,3.4000000953674316,0.5,Medium; decline threshold 0.95,5.7,eel-like,0,FALSE,0,0,0,Enchelycore,Bayer's moray,0,0,1,reef-associated,WaterAssumed,47.98,medium,traumatogenic,no special ability,0.5001000165939331
6490,Enchelycore schismatorhynchus,6812,120,4.610000133514404,0.8299999833106995,4.1686900658532977e-4,0.11599999666213989,3.25,0.07150000333786011,0.10999999940395355,8,21,5,35,3.26268196010854,66.9075001483796,26.4,28,29,pelagic,98.4000015258789,-1.07,25,26.200000762939453,8.512960433959961,5.400000095367432,0.5,Low; decline threshold 0.85,6,eel-like,0,FALSE,0,0,0,Enchelycore,White-marginated fin moray,0,0,1,reef-associated,WaterAssumed,66.78,medium,harmless,no special ability,0.5001000165939331
6493,Gymnothorax buroensis,6815,38.70000076293945,3.8399999141693115,0.6499999761581421,7.079460192471743e-4,0.09619999676942825,3.319999933242798,0.06340000033378601,0.3199999928474426,2,13,0,25,3.98379282179378,116.413169559732,25.5,28.4,29.3,benthic,37.86000061035156,-0.48,25,8.899999618530273,2.55430006980896,2.200000047683716,0.5,High; decline threshold 0.99,11,eel-like,0,FALSE,0,0,0,Gymnothorax,Latticetail moray,0,1,1,reef-associated,WaterAssumed,33.75,medium,harmless,no special ability,0.5
6504,Pomacanthus imperator,6825,48.79999923706055,2.930000066757202,0.05000000074505806,0.017378000542521477,0.13300000131130219,2.880000114440918,0.08049999922513962,0.07000000029802322,11,50,1,100,15.6042470499968,770.275180221947,24.6,27.9,29,benthic,40,-2.4094317422027696,25.5,42.36669921875,12.110699653625488,9.740559577941895,0.5,Low; decline threshold 0.85,12.5,short and / or deep,-1,FALSE,0,17,21,Pomacanthus,Emperor angelfish,0,0,1,reef-associated,WaterAssumed,67.79,high,harmless,no special ability,0.5001000165939331
6507,Sargocentron spiniferum,6828,56.61000061035156,3.5999999046325684,0.38999998569488525,0.017378000542521477,0.0494999997317791,2.9700000286102295,0.02539999969303608,0.23000000417232513,13,60,0,122,4.87395181318064,202.394589823411,24.4,27.8,29,pelagic,46.41999816894531,-0.624084420061049,25,12.419400215148926,3.6840898990631104,2.92726993560791,0.5,Medium; decline threshold 0.95,6.2,fusiform / normal,-1,FALSE,-1,14,16,Sargocentron,Sabre squirrelfish,0,0,1,reef-associated,WaterAssumed,39.99,medium,reports of ciguatera poisoning,no special ability,0.5
6514,Chaetodon austriacus,6835,15.859999656677246,3.3399999141693115,0.6100000143051147,0.02290870063006878,0.15700000524520874,3,0.0860000029206276,0.8999999761581421,2,9,1,15,7.85808319017332,121.690915923729,24.6,27.3,29.3,benthic,13,-0.22515122256328401,25,3.108180046081543,1.2456799745559692,0.9140210151672363,0.5,High; decline threshold 0.99,16.5,short and / or deep,-1,TRUE,0,20,21,Chaetodon,Blacktail butterflyfish,0,0,1,reef-associated,WaterAssumed,15.04,unknown,harmless,no special ability,0.5
6526,Arothron stellatus,6847,120,3.6500000953674316,0.2199999988079071,0.05011869966983795,0.10999999940395355,2.859999895095825,0.06859999895095825,0.15000000596046448,8,31,3,58,4.66233094876282,174.343291356239,22.4,27.8,29,benthic,99.36000061035156,-0.77,25,19.200000762939453,6.257500171661377,4,0.5,Low; decline threshold 0.85,3.6,short and / or deep,0,FALSE,0,10,12,Arothron,Stellate puffer,0,1,1,reef-associated,WaterAssumed,61.07,very high,poisonous to eat,no special ability,0.5
6549,Centropyge multispinis,6870,14,2.7899999618530273,0.3100000023841858,0.02951209992170334,0.18199999630451202,2.890000104904175,0.09849999845027924,0.4300000071525574,4,16,1,30,13.801103011223,557.33257168369,25,28.2,29.2,benthic,11.180000305175781,-0.46,25,6.5,2.5267300605773926,1.899999976158142,0.5,High; decline threshold 0.99,37.2,short and / or deep,-1,FALSE,0,15,17,Centropyge,Dusky angelfish,0,0,1,reef-associated,WaterAssumed,27.89,high,harmless,no special ability,0.5
6552,Diodon liturosus,6873,65,3.5,0.3700000047683716,0.04786299914121628,0.19900000095367432,2.819999933242798,0.1080000028014183,0.20999999344348907,15,30,1,90,5.32724181434293,279.228414881974,24.7,28.1,29.1,benthic,54.11000061035156,-0.64,25,13.600000381469727,4.152450084686279,3.0999999046325684,0.5,Medium; decline threshold 0.95,5.9,short and / or deep,0,FALSE,0,14,16,Diodon,Black-blotched porcupinefish,0,0,1,reef-associated,WaterAssumed,44,unknown,reports of ciguatera poisoning,no special ability,0.5313000082969666
6555,Ostracion cubicum,6876,45,3.259999990463257,0.3499999940395355,0.05495410040020943,0.0997999981045723,2.75,0.07020000368356705,0.9607999390928915,1,50,1,280,5.97407059342501,418.042121991095,24.5,28,29,benthic,37.060001373291016,-0.2498718517839167,25,3.467219728980162,1.2372083214123135,0.9957401496533523,0.5,"Please enter values for K, tmax.",6.4,short and / or deep,0,FALSE,0,8,9,Ostracion,Yellow boxfish,0,0,1,reef-associated,WaterAssumed,23.35,high,harmless,no special ability,0.5019999742507935
6568,Pseudanthias squamipinnis,6889,15,3.4000000953674316,0.44999998807907104,0.018620900809764862,0.14499999582767487,2.9600000381469727,0.08789999783039093,0.6000000238418579,5,35,0,55,7.82892896885955,110.427085306918,24.3,27.6,28.9,pelagic,10.380000114440918,-0.31577208492054776,24,4.6676201820373535,1.7980300188064575,1.3147200345993042,0.5,High; decline threshold 0.99,13.1,fusiform / normal,0,FALSE,0,15,17,Pseudanthias,Sea goldie,0,0,1,reef-associated,WaterAssumed,22.97,very high,harmless,no special ability,0.5
6572,Pygoplites diacanthus,6893,30.5,2.690000057220459,0,0.02951209992170334,0.18199999630451202,2.890000104904175,0.09849999845027924,0.20999999344348907,11,54,0,110,17.6146041839865,798.435480354522,24.6,27.8,29,benthic,25,-0.8155624402414445,25,14.184399604797363,3.920340061187744,3.700000047683716,0.5,Low; decline threshold 0.85,10.5,short and / or deep,-1,FALSE,0,17,19,Pygoplites,Regal angelfish,0,0,1,reef-associated,WaterAssumed,37.72,high,harmless,no special ability,1
6573,Sargocentron ittodai,6894,20,3.549999952316284,0.6000000238418579,0.01698240078985691,0.164000004529953,2.9600000381469727,0.08579999953508377,0.8799999952316284,5,70,5,190,5.09595217218963,237.298413787098,24.7,27.9,29,benthic,16.979999542236328,-0.2,25,3.200000047683716,1.2009299993515015,0.8999999761581421,0.5,High; decline threshold 0.99,12,fusiform / normal,-1,FALSE,-1,13,14,Sargocentron,Samurai squirrelfish,0,0,1,reef-associated,WaterAssumed,15.39,medium,venomous,no special ability,0.5
6594,Arothron reticularis,6916,54.900001525878906,3.440000057220459,0.47999998927116394,0.030199499800801277,0.13899999856948853,2.890000104904175,0.07999999821186066,0.3199999928474426,3,14,1,25,5.6165820285751,338.254662212129,25.1,28.6,29.3,benthic,45,-0.46,25,8.899999618530273,2.602869987487793,2.0999999046325684,0.5,High; decline threshold 0.99,13,short and / or deep,0,FALSE,0,10,10,Arothron,Reticulated pufferfish,0,1,1,reef-associated,WaterAssumed,41.73,very high,poisonous to eat,no special ability,0.5
6605,Ostorhinchus fasciatus,6925,12.600000381469727,3.630000114440918,0.5199999809265137,0.012022599577903748,0.10599999874830246,3.109999895095825,0.06679999828338623,0.7799999713897705,15,30,2,128,7.3623948840298,79.9944422530265,24.6,28.1,29,pelagic,10.420000076293945,-0.26,25,3.5999999046325684,1.425029993057251,1.100000023841858,0.5,High; decline threshold 0.99,13.6,short and / or deep,-1,FALSE,0,9,9,Ostorhinchus,Broadbanded cardinalfish,0,0,1,reef-associated,WaterAssumed,17.67,high,harmless,no special ability,0.5
6616,Nemateleotris decora,6936,9,3.049999952316284,0.1899999976158142,0.0038904501125216484,0.17100000381469727,3.119999885559082,0.09000000357627869,1.1210836663190817,25,70,25,100,8.68608108272543,234.347136996985,23.4,26.9,28.5,pelagic,7.429999828338623,-0.22294886955229024,25,3.027283055445899,1.1764014580877964,0.9210245704061331,0.5,"Please enter values for K, tmax.",19.5,elongated,0,FALSE,0,27,32,Nemateleotris,Elegant firefish,0,0,1,reef-associated,WaterAssumed,10,unknown,harmless,no special ability,0.5625
6622,Stethojulis trilineata,6943,16.5,3.2100000381469727,0.2800000011920929,0.010232900269329548,0.12600000202655792,3.0999999046325684,0.07660000026226044,1.100000023841858,2,11,0,20,7.95077041141109,155.9589986267,26.7,28.7,29.3,benthic,13.649999618530273,-0.17425051428063687,27,2.5530200004577637,1.000480055809021,0.742093026638031,0.5,High; decline threshold 0.99,15.2,fusiform / normal,-1,FALSE,0,11,11,Stethojulis,Three-lined rainbowfish,0,0,1,reef-associated,WaterAssumed,12.72,very high,harmless,no special ability,0.5009999871253967
6625,Sargocentron rubrum,6944,32,3.5799999237060547,0.3059999942779541,0.017782799899578094,0.042899999767541885,2.950000047683716,0.023900000378489494,0.7200000286102295,9,43,1,84,4.96157764054555,215.513386599622,25,28.1,29,benthic,27.190000534057617,-0.14170227346824577,21.299999237060547,2.400670051574707,0.776095986366272,0.641743004322052,0.5,High; decline threshold 0.99,8,fusiform / normal,0,FALSE,-1,12,14,Sargocentron,Redcoat,0,0,1,reef-associated,WaterAssumed,16.59,medium,venomous,no special ability,0.5
6630,Abudefduf vaigiensis,6950,20,2.569999933242798,0.4000000059604645,0.02511890046298504,0.11500000208616257,3.0199999809265137,0.07180000096559525,0.8500000238418579,1,8,0,15,28.3645130757165,1220.54656901312,21.9,28.2,29.3,benthic,15.09000015258789,-0.21368835526797986,27,3.3157200813293457,1.2600500583648682,0.9253889918327332,0.5,High; decline threshold 0.99,35.6,short and / or deep,-1,TRUE,0,12,14,Abudefduf,Indo-Pacific sergeant,0,0,1,reef-associated,WaterAssumed,15.82,unknown,reports of ciguatera poisoning,no special ability,0.5
6633,Stethojulis interrupta,6953,15.600000381469727,3.369999885559082,0.30000001192092896,0.009772369638085365,0.125,3.059999942779541,0.07670000195503235,0.6100000143051147,2,10,1,18,7.93911662335316,115.805660092505,24.3,28.4,29.2,benthic,13.319999694824219,-0.31,25,4.599999904632568,1.792870044708252,1.2999999523162842,0.5,High; decline threshold 0.99,14,fusiform / normal,-1,FALSE,0,11,11,Stethojulis,Cutribbon wrasse,0,0,1,reef-associated,WaterAssumed,22.77,very high,harmless,no special ability,0.5009999871253967
6635,Cantherhines pardalis,6955,25,3.5,0.3700000047683716,0.015848899260163307,0.11900000274181366,2.930000066757202,0.07569999992847443,0.4000000059604645,2,11,0,20,5.32724181434293,279.228414881974,24.7,28.2,29.3,benthic,23.260000228881836,-0.43,25,7.099999904632568,1.9379500150680542,1.7999999523162842,0.5,High; decline threshold 0.99,9,short and / or deep,0,FALSE,0,32,36,Cantherhines,Honeycomb filefish,0,0,1,reef-associated,WaterAssumed,29.29,high,harmless,no special ability,0.5001999735832214
6654,Conger cinereus,6974,140,4.340000152587891,0.4790000021457672,5.888440064154565e-4,0.12399999797344208,3.2100000381469727,0.07760000228881836,0.12999999523162842,8,40,0,80,3.37028741067481,80.9870890698461,23.7,27.7,29,pelagic,138.10000610351563,-0.86,25,22.200000762939453,7.342450141906738,4.5,0.5,Low; decline threshold 0.85,5.5,eel-like,0,FALSE,0,3.088590131834883,3.259340968101061,Conger,Longfin African conger,0,1,1,reef-associated,WaterAssumed,67.74,medium,harmless,no special ability,0.5
6663,Halichoeres nebulosus,6983,12,3.3399999141693115,0.23999999463558197,0.009772369638085365,0.164000004529953,3.0799999237060547,0.08760000020265579,0.7799999713897705,5,21,1,40,8.00218572824271,121.690915923729,24.7,27.8,29,benthic,9.710000038146973,-0.26,17,3.5999999046325684,1.4208600521087646,1.100000023841858,0.5,High; decline threshold 0.99,10.8,fusiform / normal,-1,FALSE,0,11,11,Halichoeres,Nebulous wrasse,0,0,1,reef-associated,WaterAssumed,17.67,very high,harmless,no special ability,0.5
6669,Cheilodipterus arabicus,6989,21.959999084472656,3.5,0.5,0.01122019998729229,0.16899999976158142,3.069999933242798,0.09220000356435776,0.4699999988079071,5,15,3,25,7.37680790427581,95.2320915949854,25,27.8,29,benthic,18,-0.39,25,6,2.286679983139038,1.7000000476837158,0.5,High; decline threshold 0.99,12.8,fusiform / normal,0,FALSE,0,9.572122454334407,9.956572678121766,Cheilodipterus,Tiger cardinal,0,0,1,reef-associated,WaterAssumed,28.46,high,harmless,no special ability,0.5
6498,Gymnothorax hepaticus,6990,100,4.090000152587891,0.6499999761581421,4.6773499343544245e-4,0.14000000059604645,3.2799999713897705,0.07930000126361847,0.12999999523162842,3,16,0,30,3.48284268945251,93.0117741815722,26.1,28.7,29.3,pelagic,82,-0.94,25,22.100000381469727,7.067440032958984,4.699999809265137,0.5,Low; decline threshold 0.85,10.1,eel-like,0,FALSE,0,0,0,Gymnothorax,Liver-colored moray eel,0,0,1,reef-associated,WaterAssumed,59.14,medium,harmless,no special ability,0.5
6672,Amanses scopas,6993,20,2.859999895095825,0.4000000059604645,0.019498400390148163,0.16300000250339508,2.930000066757202,0.09109999984502792,0.5,2,10,0,18,11.4028555709744,2093.50492496872,24.9,28.3,29.3,benthic,16.399999618530273,-0.36,25,5.599999904632568,2.105639934539795,1.5,0.5,High; decline threshold 0.99,26.5,short and / or deep,0,FALSE,0,26,29,Amanses,Broom filefish,0,0,1,reef-associated,WaterAssumed,24.95,unknown,harmless,no special ability,1
6675,Amblygobius albimaculatus,6996,21.959999084472656,3.299999952316284,0.05999999865889549,0.010232900269329548,0.16699999570846558,3.009999990463257,0.09099999815225601,0.3499999940395355,11,16,10,20,23.4881619740371,1024.57898228555,24.6,28.4,29.3,benthic,18,-0.54,25,8,3.0543999671936035,2.200000047683716,0.5,High; decline threshold 0.99,43.7,fusiform / normal,0,FALSE,0,13,15,Amblygobius,Butterfly goby,0,1,1,reef-associated,WaterAssumed,33.8,very high,harmless,no special ability,0.5
6926,Choerodon robustus,7247,35,3.799999952316284,0.28999999165534973,0.019498400390148163,0.16200000047683716,3,0.09719999879598618,0.28999999165534973,44,61,40,80,7.16885665299266,119.667034845107,23,27.3,28.3,benthic,28.469999313354492,-0.54,25,9.800000190734863,2.7984800338745117,2.4000000953674316,0.5,Medium; decline threshold 0.95,8.6,fusiform / normal,0,FALSE,0,8,8,Choerodon,Robust tuskfish,0,0,1,reef-associated,WaterAssumed,34.51,very high,harmless,no special ability,0.5
6945,Pseudanthias cichlops,7266,11.59000015258789,3.359999895095825,0.4399999976158142,0.014125400222837925,0.18000000715255737,3,0.10000000149011612,0.75,22,31,20,40,7.98109298487602,113.960964561367,24.2,28,28.5,pelagic,9.5,-0.29,25,3.700000047683716,1.545259952545166,1.2000000476837158,0.5,High; decline threshold 0.99,41.6,fusiform / normal,0,FALSE,0,14.056889346524766,15.057946977871664,Pseudanthias,Orangehead anthias,0,0,1,reef-associated,WaterAssumed,19.02,very high,harmless,no special ability,0.5
7188,Arothron immaculatus,7300,37.5,3.319999933242798,0.23999999463558197,0.03311309963464737,0.10400000214576721,2.819999933242798,0.06549999862909317,0.44999998807907104,5,17,3,30,22.7083644910321,3707.76729408897,24.3,28.5,29.3,benthic,29.149999618530273,-0.34,25,6.300000190734863,1.8095899820327759,1.600000023841858,0.5,High; decline threshold 0.99,21.1,short and / or deep,0,FALSE,0,9,11,Arothron,Immaculate puffer,0,1,1,reef-associated,WaterAssumed,28.49,very high,poisonous to eat,no special ability,0.5
7190,Siokunichthys herrei,7308,9.270000457763672,3.240000009536743,0.44999998807907104,3.467370115686208e-4,0.1809999942779541,3.190000057220459,0.09549999982118607,1.559999942779541,1,10,0,37,6.74368327687781,607.352211984254,25.4,28.4,29.3,benthic,7.599999904632568,-0.14,25,1.7999999523162842,0.7728430032730103,0.6000000238418579,0.5,High; decline threshold 0.99,47.6,eel-like,0,FALSE,0,27,31,Siokunichthys,Herre's pipefish,0,0,1,demersal,WaterAssumed,10,unknown,harmless,no special ability,0.5156000256538391
7194,Siokunichthys bentuviai,7319,7.440000057220459,3.2100000381469727,0.44999998807907104,3.467370115686208e-4,0.1809999942779541,3.190000057220459,0.09549999982118607,1.9199999570846558,2,6,1,10,6.95337604948384,663.812283968472,28.5,28.9,29.2,benthic,6.099999904632568,-0.12,25,1.399999976158142,0.6262570023536682,0.5,0.5,High; decline threshold 0.99,54,eel-like,0,FALSE,0,24,28,Siokunichthys,Barred xenia-pipefish,0,0,1,reef-associated,WaterAssumed,10,unknown,harmless,no special ability,0.5156000256538391
7195,Amblyeleotris steinitzi,7324,15.859999656677246,3.4000000953674316,0.36000001430511475,0.0074130999855697155,0.16899999976158142,3.0899999141693115,0.09019999951124191,0.47999998927116394,6,23,2,43,7.71141423307619,102.372912168399,25.2,27.7,29,benthic,13,-0.42,25,5.800000190734863,2.2943999767303467,1.7000000476837158,0.5,High; decline threshold 0.99,34.4,elongated,0,FALSE,0,12,12,Amblyeleotris,Steinitz' prawn-goby,0,1,1,reef-associated,WaterAssumed,27.68,very high,harmless,no special ability,0.5
7196,Amblyeleotris wheeleri,7325,12.199999809265137,3.3499999046325684,0.3499999940395355,0.0074130999855697155,0.16899999976158142,3.0899999141693115,0.09019999951124191,0.6100000143051147,5,15,5,40,7.94616116978384,112.169124857551,25.5,28.4,29.3,benthic,10,-0.35,25,4.599999904632568,1.8624500036239624,1.399999976158142,0.5,High; decline threshold 0.99,40.2,elongated,0,FALSE,0,12,12,Amblyeleotris,Gorgeous prawn-goby,0,0,1,reef-associated,WaterAssumed,23.74,very high,harmless,no special ability,0.5
7200,Asterropteryx semipunctata,7330,6.5,2.359999895095825,0,0.009999999776482582,0.10300000011920929,3.1600000858306885,0.06700000166893005,1.7899999618530273,3,11,1,20,60.2248579271252,2440.56805008223,24.7,28.2,29.3,benthic,4.820000171661377,-0.146470580535504,25,1.6800099611282349,0.7483950257301331,0.566735029220581,0.5,High; decline threshold 0.99,78,elongated,0,FALSE,0,9,11,Asterropteryx,Starry goby,0,0,1,reef-associated,WaterAssumed,10,very high,harmless,no special ability,0.5019999742507935
7201,Bathygobius fuscus,7331,12,3.4200000762939453,0.5600000023841858,0.010232900269329548,0.16699999570846558,3.009999990463257,0.09099999815225601,0.6200000047683716,0,4,0,6,7.90942255009741,107.08122617311,24.9,28.4,29.3,pelagic,9.569999694824219,-0.33,25,4.5,1.7846299409866333,1.2999999523162842,0.5,High; decline threshold 0.99,16.3,fusiform / normal,0,FALSE,0,9,9,Bathygobius,Dusky frillgoby,1,1,1,reef-associated,WaterAssumed,22.52,very high,harmless,no special ability,0.5
7205,Bryaninops natans,7335,2.5,3.0399999618530273,0.3199999928474426,0.0074130999855697155,0.16899999976158142,3.0899999141693115,0.09019999951124191,2.630000114440918,9,18,7,27,8.95521514025432,234.347136996985,25.3,28.2,29.3,pelagic,2.1500000953674316,-0.11,25,1,0.5126649737358093,0.4000000059604645,0.5,High; decline threshold 0.99,93.3,elongated,0,FALSE,0,7,9,Bryaninops,Redeye goby,0,0,1,reef-associated,WaterAssumed,10,very high,harmless,no special ability,0.5
7206,Callogobius maculipinnis,7336,6.800000190734863,3.240000009536743,0.3400000035762787,0.0074130999855697155,0.16899999976158142,3.0899999141693115,0.09019999951124191,1.0399999618530273,6,21,3,37,8.23756644653591,140.698533931987,26.9,28.1,29,benthic,5.239999771118164,-0.23,25,2.700000047683716,1.1571600437164307,0.8999999761581421,0.5,High; decline threshold 0.99,50.7,elongated,0,FALSE,0,9,9,Callogobius,Ostrich goby,0,0,1,reef-associated,WaterAssumed,13.37,unknown,harmless,no special ability,0.5
7212,Discordipinna griessingeri,7351,3.6600000858306885,3.119999885559082,0.33000001311302185,0.0074130999855697155,0.16899999976158142,3.0899999141693115,0.09019999951124191,1.850000023841858,2,15,2,45,8.51718492961322,188.307134128481,24.7,28.3,29.3,benthic,3,-0.15,25,1.5,0.7078189849853516,0.6000000238418579,0.5,High; decline threshold 0.99,82.5,elongated,0,FALSE,0,7,8,Discordipinna,Spikefin goby,0,0,1,reef-associated,WaterAssumed,10,very high,harmless,no special ability,0.625
7215,Fusigobius neophytus,7354,7.5,2.890000104904175,0.25,0.010232900269329548,0.16699999570846558,3.009999990463257,0.09099999815225601,0.949999988079071,2,13,0,25,11.0287654716424,391.755726440634,24.7,28.2,29.3,benthic,5.760000228881836,-0.24,25,2.9000000953674316,1.2459100484848022,0.8999999761581421,0.5,High; decline threshold 0.99,74.2,fusiform / normal,0,FALSE,0,9,9,Fusigobius,Common fusegoby,0,0,1,reef-associated,WaterAssumed,14.21,very high,harmless,no special ability,0.5005000233650208
7216,Gobiodon histrio,7355,3.5,3.240000009536743,0.41999998688697815,0.019952600821852684,0.17499999701976776,3.009999990463257,0.09049999713897705,1.9299999475479126,2,15,0,20,8.37448581231039,146.427735207108,24.7,28.6,29.3,benthic,2.869999885559082,-0.14,25,1.399999976158142,0.700767993927002,0.6000000238418579,0.5,High; decline threshold 0.99,75.7,short and / or deep,0,FALSE,0,10,10,Gobiodon,Broad-barred goby,0,0,1,reef-associated,Facultative,10,very high,harmless,no special ability,0.5
7218,Oplopomus oplopomus,7361,12.199999809265137,3.3499999046325684,0.3499999940395355,0.010232900269329548,0.16699999570846558,3.009999990463257,0.09099999815225601,0.6100000143051147,1,20,1,30,7.94616116978384,112.169124857551,24.7,27.8,29,benthic,10,-0.35,25,4.599999904632568,1.8624500036239624,1.399999976158142,0.5,High; decline threshold 0.99,40.2,fusiform / normal,0,FALSE,0,10,10,Oplopomus,Spinecheek goby,0,0,1,reef-associated,WaterAssumed,23.74,very high,harmless,no special ability,0.75
7219,Paragobiodon echinocephalus,7362,4,3.130000114440918,0.33000001311302185,0.019952600821852684,0.17499999701976776,3.009999990463257,0.09049999713897705,1.7000000476837158,4,24,0,47,8.45373072545651,179.129951731435,24.7,27.9,29,benthic,3.2899999618530273,-0.16,25,1.600000023841858,0.7599859833717346,0.6000000238418579,0.5,High; decline threshold 0.99,70.2,short and / or deep,0,FALSE,0,8,9,Paragobiodon,Redhead goby,0,0,1,reef-associated,WaterAssumed,10,very high,harmless,no special ability,0.5156000256538391
7220,Paragobiodon xanthosoma,7366,4,3.130000114440918,0.33000001311302185,0.019952600821852684,0.17499999701976776,3.009999990463257,0.09049999713897705,1.7000000476837158,8,36,1,70,8.45373072545651,179.129951731435,25,28.2,29.3,benthic,3.3499999046325684,-0.16,25,1.600000023841858,0.7599859833717346,0.6000000238418579,0.5,High; decline threshold 0.99,70.2,short and / or deep,0,FALSE,0,8,10,Paragobiodon,Emerald coral goby,0,0,1,reef-associated,WaterAssumed,10,very high,harmless,no special ability,0.5156000256538391
7221,Priolepis cincta,7367,7.769999980926514,3.259999990463257,0.3400000035762787,0.008709640242159367,0.11800000071525574,3.0399999618530273,0.07289999723434448,0.9200000166893005,1,30,1,70,8.18895417689248,132.909608534987,24.8,27.7,29,benthic,5.679999828338623,-0.25,25,3,1.3012100458145142,1,0.5,High; decline threshold 0.99,45,fusiform / normal,0,FALSE,0,11,11,Priolepis,Banded reef goby,0,1,1,reef-associated,WaterAssumed,14.62,very high,harmless,no special ability,0.5
7224,Valenciennea helsdingenii,7370,25,3.4000000953674316,0.4099999964237213,0.010232900269329548,0.16699999570846558,3.009999990463257,0.09099999815225601,0.3100000023841858,1,30,1,45,7.46730794962095,110.427085306918,24.4,27.6,29,benthic,18.68000030517578,-0.56,25,9.100000381469727,2.495419979095459,2.4000000953674316,0.5,High; decline threshold 0.99,26.3,fusiform / normal,0,FALSE,0,11,11,Valenciennea,Twostripe goby,0,0,1,reef-associated,WaterAssumed,32.8,very high,harmless,no special ability,0.5
7227,Valenciennea sexguttata,7373,14,3.1600000858306885,0.27000001072883606,0.010232900269329548,0.16699999570846558,3.009999990463257,0.09099999815225601,0.5400000214576721,5,15,3,25,8.04681116684057,174.835367827521,26.9,28.7,29.3,benthic,10.90999984741211,-0.37,25,5.199999809265137,2.0083200931549072,1.5,0.5,High; decline threshold 0.99,32.8,fusiform / normal,0,FALSE,0,12,12,Valenciennea,Sixspot goby,0,0,1,reef-associated,WaterAssumed,24.31,very high,harmless,no special ability,0.5
7228,Yongeichthys nebulosus,7374,21.959999084472656,3.4700000286102295,0.36000001430511475,0.010232900269329548,0.16699999570846558,3.009999990463257,0.09099999815225601,0.3499999940395355,1,8,0,15,6.93366005188265,78.9953808128409,25,28.4,29.3,benthic,18,-0.54,25,8,3.0543999671936035,2.200000047683716,0.5,High; decline threshold 0.99,28.3,fusiform / normal,0,FALSE,0,9,9,Yongeichthys,Shadow goby,1,1,1,reef-associated,WaterAssumed,33.8,very high,poisonous to eat,no special ability,0.5625
7238,Ctenogobiops feroculus,7403,9.760000228881836,3.440000057220459,0.4300000071525574,0.0074130999855697155,0.16899999976158142,3.0899999141693115,0.09019999951124191,0.75,1,5,1,20,7.95640386729468,103.903707009912,25.2,28.3,29.3,pelagic,8,-0.3,25,3.700000047683716,1.5797699689865112,1.2000000476837158,0.5,High; decline threshold 0.99,45.9,elongated,0,FALSE,0,10,12,Ctenogobiops,Sandy prawn-goby,0,0,1,reef-associated,WaterAssumed,19.02,very high,harmless,no special ability,0.5019999742507935
7239,Lotilia graciliosa,7404,3.819999933242798,3.130000114440918,0.33000001311302185,0.0074130999855697155,0.16899999976158142,3.0899999141693115,0.09019999951124191,1.7799999713897705,10,13,10,15,8.30735450428871,152.647440309148,25.3,28.1,29.1,benthic,3.130000114440918,-0.16,25,1.5,0.748324990272522,0.6000000238418579,0.5,High; decline threshold 0.99,81,elongated,0,FALSE,0,9,9,Lotilia,Whitecap goby,0,0,1,reef-associated,WaterAssumed,10,very high,harmless,no special ability,0.75
7241,Vanderhorstia ambanoro,7409,13,3.359999895095825,0.3499999940395355,0.0074130999855697155,0.16899999976158142,3.0899999141693115,0.09019999951124191,0.5699999928474426,4,16,1,30,7.88833147855178,108.73198473561,27,28.7,29.3,benthic,10.09000015258789,-0.35,25,4.900000095367432,1.9358099699020386,1.399999976158142,0.5,High; decline threshold 0.99,34.4,elongated,0,FALSE,0,13,13,Vanderhorstia,Ambanoro prawn-goby,0,0,1,reef-associated,WaterAssumed,23.67,very high,harmless,no special ability,0.5
7243,Amblygobius nocturnus,7411,12.199999809265137,2.9700000286102295,0.1599999964237213,0.010232900269329548,0.16699999570846558,3.009999990463257,0.09099999815225601,0.6100000143051147,4,16,1,30,17.9415871357178,743.079127532133,25.1,28.3,29.3,benthic,10,-0.35,25,4.599999904632568,1.8624500036239624,1.399999976158142,0.5,High; decline threshold 0.99,40.2,fusiform / normal,0,FALSE,0,13,15,Amblygobius,Nocturn goby,0,0,1,reef-associated,WaterAssumed,23.74,very high,harmless,no special ability,0.5
7246,Valenciennea puellaris,7415,24.399999618530273,3.200000047683716,0.27000001072883606,0.010232900269329548,0.16699999570846558,3.009999990463257,0.09099999815225601,0.3199999928474426,10,30,2,84,7.61269838679428,159.414903279589,25.5,28,29,benthic,20,-0.57,25,8.800000190734863,3.2825698852539063,2.4000000953674316,0.5,High; decline threshold 0.99,26.5,fusiform / normal,0,FALSE,0,11,12,Valenciennea,Maiden goby,0,0,1,reef-associated,WaterAssumed,35.83,very high,harmless,no special ability,0.5
7250,Bryaninops ridens,7422,2.1700000762939453,3.0199999809265137,0.3199999928474426,0.010232900269329548,0.16699999570846558,3.009999990463257,0.09099999815225601,3,8,19,6,30,9.22140153701548,256.274679540511,25.2,28.2,29.3,pelagic,1.7799999713897705,-0.11,25,0.8999999761581421,0.5223730206489563,0.4000000059604645,0.5,High; decline threshold 0.99,112.1,fusiform / normal,0,FALSE,0,7,8,Bryaninops,Ridens goby,0,0,1,reef-associated,WaterAssumed,10,very high,harmless,no special ability,0.5
7251,Bryaninops yongei,7423,4.269999980926514,3.1500000953674316,0.33000001311302185,0.0074130999855697155,0.16899999976158142,3.0899999141693115,0.09019999951124191,1.600000023841858,7,25,3,45,8.42322825948221,174.835367827521,24.8,27.7,29.1,pelagic,3.5,-0.17,25,1.7000000476837158,0.8441770076751709,0.699999988079071,0.5,High; decline threshold 0.99,75.7,elongated,0,FALSE,0,7,10,Bryaninops,Whip coral goby,0,0,1,reef-associated,WaterAssumed,10,very high,harmless,no special ability,0.5
7261,Eviota distigma,7435,2.440000057220459,3.0399999618530273,0.3199999928474426,0.007943280041217804,0.15299999713897705,3.069999933242798,0.08259999752044678,2.690000057220459,2,6,1,10,9.0342980775786,241.337789899322,25.1,28.4,29.3,benthic,2,-0.12,25,1,0.5377269983291626,0.4000000059604645,0.5,High; decline threshold 0.99,94.51660623793558,elongated,0,FALSE,0,7,9,Eviota,Twospot dwarfgoby,0,0,1,reef-associated,WaterAssumed,10,very high,harmless,no special ability,0.5
7270,Eviota prasina,7449,3.7799999713897705,3.119999885559082,0.33000001311302185,0.007943280041217804,0.15000000596046448,3.049999952316284,0.08429999649524689,1.7999999523162842,6,33,0,65,8.48560448022022,183.617479979906,24.5,27.7,29,benthic,3.0999999046325684,-0.16,25,1.5,0.7382320165634155,0.6000000238418579,0.5,High; decline threshold 0.99,94.22105471518766,elongated,0,FALSE,0,8,11,Eviota,Greenbubble dwarfgoby,0,0,1,reef-associated,WaterAssumed,10,very high,harmless,no special ability,0.5
7275,Eviota sebreei,7457,3.049999952316284,3.0799999237060547,0.3199999928474426,0.006918310187757015,0.1979999989271164,3.0899999141693115,0.08730000257492065,2.190000057220459,4,21,0,40,8.69286946229499,209.286881070674,25.8,28.4,29.3,benthic,2.5,-0.14,25,1.2000000476837158,0.6077669858932495,0.5,0.5,High; decline threshold 0.99,93.3,elongated,0,FALSE,0,8,10,Eviota,Sebree's dwarfgoby,0,0,1,reef-associated,WaterAssumed,10,very high,harmless,no special ability,0.5
7282,Bryaninops tigris,7573,2.990000009536743,3.4000000953674316,0.44999998807907104,0.0074130999855697155,0.16899999976158142,3.0899999141693115,0.09019999951124191,2.2300000190734863,18,35,15,53,8.28345019086316,110.427085306918,24.7,27.7,28.9,pelagic,2.450000047683716,-0.13,25,1.2000000476837158,0.6043540239334106,0.5,0.5,High; decline threshold 0.99,42.4,elongated,0,FALSE,0,7,7,Bryaninops,Black coral goby,0,0,1,reef-associated,WaterAssumed,10,very high,harmless,no special ability,0.5
7283,Uropterygius concolor,7574,47.72999954223633,3.5,0.5400000214576721,6.918309954926372e-4,0.16500000655651093,3.119999885559082,0.0982000008225441,0.27000001072883606,1,6,0,10,5.18739368504357,253.23491511144,24.7,28.4,29.3,benthic,39.13999938964844,-1.54,25,9.600000381469727,5.839369773864746,4.800000190734863,0.5,Medium; decline threshold 0.95,73.4,eel-like,-0.1750284022909799,FALSE,0,4.810952131249697,5.1908473603307,Uropterygius,Unicolor snake moray,0,1,1,reef-associated,WaterAssumed,49.43,medium,harmless,no special ability,0.5
7290,Muraenichthys schultzei,7581,24,3.880000114440918,0.6800000071525574,7.585780113004148e-4,0.21799999475479126,3.059999942779541,0.11500000208616257,0.8500000238418579,2,10,0,19,3.7743770395831,106.00149566167,26.9,28.7,29.3,pelagic,23.770000457763672,-0.2,25,3.299999952316284,0.9038469791412354,0.8999999761581421,0.5,High; decline threshold 0.99,23.7,eel-like,0,FALSE,0,0,0,Muraenichthys,Maimed snake eel,0,0,1,reef-associated,WaterAssumed,16.91,unknown,harmless,no special ability,0.5038999915122986
7293,Antennarius commerson,7584,45,4.199999809265137,0.7300000190734863,0.026915300637483597,0.20999999344348907,2.9600000381469727,0.11500000208616257,0.7076036749082208,7,20,0,70,3.41168099670232,87.781415273917,24.5,27.9,29,pelagic,32.84000015258789,-0.3801717384690318,25,4.812350073103553,1.8928492083290691,1.4860400020885924,0.5,"Please enter values for K, tmax.",7.4,short and / or deep,0,FALSE,0,12,13,Antennarius,Commerson's frogfish,0,0,1,reef-associated,WaterAssumed,23.35,unknown,harmless,no special ability,0.5001999735832214
7296,Abantennarius rosaceus,7587,7.079999923706055,3.809999942779541,0.6499999761581421,0.026915300637483597,0.20999999344348907,2.9600000381469727,0.11500000208616257,0.7352243196911479,30,40,0,130,4.0750225503786,121.795392879353,24.3,26.8,28.1,pelagic,5.800000190734863,-0.28296696433141433,25,4.118732665880416,1.328919771002295,1.0971881933952212,0.5,"Please enter values for K, tmax.",56.1,short and / or deep,0,FALSE,0,11,12,Abantennarius,Spiny-tufted frogfish,0,0,1,reef-associated,WaterAssumed,10,unknown,harmless,no special ability,0.5019999742507935
7297,Brotula multibarbata,7588,100,3.6700000762939453,0.5299999713897705,0.003630779916420579,0.1850000023841858,3.1500000953674316,0.10400000214576721,0.1599999964237213,180,220,1,650,4.58089693324995,164.91916986203,13.4,15.9,23,pelagic,82,-0.76,25,18,5.746049880981445,3.799999952316284,0.5,Medium; decline threshold 0.95,4.6,elongated,-1,FALSE,0,109,139,Brotula,Goatsbeard brotula,0,0,1,reef-associated,WaterAssumed,55.4,medium,harmless,no special ability,0.5077999830245972
7299,Brosmophyciops pautzkei,7599,7.5,3.259999990463257,0.49000000953674316,0.004677350167185068,0.20399999618530273,3.0299999713897705,0.11400000005960464,1.149999976158142,10,31,6,54,7.10243615642215,705.43692235158,25.3,27.7,28.9,benthic,6.150000095367432,-0.2,25,2.4000000953674316,1.0274900197982788,0.800000011920929,0.5,High; decline threshold 0.99,21.8,elongated,-1,FALSE,0,78,84,Brosmophyciops,Slimy cuskeel,0,0,1,reef-associated,WaterAssumed,12.01,unknown,harmless,no special ability,1
7300,Dinematichthys iluocoeteoides,7600,14.640000343322754,2.640000104904175,0.1379999965429306,0.0038904501125216484,0.17100000381469727,3.119999885559082,0.09000000357627869,1.8132885167083033,4,16,1,30,17.6053822007121,3297.41143440665,25.5,28.4,29.3,benthic,12,-0.13801651937465761,25,1.339674448164295,0.6571470507035706,0.49990283242726674,0.5,"Please enter values for K, tmax.",16.3,elongated,0,FALSE,0,75,88,Dinematichthys,Yellow pigmy brotula,0,0,1,reef-associated,WaterAssumed,10,unknown,harmless,no special ability,0.75
7305,Myripristis hexagona,7605,30,3.0999999046325684,0.30000001192092896,0.016595900058746338,0.1120000034570694,3.0399999618530273,0.07249999791383743,0.6100000143051147,6,22,3,40,7.88734736409687,942.921177888884,24.9,28,29,pelagic,24.290000915527344,-0.26,25,4.699999809265137,1.308500051498413,1.2000000476837158,0.5,High; decline threshold 0.99,7.3,fusiform / normal,-1,FALSE,-1,13,15,Myripristis,Doubletooth soldierfish,0,0,1,reef-associated,WaterAssumed,23.79,medium,harmless,no special ability,0.5
7312,Solenostomus paradoxus,7612,12,3.5999999046325684,0.5899999737739563,0.009999999776482582,0.31299999356269836,3.0399999618530273,0.11900000274181366,1.3193979020821267,7,20,4,35,4.87395181318064,202.394589823411,20.9,27.7,29,benthic,9.600000381469727,-0.19497795787213998,25,2.194024215056496,0.9788662164599808,0.7443737109030145,0.5,"Please enter values for K, tmax.",16.3,other,-1,FALSE,0,17,21,Solenostomus,Harlequin ghost pipefish,0,0,1,reef-associated,WaterAssumed,10,unknown,harmless,no special ability,0.5156000256538391
7313,Scorpaenodes albaiensis,7613,12,3.5799999237060547,0.5,0.01288249995559454,0.16099999845027924,3.0199999809265137,0.08889999985694885,0.47999998927116394,2,11,0,20,3.29266535653271,410.497811110592,25,28.4,29.3,benthic,9.979999542236328,-0.43,25,5.800000190734863,2.3013999462127686,1.7000000476837158,0.5,High; decline threshold 0.99,36,fusiform / normal,0,FALSE,0,9,10,Scorpaenodes,Longfingered scorpionfish,0,0,1,reef-associated,WaterAssumed,25.89,high,venomous,no special ability,0.5
7314,Scorpaenodes scaber,7614,12,3.5799999237060547,0.5,0.015488199889659882,0.11800000071525574,3.0299999713897705,0.07500000298023224,0.47999998927116394,5,17,3,30,3.29266535653271,410.497811110592,22.9,28.1,29.3,benthic,9.75,-0.43,25,5.800000190734863,2.3013999462127686,1.7000000476837158,0.5,High; decline threshold 0.99,30.7,fusiform / normal,-1,FALSE,0,8.006373783193927,9.404504835496537,Scorpaenodes,Pygmy scorpionfish,0,1,1,reef-associated,WaterAssumed,25.89,high,venomous,no special ability,0.5
7318,Liopropoma susumi,7618,9.100000381469727,3.640000104904175,0.5799999833106995,0.0038904501125216484,0.17100000381469727,3.119999885559082,0.09000000357627869,1.292049454823623,5,19,2,34,8.0342888616196,108.73198473561,25.3,28.3,29.3,pelagic,7.320000171661377,-0.22101025639118735,25,2.4751950144325097,1.1143122327633237,0.8639790183864192,0.5,"Please enter values for K, tmax.",42.6,elongated,0,FALSE,0,11,12,Liopropoma,Meteor perch,0,0,1,reef-associated,WaterAssumed,10,very high,harmless,no special ability,0.5
7320,Pseudogramma polyacanthus,7620,10.489999771118164,3.700000047683716,0.5199999809265137,0.004365160129964352,0.21299999952316284,3.1700000762939453,0.11500000208616257,1.714063284401913,7,34,1,65,7.09883337854864,73.4604016997017,24.5,27.5,28.9,benthic,8.600000381469727,-0.14380922700394858,25,1.4568328635350323,0.69502120311217,0.5392107528500757,0.5,"Please enter values for K, tmax.",44,elongated,0,FALSE,0,19,22,Pseudogramma,Honeycomb podge,0,0,1,reef-associated,WaterAssumed,10,very high,harmless,no special ability,0.5001000165939331
7341,Epinephelus epistictus,7641,80,4.019999980926514,0.6700000166893005,0.00831764005124569,0.11999999731779099,2.9700000286102295,0.07199999690055847,0.14000000059604645,177,404,90,800,4.81142265507989,53.3025974833986,18.257850176825038,24.172976481676592,27.401001022979553,pelagic,66.6500015258789,-0.93,25,20.5,6.376160144805908,4.5,0.5,Low; decline threshold 0.85,5.6,fusiform / normal,-1,FALSE,-1,14,15,Epinephelus,Dotted grouper,0,0,1,demersal,WaterAssumed,56.99,very high,harmless,no special ability,0.5
7350,Epinephelus latifasciatus,7650,167.13999938964844,3.9700000286102295,0.6499999761581421,0.0123027004301548,0.10400000214576721,3.0399999618530273,0.06710000336170197,0.18000000715255737,44,124,20,240,3.68079970141871,55.8353781533746,19.5,26,28.2,pelagic,137,-1.100803643877182,20,28.939199447631836,9.6464996337890625,5.799779891967773,0.5,Low; decline threshold 0.85,2.5,fusiform / normal,-1,FALSE,-1,12,14,Epinephelus,Striped grouper,0,0,1,demersal,WaterAssumed,76.52,very high,harmless,no special ability,0.5
7360,Epinephelus radiatus,7660,85.4000015258789,3.8299999237060547,0.6100000143051147,0.017378000542521477,0.12200000137090683,3.109999895095825,0.07360000163316727,0.12999999523162842,60,186,18,383,4.69043831604121,54.3045303413741,16.9,23.7,27.8,pelagic,70,-1.04,25,22,6.7495198249816895,4.900000095367432,0.5,Low; decline threshold 0.85,4.1,fusiform / normal,-1,FALSE,-1,13,15,Epinephelus,Oblique-banded grouper,0,0,1,demersal,WaterAssumed,61.26,very high,harmless,no special ability,0.5
7364,Epinephelus stoliczkae,7664,38,3.740000009536743,0.5799999833106995,0.01148150023072958,0.16300000250339508,3.0399999618530273,0.08399999886751175,0.2800000011920929,9,28,5,50,6.07942385891211,69.4049776044116,25.4,27.9,29.4,benthic,30.43000030517578,-0.55,25,10.199999809265137,2.926069974899292,2.5,0.5,Medium; decline threshold 0.95,18,fusiform / normal,-1,FALSE,-1,16,18,Epinephelus,Epaulet grouper,0,0,1,reef-associated,WaterAssumed,35.31,very high,harmless,no special ability,0.5
7366,Epinephelus summana,7666,52,3.819999933242798,0.5899999737739563,0.01148150023072958,0.16300000250339508,3.0399999618530273,0.08399999886751175,0.20999999344348907,4,16,1,30,5.50651342848026,63.8084559383124,25.1,28.6,29.3,benthic,43.33000183105469,-0.68,25,13.600000381469727,4.049769878387451,3.200000047683716,0.5,Medium; decline threshold 0.95,6.8,fusiform / normal,-1,FALSE,-1,14,16,Epinephelus,Summan grouper,0,1,1,reef-associated,WaterAssumed,42.46,very high,harmless,no special ability,0.5
7447,Gymnothorax pindae,7749,39,3.8299999237060547,0.6100000143051147,4.6773499343544245e-4,0.14000000059604645,3.2799999713897705,0.07930000126361847,0.3199999928474426,4,22,0,43,4.01345631475041,118.09842867371,25.407549702341186,27.839320319819922,29.145972079837993,pelagic,31.979999542236328,-0.48,25,8.899999618530273,2.5570600032806396,2.200000047683716,0.5,High; decline threshold 0.99,17.7,eel-like,0,FALSE,0,0,0,Gymnothorax,Pinda moray,0,0,1,reef-associated,WaterAssumed,33.78,medium,harmless,no special ability,0.5
7465,Gymnothorax nudivomer,7767,180,4.5,0.800000011920929,5.495409714058042e-4,0.10499999672174454,3.2899999618530273,0.06769999861717224,0.07999999821186066,30,128,2,271,3.32242995683952,73.0317375041252,19.6,26.1,28.1,pelagic,147.60000610351563,-1.33,25,36.20000076293945,12.246899604797363,7.099999904632568,0.5,Low; decline threshold 0.85,4.3,eel-like,0,FALSE,0,0,0,Gymnothorax,Yellowmouth moray,0,0,1,reef-associated,WaterAssumed,81.41,medium,poisonous to eat,no special ability,0.5
7470,Phyllophichthus xenodontus,7772,42,3.700000047683716,0.5899999737739563,9.332540212199092e-4,0.18199999630451202,2.990000009536743,0.09989999979734421,0.5099999904632568,10,20,8,30,4.38645799522965,145.352510547396,26.4,27.9,28.8,benthic,34.439998626708984,-0.29,25,5.599999904632568,1.6242599487304688,1.399999976158142,0.5,High; decline threshold 0.99,7.7,eel-like,0,FALSE,0,19.079559013196747,22.697006883564022,Phyllophichthus,Flappy snake-eel,0,0,1,reef-associated,WaterAssumed,26.62,unknown,harmless,no special ability,0.75
7480,Periophthalmus argentilineatus,7782,19,3.259999990463257,0.4000000059604645,0.010964799672365189,0.1679999977350235,2.9700000286102295,0.09149999916553497,0.699999988079071,0,1,0,1,7.77788656701032,140.698533931987,24.2,28.4,29.3,benthic,15.65999984741211,-0.26,25,4,1.521690011024475,1.100000023841858,0.5,High; decline threshold 0.99,10.2,fusiform / normal,0,FALSE,0,9,12,Periophthalmus,Barred mudskipper,1,1,1,reef-associated,Facultative,20.19,very high,harmless,no special ability,0.5
7482,Periophthalmus kalolo,7784,17.200000762939453,3.259999990463257,0.4000000059604645,0.010964799672365189,0.1679999977350235,2.9700000286102295,0.09149999916553497,0.7699999809265137,0,1,0,2,7.84426767115804,140.698533931987,26.1,28.6,29.3,benthic,14.100000381469727,-0.25,25,3.5999999046325684,1.4265999794006348,1.100000023841858,0.5,High; decline threshold 0.99,14.8,fusiform / normal,-1,FALSE,0,10,12,Periophthalmus,Common mudskipper,0,1,1,reef-associated,Facultative,17.95,very high,harmless,no special ability,0.5
7495,Hippichthys spicifer,7798,18,3.3499999046325684,0.4699999988079071,3.467370115686208e-4,0.1809999942779541,3.190000057220459,0.09549999982118607,0.8500000238418579,0,2,0,3,6.08164464156821,443.094568810977,26.7,28.7,29.3,benthic,17.5,-0.21,25,3.299999952316284,1.270050048828125,0.8999999761581421,0.5,High; decline threshold 0.99,28.3,eel-like,0,FALSE,0,25,30,Hippichthys,Bellybarred pipefish,1,1,1,demersal,WaterAssumed,15.77,unknown,harmless,no special ability,0.5156000256538391
7561,Ecsenius midas,7865,13,2.640000104904175,0.28999999165534973,0.00758578022941947,0.17399999499320984,3,0.09589999914169312,0.5299999713897705,5,22,2,40,22.8117295662635,954.535517985437,24.6,27.7,29,benthic,9.199999809265137,-0.38,25,5.300000190734863,2.0783300399780273,1.5,0.5,High; decline threshold 0.99,15.6,elongated,0,FALSE,0,19,21,Ecsenius,Persian blenny,0,0,1,reef-associated,WaterAssumed,24.47,unknown,harmless,no special ability,0.5
7563,Xiphasia setifer,7867,64.660003662109375,3.9000000953674316,0.49000000953674316,0.001023289980366826,0.17499999701976776,3.059999942779541,0.08959999680519104,0.11999999731779099,155,512,2,1190,5.09731260986841,58.4929229474412,8,12.4,19.8,pelagic,53,-1.21,25,23.799999237060547,7.070119857788086,5.5,0.5,Low; decline threshold 0.85,14.7,eel-like,-1,FALSE,0,105,119,Xiphasia,Hairtail blenny,0,0,1,benthopelagic,WaterAssumed,63.23,unknown,harmless,no special ability,0.75
7566,Omobranchus punctatus,7869,11.59000015258789,2.5399999618530273,0.14000000059604645,0.0074130999855697155,0.13199999928474426,3.0899999141693115,0.08479999750852585,0.5899999737739563,2,11,0,20,32.8311379954371,1353.46670131604,24.7,28.4,29.1,benthic,9.5,-0.37,25,4.699999809265137,1.9629499912261963,1.5,0.5,High; decline threshold 0.99,41,elongated,-1,FALSE,-1,19,24,Omobranchus,Muzzled blenny,0,1,1,benthopelagic,WaterAssumed,24.37,unknown,harmless,no special ability,0.5
7590,Uroconger lepturus,7894,52,3.5,0.5,5.623410106636584e-4,0.13099999725818634,3.1600000858306885,0.08209999650716782,0.3199999928474426,109,346,18,760,5.32724181434293,279.228414881974,11.4,16,23,benthic,51.38999938964844,-0.44,25,8.899999618530273,2.663909912109375,2.0999999046325684,0.5,High; decline threshold 0.99,11.1,eel-like,0,FALSE,0,29.70741061846809,29.59370683536892,Uroconger,Slender conger,0,0,1,demersal,WaterAssumed,34.91,medium,harmless,no special ability,0.5625
7625,Plectorhinchus flavomaculatus,7933,60,3.7699999809265137,0.5799999833106995,0.013803799636662006,0.10700000077486038,2.9800000190734863,0.06960000097751617,0.18000000715255737,10,41,2,80,5.2137701801184,54.8106501435774,22,27.6,29.1,pelagic,49.45000076293945,-0.77,25,15.899999618530273,4.805520057678223,3.5999999046325684,0.5,Medium; decline threshold 0.95,5.3,fusiform / normal,0,FALSE,0,19,22,Plectorhinchus,Lemonfish,0,0,1,reef-associated,WaterAssumed,48.76,medium,harmless,no special ability,0.5
7626,Plectorhinchus sordidus,7934,60,3.990000009536743,0.6600000262260437,0.014454400166869164,0.125,2.9800000190734863,0.07729999721050262,0.18000000715255737,10,41,2,80,5.2137701801184,54.8106501435774,24.6,27.1,28.5,pelagic,49.029998779296875,-0.34,25,8.483530044555664,2.6117498874664307,2,0.5,High; decline threshold 0.99,0,fusiform / normal,0,FALSE,0,17,18,Plectorhinchus,Sordid rubberlip,0,0,1,reef-associated,WaterAssumed,34.78,medium,harmless,no special ability,0.5
7647,Cynoglossus kopsii,7955,73.19999694824219,3.640000104904175,0.4399999976158142,0.010471300221979618,0.19499999284744263,3.049999952316284,0.1080000028014183,0.20000000298023224,43,110,24,204,5.05119172585186,182.161832950081,20.5,26,28.1,benthic,60,-0.69,25,14.300000190734863,4.327970027923584,3.299999952316284,0.5,Medium; decline threshold 0.95,13.7,short and / or deep,0,FALSE,0,73.42696113007065,79.4089338090814,Cynoglossus,Shortheaded tonguesole,0,0,1,demersal,WaterAssumed,51.54,very high,harmless,no special ability,0.5
7649,Branchiostegus sawakinensis,7957,60,3.630000114440918,0.5099999904632568,0.007079460192471743,0.19200000166893005,3.069999933242798,0.10899999737739563,0.18000000715255737,59,111,45,180,5.82550959213869,79.9944422530265,20.5,25.3,27.8,benthic,49.20000076293945,-0.77,8,15.899999618530273,4.805520057678223,3.5999999046325684,0.5,Medium; decline threshold 0.95,5.5,elongated,0,FALSE,0,15,15,Branchiostegus,Freckled tilefish,0,0,1,demersal,WaterAssumed,52.48,very high,poisonous to eat,no special ability,0.5
7682,Cynoglossus lachneri,7991,46,3.5,0.3700000047683716,0.010471300221979618,0.19499999284744263,3.049999952316284,0.1080000028014183,0.30000001192092896,0,1,0,1,6.01502795105373,214.125094698585,25.4,27.3,28.9,benthic,43.599998474121094,-0.49,25,9.5,2.7910499572753906,2.299999952316284,0.5,Medium; decline threshold 0.95,7.3,short and / or deep,0,FALSE,0,113,121,Cynoglossus,Lachner's tonguesole,0,0,1,demersal,WaterAssumed,35.3,very high,harmless,no special ability,0.5
7691,Dactyloptena peterseni,8000,36,3.5,0.5,0.00758578022941947,0.13899999856948853,3.0799999237060547,0.08590000122785568,0.5099999904632568,75.91936562290859,43.73412119618495,8.805769567852325,400,3.03667618340983,458.069323885097,23.098558207034962,26.198614458489015,28.1622577043,benthic,29.520000457763672,-0.3,25,5.599999904632568,1.595579981803894,1.399999976158142,0.5,High; decline threshold 0.99,7.9,elongated,0,FALSE,0,9,9,Dactyloptena,Starry flying gurnard,0,0,1,demersal,WaterAssumed,26.1,unknown,harmless,no special ability,0.5235000252723694
7692,Drepane longimana,8001,50,3.740000009536743,0.3400000035762787,0.027542300522327423,0.12099999934434891,2.9800000190734863,0.07779999822378159,0.20999999344348907,32,56,26,85,6.45755717921915,95.2320915949854,24.2,28.2,29.1,benthic,38.599998474121094,-0.69,25,13.600000381469727,4.029709815979004,3.200000047683716,0.5,Medium; decline threshold 0.95,5.4,short and / or deep,-1,FALSE,0,19,23,Drepane,Concertina fish,0,1,1,reef-associated,WaterAssumed,42.39,unknown,harmless,no special ability,0.75
7695,Cheilopogon cyanopterus,8004,40,3.25,0.3799999952316284,0.0064565399661660194,0.17599999904632568,3.0399999618530273,0.10199999809265137,0.8600000143051147,2,11,0,20,6.67711942207994,589.927180041848,21.7,27.5,29.1,pelagic,32.79999923706055,-0.18607408437338996,28,3.302299976348877,0.9353089928627014,0.8523520231246948,0.5,High; decline threshold 0.99,11.3,elongated,0,FALSE,0,12,14,Cheilopogon,Margined flyingfish,0,0,1,pelagic-oceanic,WaterAssumed,20.79,medium,harmless,no special ability,0.5
7698,Thyrsitoides marleyi,8007,200,4.190000057220459,0.5799999833106995,0.004265789873898029,0.15800000727176666,3.1600000858306885,0.094200000166893,0.10000000149011612,46,183,0,400,3.75705738969183,45.0201248124266,15.3,23.7,28,pelagic,179.0800018310547,-1.02,8,29,9.92197036743164,5.599999904632568,0.5,Low; decline threshold 0.85,0.9,elongated,-1,FALSE,0,16,17,Thyrsitoides,Black snoek,0,0,1,benthopelagic,WaterAssumed,77.16,unknown,harmless,no special ability,1
7699,Gerres longirostris,8008,44.5,3.5299999713897705,0.3400000035762787,0.010715199634432793,0.12099999934434891,3.049999952316284,0.07090000063180923,0.33000001311302185,5,26,0,50,6.62688663665724,95.2320915949854,24.7,28.5,29.3,benthic,35.209999084472656,-0.3784655032169545,28,6.630879878997803,1.8517299890518188,1.6782300472259521,0.5,High; decline threshold 0.99,7.7,fusiform / normal,0,FALSE,-1,10,10,Gerres,Longtail Silverbiddy,1,1,1,reef-associated,WaterAssumed,30.04,medium,harmless,no special ability,0.5
7700,Gerres methueni,8009,30,3.5999999046325684,0.5899999737739563,0.01819700002670288,0.14399999380111694,3.059999942779541,0.08160000294446945,0.4699999988079071,5,26,0,50,6.80648138844538,83.1308662329051,23.8,26.3,27.7,benthic,23.25,-0.34,17,6,1.6957099437713623,1.5,0.5,High; decline threshold 0.99,4.8,short and / or deep,0,FALSE,0,10,11,Gerres,Striped silver biddy,0,1,1,benthopelagic,WaterAssumed,26.94,medium,harmless,no special ability,0.5
7701,Aulacocephalus temminckii,8010,40,3.9700000286102295,0.6499999761581421,0.01122019998729229,0.17299999296665192,3.0399999618530273,0.08569999784231186,0.4436718703015171,57,173,20,350,5.71155650843102,55.8353781533746,15.9,24,28,pelagic,33.029998779296875,-0.5601769284027357,25,8.877771541069373,2.3412809993357544,1.945755115098377,0.5,"Please enter values for K, tmax.",7.9,fusiform / normal,0,FALSE,-1,12,12,Aulacocephalus,Goldribbon soapfish,0,0,1,reef-associated,WaterAssumed,20.91,very high,poisonous to eat,no special ability,1
7703,Plectorhinchus gaterinus,8012,50,3.7899999618530273,0.5,0.013489600270986557,0.17100000381469727,3,0.08889999985694885,0.20999999344348907,57,68,55,80,5.45955994129728,54.8106501435774,25,27.5,29.1,benthic,42.689998626708984,-0.69,25,13.600000381469727,4.029709815979004,3.200000047683716,0.5,Medium; decline threshold 0.95,6.9,fusiform / normal,0,FALSE,0,19,20,Plectorhinchus,Blackspotted rubberlip,0,0,1,reef-associated,WaterAssumed,42.39,medium,harmless,no special ability,0.5
7706,Plectorhinchus schotaf,8015,80,3.7699999809265137,0.49000000953674316,0.013489600270986557,0.17100000381469727,3,0.08889999985694885,0.14000000059604645,8,40,0,80,4.80474922657452,60.7533914914081,24.3,27.9,29,benthic,66.2300033569336,-0.93,25,20.5,6.376160144805908,4.5,0.5,Low; decline threshold 0.85,5.2,fusiform / normal,-0.17882660932354977,FALSE,0,17.753360705555846,19.90395079997315,Plectorhinchus,Minstrel sweetlips,0,1,1,reef-associated,WaterAssumed,56.99,medium,harmless,no special ability,0.5
7707,Pomadasys furcatus,8016,55.5,3.509999990463257,0.5099999904632568,0.015488199889659882,0.15199999511241913,2.990000009536743,0.08209999650716782,0.1899999976158142,11,16,10,20,6.19881471393729,90.0690420277403,24.7,28.1,29.1,benthic,45.5099983215332,-0.77,25,15,4.44651985168457,3.5,0.5,Medium; decline threshold 0.95,13.9,fusiform / normal,0,FALSE,-1,14,15,Pomadasys,Banded grunter,0,0,1,reef-associated,WaterAssumed,51.59,medium,harmless,no special ability,0.5
7708,Pomadasys stridens,8017,20,3.9800000190734863,0.6499999761581421,0.014125400222837925,0.04019999876618385,2.9800000190734863,0.017500000074505806,0.2199999988079071,16.162412070693055,56.48661226166373,4.617420156476026,68,6.33009739399887,53.3025974833986,18.5,25.2,27.5,pelagic,16.81999969482422,-0.7714768870027129,23,11.728500366210938,4.376580238342285,3.2025699615478516,0.5,Medium; decline threshold 0.95,10,fusiform / normal,0,FALSE,-1,13,14,Pomadasys,Striped piggy,0,0,1,reef-associated,WaterAssumed,35.09,medium,harmless,no special ability,0.5
7710,Hyporhamphus affinis,8019,46.36000061035156,3.4600000381469727,0.47769999504089355,0.0025704000145196915,0.17800000309944153,3.0899999141693115,0.09059999883174896,0.5600000023841858,0,4,0,6,5.5186548109225,317.591062361735,24.6,28.4,29.3,pelagic,38,-0.27,25,5.099999904632568,1.4680399894714355,1.2999999523162842,0.5,High; decline threshold 0.99,9.1,elongated,0,FALSE,0,14,17,Hyporhamphus,Tropical halfbeak,0,0,1,reef-associated,WaterAssumed,28.75,unknown,harmless,no special ability,0.5
7718,Doryrhamphus abbreviatus,8027,5.25,3.440000057220459,0.44999998807907104,9.549930109642446e-4,0.20600000023841858,3.049999952316284,0.11299999803304672,2.6500000953674316,3,8,0,8,5.6165820285751,338.254662212129,25.195618811691986,27.966423870992276,29.011688549712233,pelagic,4.300000190734863,-0.1,25,1,0.4854240119457245,0.4000000059604645,0.5,High; decline threshold 0.99,67.3,eel-like,0,FALSE,0,16.35558003348547,21.698875913860952,Doryrhamphus,Bluestripe pipefish,0,0,1,reef-associated,WaterAssumed,10,unknown,harmless,no special ability,0.5009999871253967
7727,Halicampus grayi,8037,24.399999618530273,3.259999990463257,0.4399999976158142,3.467370115686208e-4,0.1809999942779541,3.190000057220459,0.09549999982118607,0.6399999856948853,10,50,0,100,6.61207284669776,573.119992587611,24.3,27.8,29,benthic,20,-0.28,25,4.400000095367432,1.64628005027771,1.2000000476837158,0.5,High; decline threshold 0.99,12,eel-like,0,FALSE,0,19,22,Halicampus,Gray's pipefish,0,1,1,reef-associated,WaterAssumed,23.17,unknown,harmless,no special ability,0.5001999735832214
7728,Hippichthys cyanospilos,8038,19.520000457763672,3.359999895095825,0.4699999988079071,3.467370115686208e-4,0.1809999942779541,3.190000057220459,0.09549999982118607,0.7900000214576721,6,26,1,50,6.02749315886309,430.430079688314,24.6,28,29.1,benthic,16,-0.24,25,3.5999999046325684,1.3732199668884277,1,0.5,High; decline threshold 0.99,30.4,eel-like,0,FALSE,0,20,28,Hippichthys,Blue-spotted pipefish,1,1,1,demersal,WaterAssumed,17.09,unknown,harmless,no special ability,0.5156000256538391
7736,Coris formosa,8046,60,3.8299999237060547,0.25999999046325684,0.009772369638085365,0.16599999368190765,3.069999933242798,0.09030000120401382,0.18000000715255737,2,50,1,20,6.37658893342792,119.667034845107,24.6,27.1,28.5,benthic,50.869998931884766,-0.77,25,15.899999618530273,4.805520057678223,3.5999999046325684,0.5,Medium; decline threshold 0.95,6.2,fusiform / normal,0,FALSE,0,12,12,Coris,Queen coris,0,0,1,reef-associated,WaterAssumed,48.76,very high,harmless,no special ability,0.5
7742,Phoxocampus belcheri,8051,8.779999732971191,3.240000009536743,0.44999998807907104,3.467370115686208e-4,0.1809999942779541,3.190000057220459,0.09549999982118607,1.6399999856948853,2,13,0,25,6.74368327687781,607.352211984254,24.6,28.4,29.3,benthic,7.199999809265137,-0.14,25,1.7000000476837158,0.7213490009307861,0.5,0.5,High; decline threshold 0.99,55.8,eel-like,0,FALSE,0,20,24,Phoxocampus,Rock pipefish,0,0,1,reef-associated,WaterAssumed,10,unknown,harmless,no special ability,0.625
7744,Gomphosus caeruleus,8053,32,3.5,0.3700000047683716,0.009772369638085365,0.16599999368190765,3.069999933242798,0.09030000120401382,0.3100000023841858,4,19,1,35,7.03292447318963,95.2320915949854,25,28.4,29.2,benthic,27.559999465942383,-0.52,25,9.199999809265137,2.583549976348877,2.299999952316284,0.5,High; decline threshold 0.99,9.1,fusiform / normal,0,FALSE,0,13,13,Gomphosus,Green birdmouth wrasse,0,0,1,reef-associated,WaterAssumed,33.47,very high,harmless,no special ability,0.75
7747,Iniistius pentadactylus,8057,25,3.549999952316284,0.5,0.010964799672365189,0.19200000166893005,3.049999952316284,0.10499999672174454,0.38999998569488525,4,17,2,30,7.13038157989516,88.8479422261506,24.4,28.3,29.3,benthic,21.450000762939453,-0.44,25,7.300000190734863,1.988669991493225,1.899999976158142,0.5,High; decline threshold 0.99,10.5,fusiform / normal,0,FALSE,0,12,12,Iniistius,Fivefinger wrasse,0,0,1,reef-associated,WaterAssumed,29.75,very high,harmless,no special ability,0.5
7748,Equulites berbis,8058,11,3.309999942779541,0.4099999964237213,0.014125400222837925,0.1469999998807907,3.0199999809265137,0.08420000225305557,1.159999966621399,6,22,3,40,8.05715958676802,128.183871990895,24.4,28,29.1,benthic,9.020000457763672,-0.18,25,2.4000000953674316,0.9719690084457397,0.699999988079071,0.5,High; decline threshold 0.99,15.6,fusiform / normal,0,FALSE,0,12.139885564062348,12.69525012079755,Equulites,Berber ponyfish,0,1,1,demersal,WaterAssumed,12.01,high,harmless,no special ability,0.5001999735832214
7769,Heniochus diphreutes,8079,21,3.299999952316284,0.4000000059604645,0.022387199103832245,0.1550000011920929,3.009999990463257,0.08789999783039093,0.6200000047683716,5,30,5,210,7.61026926158268,110.427085306918,19.1,26.1,28.1,pelagic,16.709999084472656,-0.28,17,4.599999904632568,1.7062900066375732,1.2000000476837158,0.5,High; decline threshold 0.99,7.7,short and / or deep,-1,FALSE,0,23,25,Heniochus,False moorish idol,0,0,1,reef-associated,WaterAssumed,22.62,unknown,harmless,no special ability,0.5038999915122986
7789,Gobiodon citrinus,8098,6.599999904632568,3.3399999141693115,0.6100000143051147,0.019952600821852684,0.17499999701976776,3.009999990463257,0.09049999713897705,1.0700000524520874,2,20,0,20,8.20779737561784,121.690915923729,24.7,27.9,29,benthic,5.409999847412109,-0.22,25,2.5999999046325684,1.1438499689102173,0.8999999761581421,0.5,High; decline threshold 0.99,20.4,short and / or deep,0,FALSE,0,9,11,Gobiodon,Poison goby,0,0,1,reef-associated,FacultativeGenus,12.93,high,other,no special ability,0.5
7797,Pterois miles,8106,43,4.5,0.800000011920929,0.010471300221979618,0.12300000339746475,3.0399999618530273,0.07609999924898148,0.15000000596046448,8,43,0,85,2.64167730452386,341.368834330922,24.5,27.6,29.3,pelagic,30.530000686645508,-1.02,25,19,5.51885986328125,4.599999904632568,0.5,Low; decline threshold 0.85,5.9,fusiform / normal,0,FALSE,0,9,11,Pterois,Devil firefish,0,0,1,reef-associated,WaterAssumed,51.34,high,venomous,no special ability,0.5311999917030334
7800,Anampses lineatus,8110,13,3.369999885559082,0.38999998569488525,0.009772369638085365,0.16599999368190765,3.069999933242798,0.09030000120401382,0.7200000286102295,20,42,10,45,7.93911662335316,115.805660092505,24.5,28,29,benthic,10.989999771118164,-0.28,25,3.9000000953674316,1.5296000242233276,1.100000023841858,0.5,High; decline threshold 0.99,34.4,fusiform / normal,0,FALSE,0,12,12,Anampses,Lined wrasse,0,0,1,reef-associated,WaterAssumed,19.64,very high,harmless,no special ability,0.5001999735832214
7801,Macropharyngodon bipartitus,8111,13,3.5,0.3700000047683716,0.009772369638085365,0.16599999368190765,3.069999933242798,0.09030000120401382,0.7200000286102295,4,16,1,30,7.69544970245531,95.2320915949854,24.9,27.5,29.1,benthic,10.210000038146973,-0.28,17,3.9000000953674316,1.5296000242233276,1.100000023841858,0.5,High; decline threshold 0.99,10.3,fusiform / normal,0,FALSE,0,11,11,Macropharyngodon,Rare wrasse,0,0,1,reef-associated,WaterAssumed,19.64,very high,harmless,no special ability,0.5001999735832214
7822,Myripristis xanthacra,8132,20,3.4100000858306885,0.49000000953674316,0.019054599106311798,0.1720000058412552,3.0299999713897705,0.08990000188350677,0.8799999952316284,2,10,1,18,5.76667669811607,371.025681206392,27.4,28.5,29.3,pelagic,15.739999771118164,-0.2,25,3.200000047683716,1.2009299993515015,0.8999999761581421,0.5,High; decline threshold 0.99,26.5,fusiform / normal,-0.41383929200999015,FALSE,-0.21283829228689402,10.741590482890295,11.717976299908889,Myripristis,Yellowtip soldierfish,0,0,1,reef-associated,WaterAssumed,15.39,medium,harmless,no special ability,0.5
7850,Aesopia cornuta,8160,30.5,3.549999952316284,0.5,0.00954992976039648,0.164000004529953,3.069999933242798,0.08609999716281891,0.2800000011920929,17,54,8,100,6.42746515613124,208.192202412948,23.3,28,29.1,benthic,25,-0.62,25,10.100000381469727,2.7627899646759033,2.5999999046325684,0.5,Medium; decline threshold 0.95,23.2,short and / or deep,0,FALSE,0,69,79,Aesopia,Unicorn sole,0,0,1,reef-associated,WaterAssumed,39.24,very high,harmless,no special ability,1
7854,Taeniamia lineolata,8164,10.300000190734863,3.5,0.5,0.012022599577903748,0.10899999737739563,3.0299999713897705,0.07000000029802322,0.9399999976158142,3,11,1,20,7.79377190057447,95.2320915949854,24.7,27,28.8,benthic,8.079999923706055,-0.22,25,3,1.2167799472808838,0.8999999761581421,0.5,High; decline threshold 0.99,16.2,fusiform / normal,-1,FALSE,0,9,9,Taeniamia,Shimmering cardinal,0,0,1,reef-associated,WaterAssumed,14.62,high,harmless,no special ability,0.5001000165939331
7855,Thamnaconus modestoides,8165,32,3.5199999809265137,0.4399999976158142,0.015848899260163307,0.11999999731779099,2.890000104904175,0.07620000094175339,0.3199999928474426,86,135,73,200,5.76667669811607,371.025681206392,15.3,21.2,26.7,benthic,26.239999771118164,-0.5,10,8.899999618530273,2.5065600872039795,2.200000047683716,0.5,High; decline threshold 0.99,4.1,short and / or deep,0,FALSE,0,36,38,Thamnaconus,Modest filefish,0,0,1,reef-associated,WaterAssumed,33.26,unknown,harmless,no special ability,0.5
7866,Parapercis hexophtalma,8176,29,3.630000114440918,0.4000000059604645,0.006918310187757015,0.17499999701976776,3.059999942779541,0.09059999883174896,0.3400000035762787,4,13,2,22,6.99601301761171,88.8479422261506,24.9,28.3,29.3,benthic,23.489999771118164,-0.49,25,8.300000190734863,2.318389892578125,2.0999999046325684,0.5,High; decline threshold 0.99,24.1,elongated,0,FALSE,0,21,21,Parapercis,Speckled sandperch,0,0,1,reef-associated,WaterAssumed,31.94,unknown,harmless,no special ability,0.5
7867,Parapercis robinsoni,8177,30,3.640000104904175,0.4000000059604645,0.006918310187757015,0.17499999701976776,3.059999942779541,0.09059999883174896,0.33000001311302185,11,31,6,55,6.77372690678458,82.0617735495616,23.5,26.7,28.6,benthic,25.549999237060547,-0.5,25,8.600000381469727,2.3993399143218994,2.200000047683716,0.5,High; decline threshold 0.99,23.5,elongated,0,FALSE,-1,22,22,Parapercis,Smallscale grubfish,0,0,1,demersal,WaterAssumed,32.5,unknown,harmless,no special ability,0.5
7870,Uropterygius macrocephalus,8180,47,3.5,0.5400000214576721,7.079460192471743e-4,0.10400000214576721,3.140000104904175,0.07169999927282333,0.27000001072883606,2,8,1,14,5.23365460406645,261.623944781194,25.1,28.6,29.3,benthic,46.5,-0.54,25,10.600000381469727,3.1002800464630127,2.5,0.5,Medium; decline threshold 0.95,24.6,eel-like,0,FALSE,0,0,0,Uropterygius,Needle-tooth moray,0,0,1,reef-associated,WaterAssumed,36.63,medium,harmless,no special ability,0.5
7878,Parupeneus macronemus,8188,40,3.5199999809265137,0.4099999964237213,0.009332540445029736,0.10199999809265137,3.1500000953674316,0.06480000168085098,0.28999999165534973,6,22,3,40,6.76988797328373,95.2320915949854,25.6,28,29.1,benthic,34.0099983215332,-0.52,27,9.800000190734863,2.8484199047088623,2.4000000953674316,0.5,Medium; decline threshold 0.95,7.9,fusiform / normal,0,FALSE,0,9,9,Parupeneus,Long-barbel goatfish,0,0,1,reef-associated,WaterAssumed,35.08,medium,harmless,no special ability,0.5
7880,Gymnomuraena zebra,8190,150,3.8299999237060547,0.33000001311302185,4.897789913229644e-4,0.1550000011920929,3.259999990463257,0.08380000293254852,0.09000000357627869,7,27,3,50,6.02749315886309,430.430079688314,24.7,28,29.1,benthic,147.44000244140625,-1.24,25,32.099998474121094,10.666500091552734,6.5,0.5,Low; decline threshold 0.85,4.2,eel-like,0,FALSE,0,0,0,Gymnomuraena,Zebra moray,0,0,1,reef-associated,WaterAssumed,78.17,medium,harmless,no special ability,1
7882,Gymnothorax johnsoni,8192,130,4.170000076293945,0.6700000166893005,4.6773499343544245e-4,0.14000000059604645,3.2799999713897705,0.07930000126361847,0.10999999940395355,64,194,20,400,3.42772897019493,89.3046198448036,22.021690407112672,25.751282472499415,27.3181530882828,pelagic,106.5999984741211,-1.04,17,26.200000762939453,8.598979949951172,5.400000095367432,0.5,Low; decline threshold 0.85,2.6,eel-like,0,FALSE,0,0,0,Gymnothorax,Whitespotted moray,0,0,1,demersal,WaterAssumed,70.32,medium,harmless,no special ability,0.5
7892,Histiopterus typus,8203,42,3.5,0.5,0.019952600821852684,0.17499999701976776,3.009999990463257,0.09049999713897705,0.15000000596046448,84,215,40,421,6.70586164256379,95.2320915949854,12.9,19,26.4,benthic,34.439998626708984,-1.03,8,19,5.478489875793457,4.599999904632568,0.5,Low; decline threshold 0.85,3.1,short and / or deep,0,FALSE,0,25,27,Histiopterus,Sailfin armourhead,0,0,1,reef-associated,WaterAssumed,53.5,unknown,harmless,no special ability,1.000100016593933
7895,Cociella crocodilus,8206,50,3.859999895095825,0.6000000238418579,0.00446684006601572,0.11699999868869781,3.0799999237060547,0.07980000227689743,0.25,34,140,0,300,2.4241910353313,297.93925633751,15.7,25.2,28.2,benthic,41.060001373291016,-0.58,25,11.399999618530273,3.384550094604492,2.700000047683716,0.5,Medium; decline threshold 0.95,7.7,elongated,0,FALSE,0,11,11,Cociella,Crocodile flathead,0,1,1,reef-associated,WaterAssumed,37.89,high,harmless,no special ability,0.5311999917030334
7896,Papilloculiceps longiceps,8207,70,4.019999980926514,0.6800000071525574,0.004570879973471165,0.14800000190734863,3.0899999141693115,0.09000000357627869,0.18000000715255737,2,9,1,15,2.20771033068538,256.387152498765,24.7,28.1,29.2,benthic,61.58000183105469,-0.74,25,15.899999618530273,4.8857598304748535,3.5999999046325684,0.5,Medium; decline threshold 0.95,12.5,elongated,0,FALSE,0,11,11,Papilloculiceps,Tentacled flathead,0,0,1,reef-associated,WaterAssumed,50.51,high,harmless,no special ability,1
7897,Ratabulus prionotus,8208,22,3.690000057220459,0.6299999952316284,0.004570879973471165,0.14800000190734863,3.0899999141693115,0.09000000357627869,0.5299999713897705,11,50,1,100,2.97416643991795,357.530550843227,23.5,27,29.2,benthic,19.100000381469727,-0.33,17,5.300000190734863,1.978600025177002,1.399999976158142,0.5,High; decline threshold 0.99,16.5,elongated,0,FALSE,0,12,12,Ratabulus,Halfspined flathead,0,0,1,demersal,WaterAssumed,24.52,high,harmless,no special ability,0.5156000256538391
7903,Pomacanthus maculosus,8214,61,2.7799999713897705,0.23000000417232513,0.02951209992170334,0.12999999523162842,2.9000000953674316,0.07919999957084656,0.20999999344348907,9,33,4,60,16.3659393811844,857.74447613538,24.8,27.2,29.3,benthic,50,-0.9569162203428306,25,15.709799766540527,4.307519912719727,4.062459945678711,0.5,Medium; decline threshold 0.95,8.1,short and / or deep,-1,FALSE,0,21,21,Pomacanthus,Yellowbar angelfish,0,0,1,reef-associated,WaterAssumed,44.17,high,harmless,no special ability,0.5001000165939331
7905,Pristigenys niphonia,8216,33.43000030517578,3.9000000953674316,0.49000000953674316,0.022387199103832245,0.19599999487400055,2.930000066757202,0.10499999672174454,0.6100000143051147,5,30,1,250,5.90930345510251,59.6055318763908,20.8,27.6,28.9,pelagic,27.399999618530273,-0.27,25,4.599999904632568,1.2783000469207764,1.2000000476837158,0.5,High; decline threshold 0.99,9.9,short and / or deep,0,FALSE,0,11,11,Pristigenys,Japanese bigeye,0,0,1,reef-associated,WaterAssumed,25.19,unknown,harmless,no special ability,0.5311999917030334
7906,Hipposcarus harid,8217,75,2,0,0.013182600028812885,0.0892999991774559,2.9800000190734863,0.05950000137090683,0.17000000178813934,3,14,1,25,106.337559302322,7174.0628815569,25.2,28.5,29.3,benthic,64.91999816894531,-0.8611479108521203,25,16.996000289916992,5.043230056762695,3.929260015487671,0.5,Medium; decline threshold 0.95,15.3,fusiform / normal,-1,FALSE,0,10.832881196418372,11.445500355326267,Hipposcarus,Candelamoa parrotfish,0,0,1,reef-associated,WaterAssumed,51.46,high,harmless,no special ability,0.75
7912,Scarus russelii,8223,51,2,0,0.014125400222837925,0.16699999570846558,3.0399999618530273,0.08540000021457672,0.20000000298023224,7,11,6,15,118.316339142623,7174.0628815569,25.7,28.3,29.3,benthic,41.15999984741211,-0.72,25,14.300000190734863,4.228370189666748,3.299999952316284,0.5,Medium; decline threshold 0.95,17.1,fusiform / normal,0,FALSE,0,10,10,Scarus,Eclipse parrotfish,0,0,1,reef-associated,WaterAssumed,43.34,high,harmless,no special ability,0.5
7913,Scarus scaber,8224,37,2,0,0.013182600028812885,0.12600000202655792,3.009999990463257,0.07609999924898148,0.8299999833106995,3,11,1,20,126.412351787407,7174.0628815569,25,28.5,29.3,benthic,30.8700008392334,-0.20063018971355084,27,3.413830041885376,0.9461020231246948,0.9039649963378906,0.5,High; decline threshold 0.99,26.1,fusiform / normal,0,FALSE,0,10,10,Scarus,Fivesaddle parrotfish,0,0,1,reef-associated,WaterAssumed,20.37,high,harmless,no special ability,0.5
7914,Scarus viridifucatus,8225,45,2,0,0.014125400222837925,0.16699999570846558,3.0399999618530273,0.08540000021457672,0.23000000417232513,2,9,1,15,121.699342789238,7174.0628815569,26.4,28.6,29.3,benthic,36.900001525878906,-0.65,25,12.399999618530273,3.6113901138305664,3,0.5,Medium; decline threshold 0.95,18.5,fusiform / normal,0,FALSE,0,10.93531273959029,11.24639246482623,Scarus,Roundhead parrotfish,0,0,1,reef-associated,WaterAssumed,38.37,high,harmless,no special ability,0.5
7919,Scorpaenopsis venosa,8230,25,4.170000076293945,0.75,0.01288249995559454,0.16099999845027924,3.0199999809265137,0.08889999985694885,0.23999999463558197,11,25,2,95,2.90154706182046,221.203606117256,24.5,28,29,pelagic,20.649999618530273,-0.73,25,11.800000190734863,3.21658992767334,3.0999999046325684,0.5,Medium; decline threshold 0.95,23.2,fusiform / normal,0,FALSE,-1,9,9,Scorpaenopsis,Raggy scorpionfish,0,0,1,reef-associated,WaterAssumed,35.66,high,venomous,no special ability,0.5
7931,Crenidens crenidens,8242,30,2.799999952316284,0.28999999165534973,0.019952600821852684,0.16899999976158142,2.9600000381469727,0.08810000121593475,0.2800000011920929,2,11,0,20,12.4280297182497,537.740147945806,24.5,27.4,29.1,benthic,24.600000381469727,-0.59,17,10.100000381469727,2.827080011367798,2.5999999046325684,0.5,Medium; decline threshold 0.95,21.1,short and / or deep,0,FALSE,0,11,11,Crenidens,Karanteen seabream,0,0,1,demersal,WaterAssumed,34.51,very high,harmless,no special ability,0.625
7935,Polysteganus coeruleopunctatus,8247,60,4.130000114440918,0.6800000071525574,0.01258930005133152,0.16099999845027924,3.0299999713897705,0.08470000326633453,0.15000000596046448,76,237,20,500,5.46979657421156,47.9261685689713,14.2,20.5,24.7,pelagic,48.40999984741211,-0.93,25,19.100000381469727,5.760630130767822,4.400000095367432,0.5,Low; decline threshold 0.85,6.2,fusiform / normal,0,FALSE,0,10,10,Polysteganus,Blueskin seabream,0,0,1,reef-associated,WaterAssumed,55.25,very high,harmless,no special ability,0.5038999915122986
7937,Sphyraena flavicauda,8248,60,4.199999809265137,0.5899999737739563,0.007762469816952944,0.09350000321865082,2.890000104904175,0.06159999966621399,0.3400000035762787,4,14,2,25,5.45996118138438,68.6493479698623,24.3,28.4,29.3,pelagic,54.279998779296875,-0.38712858340740974,25,7.305180072784424,2.1073598861694336,1.790869951248169,0.5,High; decline threshold 0.99,9.6,elongated,0,FALSE,0,9,9,Sphyraena,Yellowtail barracuda,0,0,1,reef-associated,WaterAssumed,33.03,medium,harmless,no special ability,0.5
7938,Sphyraena putnamae,8249,90,4.309999942779541,0.6899999976158142,0.0074130999855697155,0.10599999874830246,2.930000066757202,0.06859999895095825,0.3700000047683716,4,12,3,20,5.3365818741434,39.7765844993881,24.5,28.4,29.3,pelagic,72.30000305175781,-0.3381577839410999,24,7.704740047454834,2.449810028076172,1.7274099588394165,0.5,High; decline threshold 0.99,5.7,elongated,0,FALSE,0,9,9,Sphyraena,Sawtooth barracuda,0,0,1,reef-associated,WaterAssumed,36,medium,harmless,no special ability,0.5
7939,Sphyraena qenie,8250,170,4.5,0.800000011920929,0.007079460192471743,0.16699999570846558,2.9200000762939453,0.08669999986886978,0.10000000149011612,10,50,0,100,4.54558164642998,30.4239625150555,26.1,28.1,29,pelagic,144.7899932861328,-1.07,25,28.899999618530273,9.744589805603027,5.699999809265137,0.5,Low; decline threshold 0.85,3.3,elongated,0,FALSE,0,9,9,Sphyraena,Blackfin barracuda,0,0,1,reef-associated,WaterAssumed,76.05,medium,reports of ciguatera poisoning,no special ability,0.5
7941,Synodus hoshinonis,8252,26,4.170000076293945,0.7099999785423279,0.005128609947860241,0.09809999912977219,3.25,0.06710000336170197,0.5799999833106995,63,79,60,96,3.42772897019493,89.3046198448036,19.2,26,28.1,pelagic,21.31999969482422,-0.29166479818495555,29,4.8807501792907715,1.3311699628829956,1.2931599617004395,0.5,High; decline threshold 0.99,12.4,elongated,0,FALSE,0,12,14,Synodus,Blackear lizardfish,0,1,1,demersal,WaterAssumed,23.98,medium,harmless,no special ability,0.5
7942,Synodus indicus,8253,33,4.210000038146973,0.7599999904632568,0.004897790029644966,0.11100000143051147,3.190000057220459,0.07400000095367432,0.5099999904632568,28,60,20,100,3.39228597825762,85.3066951547595,21.9,27.2,28.3,pelagic,29.18000030517578,-0.31,25,5.599999904632568,1.5738099813461304,1.399999976158142,0.5,High; decline threshold 0.99,19.3,elongated,0,FALSE,0,11,13,Synodus,Indian lizardfish,0,0,1,reef-associated,WaterAssumed,25.85,medium,harmless,no special ability,0.5
7945,Pelates quadrilineatus,8256,30,3.5899999141693115,0.3799999952316284,0.010232900269329548,0.10499999672174454,3.0199999809265137,0.06859999895095825,0.4099999964237213,2,11,0,20,6.83883287731359,84.224140080735,24.4,28,29,benthic,25.18000030517578,-0.4,17,6.900000095367432,1.933609962463379,1.7999999523162842,0.5,High; decline threshold 0.99,5.8,fusiform / normal,0,FALSE,0,8,11,Pelates,Fourlined terapon,0,1,1,reef-associated,WaterAssumed,29.43,unknown,harmless,no special ability,0.625
7946,Terapon puta,8257,30,3.4100000858306885,0.4699999988079071,0.009120110422372818,0.11800000071525574,2.9800000190734863,0.07919999957084656,0.36000001430511475,3,16,0,30,8.06629305772695,193.208621981496,24.8,28.5,29.3,pelagic,24.950000762939453,-0.5302616655612784,25,7.729650020599365,2.9628400802612305,2.1784000396728516,0.5,High; decline threshold 0.99,13.2,elongated,0,FALSE,0,9,11,Terapon,Small-scaled terapon,1,1,1,benthopelagic,WaterAssumed,31.43,unknown,harmless,no special ability,0.5625
7947,Tentoriceps cristatus,8258,90,4.210000038146973,0.5799999833106995,0.0019054600270465016,0.19699999690055847,3.119999885559082,0.10700000077486038,0.28999999165534973,38,70,30,110,5.05468677783042,44.0545546008823,22.5,27.2,28.3,pelagic,90,-0.491513993463195,25,9.853309631347656,2.9236900806427,2.3226499557495117,0.5,Medium; decline threshold 0.95,6.9,elongated,-1,FALSE,0,126,144,Tentoriceps,Crested hairtail,0,0,1,benthopelagic,WaterAssumed,38.19,medium,harmless,no special ability,1
7956,Pristis zijsron,8267,730,3.9700000286102295,0.5899999737739563,0.005011870060116053,0.20200000703334808,3.049999952316284,0.11299999803304672,0.05000000074505806,11,38,5,70,3.66911408278368,101.460279632863,24.6,28.5,29.3,pelagic,598.5999755859375,-1.48,25,58.5,22.729999542236328,9.600000381469727,0.5,Very low; decline threshold 0.70,3,elongated,0,FALSE,0,8.003489405797836,8.595141927048706,Pristis,Longcomb sawfish,1,1,1,demersal,WaterAssumed,86.67,medium,traumatogenic,no special ability,0.5234000086784363
7970,Torpedo sinuspersici,8281,130,4.5,0.800000011920929,0.015848899260163307,0.1080000028014183,3,0.07129999995231628,0.05999999865889549,22,96,1,200,3.32242995683952,73.0317375041252,21.8,25.5,28.3,pelagic,106.5999984741211,-1.96,25,48,15.71150016784668,9.800000190734863,0.5,Low; decline threshold 0.85,3.3,other,0,FALSE,0,7.150660305706101,7.359365172848985,Torpedo,Variable torpedo ray,0,1,1,reef-associated,WaterAssumed,75.99,medium,other,strongly discharging,0.5005000233650208
7977,Paramonacanthus japonicus,8288,14.640000343322754,2.7799999713897705,0.25,0.01819700002670288,0.10999999940395355,2.859999895095825,0.07360000163316727,0.6600000262260437,35,41,34,46,13.2487605916607,2574.82072950639,24.6,27.6,28.4,benthic,12,-0.31,25,4.199999809265137,1.6764700412750244,1.2000000476837158,0.5,High; decline threshold 0.99,14,short and / or deep,0,FALSE,0,24,30,Paramonacanthus,Hairfinned leatherjacket,0,0,1,reef-associated,WaterAssumed,21.85,unknown,harmless,no special ability,0.5
7986,Aeoliscus punctulatus,8297,15,3.0999999046325684,0.30000001192092896,0.0026915299240499735,0.20600000023841858,3.0899999141693115,0.11400000005960464,0.6600000262260437,2,6,1,10,7.88734736409687,942.921177888884,24.1,27.3,29.1,pelagic,12.300000190734863,-0.29,25,4.300000190734863,1.6479500532150269,1.2000000476837158,0.5,High; decline threshold 0.99,14.3,elongated,0,FALSE,0,10,11,Aeoliscus,Speckled shrimpfish,0,0,1,reef-associated,WaterAssumed,21.56,unknown,harmless,no special ability,0.7501999735832214
7987,Solenostomus cyanopterus,8298,17,3.759999990463257,0.5,0.009999999776482582,0.31299999356269836,3.0399999618530273,0.11900000274181366,1.3190119604308859,0,25,0,25,4.24143219148611,133.288246217856,22.1,27.8,29,benthic,12.300000190734863,-0.19507713986659247,25,2.1956468649932344,0.9794124500794171,0.7447873866853486,0.5,"Please enter values for K, tmax.",13.3,other,-1,FALSE,0,17,22,Solenostomus,Ghost pipefish,0,0,1,reef-associated,WaterAssumed,10,unknown,harmless,no special ability,0.5156000256538391
7996,Micrognathus brevirostris,8307,82.3499984741211,3.5899999141693115,0.5,3.467370115686208e-4,0.1809999942779541,3.190000057220459,0.09549999982118607,0.20999999344348907,1,6,0,10,4.91756207733387,208.814873201585,25.1,27.3,29.2,benthic,67.5,-0.64,25,13.600000381469727,4.1805500984191895,3.0999999046325684,0.5,Medium; decline threshold 0.95,5.8,eel-like,0,FALSE,0,6.801309729552938,7.574830460566466,Micrognathus,Thorntail pipefish,0,0,1,reef-associated,WaterAssumed,51.43,unknown,harmless,no special ability,0.5038999915122986
8005,Plesiops coeruleolineatus,8316,10,3.5999999046325684,0.25999999046325684,0.004677350167185068,0.21699999272823334,3.180000066757202,0.11800000071525574,0.6499999761581421,3,23,1,23,7.48181398226685,83.1308662329051,24.8,27.8,29,benthic,8.329999923706055,-0.33,25,4.300000190734863,1.7462999820709229,1.2999999523162842,0.5,High; decline threshold 0.99,15.5,elongated,0,FALSE,0,6,8,Plesiops,Crimsontip longfin,0,0,1,reef-associated,WaterAssumed,21.88,unknown,harmless,no special ability,0.5
8008,Apogon semiornatus,8319,7.5,3.4200000762939453,0.4399999976158142,0.014791100285947323,0.1679999977350235,3.059999942779541,0.09130000323057175,1.2599999904632568,7,18,5,30,8.04131132665488,103.903707009912,23.7,28.1,29.2,benthic,5.889999866485596,-0.18,25,2.200000047683716,0.940326988697052,0.699999988079071,0.5,High; decline threshold 0.99,48,short and / or deep,-1,FALSE,0,9,9,Apogon,Oblique-banded cardinalfish,0,0,1,reef-associated,WaterAssumed,11.03,high,harmless,no special ability,0.5
8009,Lepidamia multitaeniata,8320,18,3.5299999713897705,0.4300000071525574,0.014791100285947323,0.1679999977350235,3.059999942779541,0.09130000323057175,0.5600000023841858,0,1,0,2,6.88708087574975,74.3301949956564,24.6,27.9,29.2,benthic,14.079999923706055,-0.33,25,5,1.9164999723434448,1.399999976158142,0.5,High; decline threshold 0.99,12.8,short and / or deep,-0.1900386703046103,FALSE,0,9,9,Lepidamia,Smallscale cardinal,0,0,1,reef-associated,WaterAssumed,23.86,high,harmless,no special ability,0.5625
8010,Fowleria aurita,8321,9,3.5,0.6000000238418579,0.015135600231587887,0.12800000607967377,3.009999990463257,0.07959999889135361,1.059999942779541,4,20,1,37,7.84152084446291,95.2320915949854,24.6,27.8,29,benthic,7.190000057220459,-0.2,25,2.5999999046325684,1.1078200340270996,0.800000011920929,0.5,High; decline threshold 0.99,16.5,short and / or deep,-1,FALSE,0,9,9,Fowleria,Crosseyed cardinalfish,0,0,1,reef-associated,WaterAssumed,12.93,high,harmless,no special ability,0.5038999915122986
8011,Jaydia queketti,8322,12.300000190734863,3.5299999713897705,0.5699999928474426,0.010471300221979618,0.13500000536441803,3.059999942779541,0.07980000227689743,0.800000011920929,68,79,66,90,7.63405379680208,91.3173167616881,18.5,23.5,26.7,benthic,9.800000190734863,-0.25,25,3.5,1.390910029411316,1,0.5,High; decline threshold 0.99,22.1,fusiform / normal,0,FALSE,0,8,8,Jaydia,Spotfin cardinal,0,0,1,benthopelagic,WaterAssumed,16.49,high,harmless,no special ability,0.5
8012,Apogonichthyoides nigripinnis,8323,10,3.440000057220459,0.5,0.015488199889659882,0.11100000143051147,2.9700000286102295,0.0714000016450882,0.9599999785423279,6,26,1,50,7.94743657244247,103.903707009912,24,27.6,29.1,benthic,8.199999809265137,-0.22,17,2.9000000953674316,1.185829997062683,0.8999999761581421,0.5,High; decline threshold 0.99,10.4,short and / or deep,0,FALSE,0,8,9,Apogonichthyoides,Bullseye,0,0,1,reef-associated,WaterAssumed,14.21,high,harmless,no special ability,0.5
8016,Ambassis natalensis,8327,12.199999809265137,3.4200000762939453,0.5899999737739563,0.014125400222837925,0.1469999998807907,3.0199999809265137,0.08399999886751175,1.0099999904632568,6,26,1,50,7.94744525596352,107.08122617311,23.9,26.7,27.6,pelagic,10,-0.21,17,2.799999952316284,1.126230001449585,0.800000011920929,0.5,High; decline threshold 0.99,10.1,fusiform / normal,0,FALSE,0,9,11,Ambassis,Slender glassy,1,1,1,demersal,WaterAssumed,13.79,high,harmless,no special ability,0.5
8022,Pteragogus flagellifer,8333,20,3.5,0.3700000047683716,0.010715199634432793,0.2029999941587448,3.0299999713897705,0.10999999940395355,0.47999998927116394,9,40,2,78,7.44555393069226,95.2320915949854,21.5,27.2,28.8,benthic,16.399999618530273,-0.38,25,5.900000095367432,2.188380002975464,1.600000023841858,0.5,High; decline threshold 0.99,12,fusiform / normal,0,FALSE,0,10,12,Pteragogus,Cocktail wrasse,0,0,1,reef-associated,WaterAssumed,25.85,very high,harmless,no special ability,0.5005000233650208
8025,Stethojulis albovittata,8336,14,3.559999942779541,0.5,0.009999999776482582,0.12399999797344208,3.059999942779541,0.07500000298023224,1.2000000476837158,3,9,2,15,7.47858941189299,87.6534355425878,24.9,27.5,29.3,benthic,11.449999809265137,-0.16388605288820737,27,2.3361101150512695,0.9286800026893616,0.6845449805259705,0.5,High; decline threshold 0.99,15.9,fusiform / normal,0,FALSE,0,11,11,Stethojulis,Bluelined wrasse,0,0,1,reef-associated,WaterAssumed,11.7,very high,harmless,no special ability,0.5009999871253967
8026,Coris caudimacula,8337,20,3.380000114440918,0.5,0.009772369638085365,0.16599999368190765,3.069999933242798,0.09030000120401382,0.47999998927116394,3,25,1,57,7.67087969720384,113.960964561367,23.5,27.1,29.1,benthic,17.15999984741211,-0.38,25,5.900000095367432,2.188380002975464,1.600000023841858,0.5,High; decline threshold 0.99,12,fusiform / normal,0,FALSE,0,12,12,Coris,Spottail coris,0,0,1,reef-associated,WaterAssumed,25.85,very high,harmless,no special ability,0.5
8030,Oxyurichthys papuensis,8341,22,3.5,0.3700000047683716,0.00954992976039648,0.10599999874830246,2.9200000762939453,0.06930000334978104,0.3499999940395355,6,26,1,50,7.29195075358081,95.2320915949854,24.6,27.9,29,benthic,15.90999984741211,-0.51,25,8.100000381469727,2.9858899116516113,2.200000047683716,0.5,High; decline threshold 0.99,11.8,fusiform / normal,0,FALSE,0,12,12,Oxyurichthys,Frogface goby,0,1,1,reef-associated,WaterAssumed,31.06,very high,harmless,no special ability,0.5
8033,Vanderhorstia delagoae,8344,7.5,3.259999990463257,0.3400000035762787,0.0074130999855697155,0.16899999976158142,3.0899999141693115,0.09019999951124191,0.949999988079071,5,26,0,50,8.19934304342168,132.909608534987,24.7,26.8,27.7,benthic,5.389999866485596,-0.24,25,2.9000000953674316,1.2459100484848022,0.8999999761581421,0.5,High; decline threshold 0.99,48,elongated,0,FALSE,0,13,14,Vanderhorstia,Candystick goby,0,0,1,reef-associated,WaterAssumed,14.21,very high,harmless,no special ability,0.5
8038,Omobranchus fasciolatus,8349,6.800000190734863,2.680000066757202,0.15000000596046448,0.010471300221979618,0.19499999284744263,3.0799999237060547,0.10599999874830246,0.9700000286102295,1,6,0,10,20.3966842181142,827.583999131893,25.2,27.4,29.1,benthic,5.579999923706055,-0.24,25,2.9000000953674316,1.2472699880599976,1,0.5,High; decline threshold 0.99,23,fusiform / normal,0,FALSE,0,18,19,Omobranchus,Arab blenny,0,0,1,demersal,WaterAssumed,14.21,unknown,harmless,no special ability,0.5
8042,Antennablennius australis,8353,8.539999961853027,2.049999952316284,0,0.00758578022941947,0.17399999499320984,3,0.09589999914169312,0.7900000214576721,5,26,0,50,128.845495632346,6189.94530000209,24.6,26.9,27.8,benthic,7,-0.3,25,3.5,1.5064799785614014,1.100000023841858,0.5,High; decline threshold 0.99,49.9,elongated,0,FALSE,-1,13,13,Antennablennius,Moustached rockskipper,0,0,1,demersal,WaterAssumed,17.15,unknown,harmless,no special ability,0.5019999742507935
8046,Helcogramma obtusirostris,8357,4.639999866485596,3.049999952316284,0.3400000035762787,0.00616595009341836,0.16599999368190765,3.0299999713897705,0.09300000220537186,1.75,3,16,0,30,8.86572309930074,234.347136996985,23.8,28.4,29.2,benthic,3.799999952316284,-0.15,25,1.600000023841858,0.7662050127983093,0.6000000238418579,0.5,High; decline threshold 0.99,72.2,elongated,0,FALSE,0,9,10,Helcogramma,Hotlips triplefin,0,1,1,demersal,WaterAssumed,10,unknown,harmless,no special ability,0.5
8052,Cirrhimuraena playfairii,8363,39,3.690000057220459,0.5899999737739563,9.332540212199092e-4,0.18199999630451202,2.990000009536743,0.09989999979734421,0.550000011920929,5,26,0,50,4.46258046772175,152.533269550403,24.4,27,28.4,benthic,31.979999542236328,-0.27,25,5.199999809265137,1.4970200061798096,1.2999999523162842,0.5,High; decline threshold 0.99,8.1,eel-like,0,FALSE,0,34.45663142203213,35.72480459454536,Cirrhimuraena,Ordinary snake eel,0,0,1,demersal,WaterAssumed,25.66,unknown,harmless,no special ability,0.5005000233650208
8053,Myrichthys colubrinus,8364,97,3.5,0.5,9.332540212199092e-4,0.18199999630451202,2.990000009536743,0.09989999979734421,0.23000000417232513,3,18,0,35,5.050781765542,229.753934162614,25,28.3,29.3,benthic,97,-0.53,25,12.5,3.976330041885376,2.700000047683716,0.5,Medium; decline threshold 0.95,4.6,eel-like,0,FALSE,0,5.894518339847317,6.5583114928463075,Myrichthys,Banded snake eel,0,0,1,reef-associated,WaterAssumed,44.87,unknown,harmless,no special ability,0.5005000233650208
8054,Pisodonophis cancrivorus,8367,108,3.819999933242798,0.6100000143051147,6.456539849750698e-4,0.1469999998807907,3.009999990463257,0.08699999749660492,0.20999999344348907,3,11,1,20,4.04386971291007,119.890152718564,24.2,28.4,29.3,benthic,108,-0.56,25,13.699999809265137,4.416510105133057,2.9000000953674316,0.5,Medium; decline threshold 0.95,7.1,eel-like,0,FALSE,0,8.814270142551743,9.999347160748256,Pisodonophis,Longfin snake-eel,1,1,1,reef-associated,WaterAssumed,49.74,unknown,harmless,no special ability,0.5077999830245972
8058,Gymnothorax griseus,8369,65,3.9700000286102295,0.6399999856948853,4.6773499343544245e-4,0.14000000059604645,3.2799999713897705,0.07930000126361847,0.20000000298023224,5,21,1,40,3.65040153397588,100.672398928609,24.6,27.3,29.3,pelagic,53.29999923706055,-0.68,25,14.300000190734863,4.352069854736328,3.200000047683716,0.5,Medium; decline threshold 0.95,13,eel-like,0,FALSE,0,3.1857368389834204,3.673201999378088,Gymnothorax,Geometric moray,0,0,1,reef-associated,WaterAssumed,45.56,medium,harmless,no special ability,0.5
8059,Paramonacanthus frenatus,8370,10.609999656677246,3.119999885559082,0.3100000023841858,0.019498400390148163,0.16300000250339508,2.930000066757202,0.09109999984502792,0.8899999856948853,11,50,1,100,7.69463020282058,882.103954580138,24.3,26.7,27.9,benthic,8.699999809265137,-0.25,17,3.0999999046325684,1.307629942893982,1,0.5,High; decline threshold 0.99,28.8,short and / or deep,0,FALSE,0,24,26,Paramonacanthus,Wedgetail filefish,0,0,1,demersal,WaterAssumed,15.01,unknown,harmless,no special ability,0.5
8072,Tylerius spinosissimus,8383,12,3.2799999713897705,0.20000000298023224,0.026302700862288475,0.16899999976158142,2.880000114440918,0.08860000222921371,1.2899999618530273,129,249,90,435,6.48619043412999,541.182287382556,9,12,16.8,benthic,9.84000015258789,-0.15,8,2.200000047683716,0.8663340210914612,0.6000000238418579,0.5,High; decline threshold 0.99,10.9,short and / or deep,0,FALSE,0,8,9,Tylerius,Spiny blaasop,0,0,1,bathydemersal,WaterAssumed,11.03,very high,harmless,no special ability,1
8083,Chaetodon leucopleura,8393,21.959999084472656,2.7799999713897705,0.25999999046325684,0.02290870063006878,0.15700000524520874,3,0.0860000029206276,0.6000000238418579,14,42,7,75,13.692582931808,577.678030847826,25.6,27.1,28.5,benthic,18,-0.31,25,4.699999809265137,1.7867300510406494,1.2999999523162842,0.5,High; decline threshold 0.99,12.8,short and / or deep,-1,TRUE,0,21,23,Chaetodon,Somali butterflyfish,0,0,1,reef-associated,WaterAssumed,24.1,unknown,harmless,no special ability,0.5
8112,Diplodus noct,8423,25,2.740000009536743,0.25,0.0123027004301548,0.16699999570846558,3.0399999618530273,0.0885000005364418,0.33000001311302185,2,5,1,8,15.2929460693774,667.034811345401,24.8,27.6,29.2,benthic,20.780000686645508,-0.52,25,8.600000381469727,2.350250005722046,2.200000047683716,0.5,High; decline threshold 0.99,35.8,elongated,0,FALSE,0,13.661994001265313,14.685825981796013,Diplodus,Red Sea seabream,0,0,1,reef-associated,WaterAssumed,31.97,high,harmless,no special ability,0.5
8123,Asterorhombus intermedius,8434,24.399999618530273,3.630000114440918,0.4000000059604645,0.008912510238587856,0.14499999582767487,3.0899999141693115,0.08649999648332596,0.1899999976158142,11,48,1,96,6.29681647419974,179.86392229667,25.5,27.8,28.9,benthic,20,-0.98,25,14.800000190734863,5.508530139923096,4,0.5,Medium; decline threshold 0.95,9.9,short and / or deep,-1,FALSE,0,77,84,Asterorhombus,Intermediate flounder,0,0,1,reef-associated,WaterAssumed,42.85,very high,harmless,no special ability,0.625
8127,Pristotis obtusirostris,8438,14,3.450000047683716,0.5099999904632568,0.015135600231587887,0.1469999998807907,2.990000009536743,0.08739999681711197,0.800000011920929,10,41,2,80,7.77927535329547,102.372912168399,24.3,27.8,29,pelagic,11.039999961853027,-0.23430040733291824,29,3.515700101852417,1.3538099527359009,0.9911440014839172,0.5,High; decline threshold 0.99,14.4,fusiform / normal,-1,TRUE,0,12,13,Pristotis,Gulf damselfish,0,0,1,reef-associated,WaterAssumed,16.54,unknown,harmless,no special ability,0.75
8129,Tetrosomus gibbosus,8440,30,3.0799999237060547,0.23000000417232513,0.05128610134124756,0.12099999934434891,2.7300000190734863,0.08240000158548355,1.0165532733438183,44,74,37,110,5.32724181434293,279.228414881974,22.2,26.9,28.2,benthic,24.420000076293945,-0.21572607261566923,25,2.5870238850230853,1.1004085394614507,0.8207359338680655,0.5,"Please enter values for K, tmax.",8.1,short and / or deep,0,FALSE,0,9,9,Tetrosomus,Humpback turretfish,0,0,1,reef-associated,WaterAssumed,16,high,venomous,no special ability,0.5625
8166,Rhabdosargus haffara,8477,35,3.5,0.3700000047683716,0.01258930005133152,0.16099999845027924,3.0299999713897705,0.08470000326633453,0.4300000071525574,11,16,10,20,6.93304439155143,95.2320915949854,24.8,27.5,29.2,benthic,28.399999618530273,-0.39296007472784983,25,6.583779811859131,1.8029600381851196,1.7194700241088867,0.5,High; decline threshold 0.99,9.7,fusiform / normal,0,FALSE,0,12,14,Rhabdosargus,Haffara seabream,0,0,1,reef-associated,WaterAssumed,29.12,very high,harmless,no special ability,0.5156000256538391
8180,Lagocephalus spadiceus,8493,43.099998474121094,3.6600000858306885,0.4000000059604645,0.022387199103832245,0.05180000141263008,2.859999895095825,0.020600000396370888,0.4000000059604645,30,101,10,200,4.62136954566974,169.509515996433,21.4,26.8,28.4,benthic,35.34000015258789,-0.38,17,7.099999904632568,2.0487399101257324,1.7999999523162842,0.5,High; decline threshold 0.99,11,short and / or deep,0,FALSE,0,12,13,Lagocephalus,Half-smooth golden pufferfish,0,1,1,demersal,WaterAssumed,31.05,very high,harmless,no special ability,0.5005000233650208
8183,Monocentris japonica,8496,17,3.5399999618530273,0.5299999713897705,0.019952600821852684,0.17499999701976776,3.009999990463257,0.09049999713897705,0.2199999988079071,35,140,1,300,5.2802716444108,270.289890640732,15.9,25.4,28.2,benthic,13.9399995803833,-0.88,25,12.800000190734863,4.852409839630127,3.5,0.5,Medium; decline threshold 0.95,29.2,eel-like,0,FALSE,0,10,12,Monocentris,Pineconefish,0,0,1,reef-associated,WaterAssumed,35.75,unknown,harmless,no special ability,0.5938000082969666
8203,Pastinachus sephen,8516,199.6699981689453,3.7100000381469727,0.6000000238418579,0.009999999776482582,0.31299999356269836,3.0399999618530273,0.11900000274181366,0.4956515051754653,6,31,0,60,0.593822322932867,121.818805067488,24.7,28.2,29.1,benthic,163.72999572753906,-0.5306728991099415,25,7.982876257770982,2.6883137747794392,1.9861253620608357,0.5,"Please enter values for K, tmax.",2.4,other,0,FALSE,0,0,0,Pastinachus,Cowtail stingray,1,1,1,reef-associated,WaterAssumed,90,low,venomous,no special ability,0.5311999917030334
8209,Neopomacentrus cyanomos,8522,10,3.390000104904175,0.4399999976158142,0.014454400166869164,0.18400000035762787,3,0.10199999809265137,0.6700000166893005,7,18,5,30,7.96648206535547,105.472492397164,25.2,28.5,29.3,pelagic,7.480000019073486,-0.32,25,4.199999809265137,1.6943199634552002,1.2999999523162842,0.5,High; decline threshold 0.99,40.2,fusiform / normal,-1,TRUE,0,11,12,Neopomacentrus,Regal demoiselle,0,0,1,reef-associated,WaterAssumed,21.46,unknown,harmless,no special ability,0.5
8211,Anoxypristis cuspidata,8524,470,4.5,0.6200000047683716,0.005011870060116053,0.20200000703334808,3.049999952316284,0.11299999803304672,0.07999999821186066,4,40,0,40,3.32242995683952,73.0317375041252,24.6,28.2,29.1,pelagic,440.0899963378906,-1.02,25,36.5,13.58530044555664,6.400000095367432,0.5,Low; decline threshold 0.85,1.8,elongated,0,FALSE,0,19.579973453439813,22.53312636159808,Anoxypristis,Pointed sawfish,1,1,1,benthopelagic,WaterAssumed,81.06,medium,harmless,no special ability,1.0077999830245972
8238,Cynoglossus lingua,8551,45,3.5,0.3700000047683716,0.010471300221979618,0.19499999284744263,3.049999952316284,0.1080000028014183,0.3100000023841858,130,424,10,961,6.04350173671779,214.125094698585,8.8,12.3,18.2,benthic,41.470001220703125,-0.47,25,9.199999809265137,2.6916699409484863,2.200000047683716,0.5,High; decline threshold 0.99,7.4,short and / or deep,0,FALSE,0,126,138,Cynoglossus,Long tongue sole,1,1,1,demersal,WaterAssumed,34.72,very high,harmless,no special ability,0.5
8260,Gymnura poecilura,8573,58.04999923706055,3.7899999618530273,0.5899999737739563,0.0064565399661660194,0.09989999979734421,3.049999952316284,0.06939999759197235,0.4803761488025301,9,41,1,80,0.808189724335394,100.954993361916,25.2,28.5,29.2,benthic,211.75,-0.8336214152509515,25,6.746434953000794,2.2124170051573433,1.7491631968540753,0.5,"Please enter values for K, tmax.",2.6,eel-like,0,FALSE,0,26.459222773565344,26.147701583374122,Gymnura,Long-tailed butterfly ray,0,0,1,demersal,WaterAssumed,43.22,medium,harmless,no special ability,0.5
8263,Lagocephalus lunaris,8576,54.900001525878906,3.7100000381469727,0.4099999964237213,0.022387199103832245,0.1080000028014183,2.859999895095825,0.06620000302791595,0.3199999928474426,30,101,10,200,4.42423245556807,148.840386746567,19.8,26.7,28.4,benthic,45,-0.46,25,8.899999618530273,2.602869987487793,2.0999999046325684,0.5,High; decline threshold 0.99,13.9,short and / or deep,0,FALSE,0,11,13,Lagocephalus,Lunartail puffer,0,1,1,demersal,WaterAssumed,41.73,very high,poisonous to eat,no special ability,0.5005000233650208
8285,Pterygotrigla hemisticta,8598,30,3.6700000762939453,0.5899999737739563,0.008709640242159367,0.14800000190734863,3.059999942779541,0.09120000153779984,0.2800000011920929,57,197,10,420,2.89261944264494,366.196466437639,14.8,22.5,27.8,pelagic,24.600000381469727,-0.59,8,10.100000381469727,2.827080011367798,2.5999999046325684,0.5,Medium; decline threshold 0.95,3.7,fusiform / normal,0,FALSE,0,13.36442508273726,14.284638227027603,Pterygotrigla,Blackspotted gurnard,0,0,1,demersal,WaterAssumed,36.53,very high,harmless,no special ability,0.5
8290,Samaris cristatus,8603,22.299999237060547,3.5,0.3700000047683716,0.015848899260163307,0.21899999678134918,2.940000057220459,0.11699999868869781,0.47766962496528065,29,67,20,114,6.74205172705761,214.125094698585,22,27.3,28.6,benthic,18.899999618530273,-0.4722349317632309,25,6.467416712234502,2.4613661574436825,1.9153986005627661,0.5,"Please enter values for K, tmax.",12.8,short and / or deep,0,FALSE,0,73,78,Samaris,Cockatoo righteye flounder,0,1,1,demersal,WaterAssumed,11.5,very high,harmless,no special ability,0.5311999917030334
8305,Rogadius asper,8619,21.329999923706055,3.680000066757202,0.6299999952316284,0.0053703198209404945,0.10400000214576721,3.109999895095825,0.0731000006198883,0.550000011920929,23,55,15,95,3.15515426261021,389.691585540557,23.2,27.5,28.6,benthic,18.700000762939453,-0.31,25,5,1.8416600227355957,1.2999999523162842,0.5,High; decline threshold 0.99,12,eel-like,0,FALSE,0,30.2755383325138,29.781700649607686,Rogadius,Olive-tailed flathead,0,0,1,demersal,WaterAssumed,23.77,high,harmless,no special ability,0.5038999915122986
8312,Brachirus orientalis,8626,38,4.566999912261963,0.09200000017881393,0.008511380292475224,0.10599999874830246,3.0299999713897705,0.07029999792575836,0.20000000298023224,15,18,15,20,6.28952287388442,214.125094698585,25.6,28.5,29.2,benthic,35.119998931884766,-0.7707216421552313,25,14.229299545288086,4.09935998916626,3.4545700550079346,0.5,Medium; decline threshold 0.95,7,short and / or deep,-0.20840209266270124,FALSE,0,79.19074361581166,87.71354468426514,Brachirus,Oriental sole,1,1,1,demersal,WaterAssumed,40.17,very high,harmless,no special ability,0.5
8408,Palutrus scapulopunctatus,8722,7.690000057220459,3.259999990463257,0.3400000035762787,0.0074130999855697155,0.16899999976158142,3.0899999141693115,0.09019999951124191,0.9300000071525574,1,8,0,14,8.19203105203408,132.909608534987,27.4,28.8,29.3,benthic,6.300000190734863,-0.26,25,3,1.3127599954605103,1,0.5,High; decline threshold 0.99,53,elongated,0,FALSE,0,7,8,Palutrus,Scapular goby,0,1,1,demersal,WaterAssumed,14.62,very high,harmless,no special ability,0.5625
8421,Bregmaceros mcclellandi,8735,11.710000038146973,3.299999952316284,0.41999998688697815,0.003630779916420579,0.13899999856948853,3.1600000858306885,0.08900000154972076,1.2802817624605598,271,834,0,2000,4.32977195825077,204.950393848151,5.6,8.8,13.1,pelagic,9.600000381469727,-0.26064648299235765,17,4.021874509110392,1.3176331971158826,1.0845756380140583,0.5,"Please enter values for K, tmax.",12.8,elongated,-1,FALSE,0,57,66,Bregmaceros,Unicorn cod,0,1,1,pelagic-oceanic,WaterAssumed,10,high,harmless,no special ability,0.5
8432,Liopropoma mitratum,8746,9,3.630000114440918,0.5799999833106995,0.01122019998729229,0.17299999296665192,3.0399999618530273,0.08569999784231186,1.426453549354882,15,46,3,46,8.05300247490419,110.427085306918,25.6,27.5,28.8,pelagic,7.449999809265137,-0.1969245110643933,25,2.386318710439814,1.0253105206930537,0.7840668613474291,0.5,"Please enter values for K, tmax.",42.9,fusiform / normal,0,FALSE,0,11,12,Liopropoma,Pinstriped basslet,0,0,1,reef-associated,WaterAssumed,10,very high,harmless,no special ability,0.5
8592,Fowleria vaiulae,8907,5,3.319999933242798,0.5099999904632568,0.014791100285947323,0.1679999977350235,3.059999942779541,0.09130000323057175,1.8300000429153442,3,15,3,25,8.28228323888513,125.944936916809,24.6,28.3,29.3,benthic,4.059999942779541,-0.14,25,1.5,0.6819000244140625,0.5,0.5,High; decline threshold 0.99,61,short and / or deep,0,FALSE,0,9,9,Fowleria,Mottled cardinalfish,0,0,1,reef-associated,WaterAssumed,10,high,harmless,no special ability,0.5038999915122986
8593,Neamia octospina,8908,7,3.390000104904175,0.4699999988079071,0.014791100285947323,0.1679999977350235,3.059999942779541,0.09130000323057175,1.340000033378601,3,4,3,5,8.12899487256294,110.427085306918,24.9,28.4,29.3,benthic,5.210000038146973,-0.17,25,2.0999999046325684,0.8950120210647583,0.699999988079071,0.5,High; decline threshold 0.99,49.9,short and / or deep,-1,FALSE,0,9,9,Neamia,Eightspine cardinalfish,0,0,1,reef-associated,WaterAssumed,10.53,high,harmless,no special ability,0.5625
8595,Strophidon sathete,8910,400,3.369999885559082,0.46000000834465027,2.2387200442608446e-4,0.09000000357627869,3.130000114440918,0.05820000171661377,0.03999999910593033,1,8,0,15,3.65040153397588,100.672398928609,25.5,28.5,29.3,benthic,398.1300048828125,-2.2,22,72.80000305175781,26.651199340820313,12.899999618530273,0.5,Very low; decline threshold 0.70,3.5,eel-like,0,FALSE,0,0,0,Strophidon,Slender giant moray,1,1,1,reef-associated,WaterAssumed,87.36,medium,traumatogenic,no special ability,0.625
8666,Trichiurus auriga,8982,42.400001525878906,4.170000076293945,0.7300000190734863,0.0019054600270465016,0.19699999690055847,3.119999885559082,0.10700000077486038,0.8199999928474426,260,300,250,350,6.28640391722219,45.9879781955967,11,12.2,21.8,pelagic,34.77000045776367,-0.18,8,3.5,1.014299988746643,0.800000011920929,0.5,High; decline threshold 0.99,9.2,elongated,-1,FALSE,0,106,116,Trichiurus,Pearly hairtail,0,0,1,benthopelagic,WaterAssumed,21.65,unknown,harmless,no special ability,0.5009999871253967
8729,Rhina ancylostomus,9051,300,3.549999952316284,0.5,0.003630779916420579,0.17900000512599945,3.109999895095825,0.10499999672174454,0.8637070584107227,12,47,3,90,5.09595217218963,237.298413787098,24.4,28.1,29.1,benthic,255.19000244140625,-0.5848369556715537,25,14.29024974235057,4.7249959074387355,3.156387588706268,0.5,"Please enter values for K, tmax.",2.4,elongated,0,FALSE,0,10.49988005536397,11.20229988329734,Rhina,Bowmouth guitarfish,0,0,1,reef-associated,WaterAssumed,75.76,medium,other,electrosensing only,1.000499963760376
8893,Laeops natalensis,9213,14,3.490000009536743,0.3799999952316284,0.009120110422372818,0.17599999904632568,3.0399999618530273,0.09520000219345093,0.3199999928474426,95,222,53,420,7.04891360334019,220.328719951804,18.389296004211392,21.468673047209457,23.851943778038976,benthic,11.479999542236328,-0.63,8,8.699999809265137,3.383419990539551,2.5,0.5,High; decline threshold 0.99,14.9,short and / or deep,0,FALSE,0,98,98,Laeops,Khaki flounder,0,0,1,bathydemersal,WaterAssumed,32.05,very high,harmless,no special ability,0.5005000233650208
8917,Pardachirus marmoratus,9237,26,3.819999933242798,0.25999999046325684,0.00954992976039648,0.164000004529953,3.069999933242798,0.08609999716281891,0.3199999928474426,2,9,1,15,6.6152931192706,214.125094698585,25,28,29.3,benthic,21.3799991607666,-0.53,25,8.800000190734863,2.4263501167297363,2.299999952316284,0.5,High; decline threshold 0.99,10.3,short and / or deep,0,FALSE,0,63,74,Pardachirus,Finless sole,0,0,1,reef-associated,WaterAssumed,32.48,very high,other,no special ability,0.5077999830245972
9191,Pomatoschistus marmoratus,9512,8,3.3499999046325684,0.44999998807907104,0.007244360167533159,0.05530000105500221,3.069999933242798,0.01940000057220459,0.8999999761581421,25,46,20,70,8.14640453303887,119.667034845107,10.3,15.1,17.3,benthic,6.949999809265137,-0.2,17,2.991489887237549,1.2998100519180298,1,0.5,High; decline threshold 0.99,0,fusiform / normal,-1,FALSE,0,8,10,Pomatoschistus,Marbled goby,1,1,1,demersal,WaterAssumed,14.58,very high,harmless,no special ability,0.5001000165939331
9204,Encheliophis gracilis,9525,36.599998474121094,3,0,0.001023289980366826,0.17499999701976776,3.059999942779541,0.08959999680519104,1.0818381012798564,6,32,0,62,9.05014827110503,1330.33808972415,24.4,27.5,28.8,benthic,30,-0.23459464527848833,25,2.5224104713133846,0.9676773742586192,0.7583630237744675,0.5,"Please enter values for K, tmax.",9.4,eel-like,0,FALSE,0,25,36,Encheliophis,Graceful pearlfish,0,0,1,reef-associated,WaterAssumed,26.6,unknown,harmless,no special ability,0.5077999830245972
9235,Ambassis urotaenia,9556,14,3.5299999713897705,0.41999998688697815,0.0123027004301548,0.13699999451637268,3,0.0812000036239624,0.8899999856948853,6,26,1,50,7.89111136627086,113.960964561367,24.9,28.1,29,benthic,11.479999542236328,-0.22,25,3.200000047683716,1.2230299711227417,0.8999999761581421,0.5,High; decline threshold 0.99,33.9,fusiform / normal,-1,FALSE,0,9,10,Ambassis,Banded-tail glassy perchlet,1,1,1,demersal,WaterAssumed,15.39,low,harmless,no special ability,0.5
9240,Ostorhinchus cookii,9561,10,3.509999990463257,0.4000000059604645,0.014125400222837925,0.16099999845027924,3.0799999237060547,0.08739999681711197,0.9599999785423279,2,6,1,10,7.77660545000902,93.8981198481698,23.2,28.2,29.3,benthic,7.789999961853027,-0.22,25,2.9000000953674316,1.185829997062683,0.8999999761581421,0.5,High; decline threshold 0.99,14.6,short and / or deep,-1,FALSE,0,9,9,Ostorhinchus,Cook's cardinalfish,0,0,1,reef-associated,WaterAssumed,14.21,high,harmless,no special ability,0.5
9250,Cynoglossus dollfusi,9572,15.739999771118164,3.359999895095825,0.4000000059604645,0.003548129927366972,0.15600000321865082,3.119999885559082,0.08569999784231186,0.8199999928474426,299,552,200,1000,7.18062658507981,269.065970717972,22.144581557865386,28.14567902899277,29.23815700817405,benthic,12.899999618530273,-0.24,17,3.4000000953674316,1.3646899461746216,1,0.5,High; decline threshold 0.99,10.3,elongated,-0.1866589645567653,FALSE,0,27.66931494940469,28.303463852016495,Cynoglossus,Scapular goby,0,1,1,demersal,WaterAssumed,16.13,very high,harmless,no special ability,0.5
9259,Antennarius maculatus,9581,15,4.199999809265137,0.7300000190734863,0.026915300637483597,0.20999999344348907,2.9600000381469727,0.11500000208616257,0.7502378074589838,2,9,1,15,3.41168099670232,87.781415273917,25.2,28.5,29.3,pelagic,12.300000190734863,-0.287689668219826,25,4.244207496471177,1.5540875660263453,1.248605567425392,0.5,"Please enter values for K, tmax.",14.3,short and / or deep,0,FALSE,0,11,12,Antennarius,Warty frogfish,0,0,1,reef-associated,WaterAssumed,10,unknown,harmless,no special ability,0.5001999735832214
9899,Ambassis dussumieri,10222,12.199999809265137,3.5,0.41999998688697815,0.012022599577903748,0.19300000369548798,3.0199999809265137,0.09560000151395798,1.0099999904632568,6,26,1,50,8.09008824909254,125.944936916809,24.6,28,29,benthic,10,-0.21,25,2.799999952316284,1.126230001449585,0.800000011920929,0.5,High; decline threshold 0.99,40.2,fusiform / normal,0,FALSE,0,8,10,Ambassis,Malabar glassy perchlet,1,1,1,demersal,WaterAssumed,13.79,unknown,harmless,no special ability,0.5
9903,Priacanthus blochii,10226,40.06999969482422,3.700000047683716,0.5600000023841858,0.027542300522327423,0.15000000596046448,2.9200000762939453,0.09139999747276306,0.5199999809265137,25,23,15,30,6.03389497231448,49.8671528855607,24.2,27.3,28.5,benthic,30.8799991607666,-0.29,25,5.5,1.5742299556732178,1.399999976158142,0.5,High; decline threshold 0.99,7.1,short and / or deep,-1,FALSE,0,12,14,Priacanthus,Paeony bulleye,0,0,1,reef-associated,WaterAssumed,29.09,high,harmless,no special ability,0.5001000165939331
9913,Priacanthus sagittarius,10236,42.70000076293945,4.5,0.800000011920929,0.01698240078985691,0.1860000044107437,2.9100000858306885,0.09799999743700027,0.49000000953674316,31.285848090788583,78.00044704468671,18.312756111881384,350,6.06025039487251,45.9879781955967,21.110897563999384,24.89495209503587,27.444101054877095,pelagic,35,-0.32,25,5.800000190734863,1.6558400392532349,1.399999976158142,0.5,High; decline threshold 0.99,8.6,fusiform / normal,-1,FALSE,0,13,14,Priacanthus,Arrowfin bigeye,0,0,1,demersal,WaterAssumed,30.48,high,harmless,no special ability,0.5001000165939331
9945,Favonigobius reichei,10268,8.300000190734863,3.4600000381469727,0.36000001430511475,0.008912510238587856,0.11299999803304672,3.190000057220459,0.07339999824762344,0.8700000047683716,0,3,0,5,8.03035663585059,105.472492397164,24.8,28.5,29.3,benthic,6.909999847412109,-0.26,25,3.200000047683716,1.3206000328063965,1,0.5,High; decline threshold 0.99,42.8,fusiform / normal,0,FALSE,0,8,8,Favonigobius,Indo-Pacific tropical sand goby,1,1,1,demersal,FacultativeGenus,15.39,unknown,harmless,no special ability,0.5019999742507935
9950,Gnatholepis cauerensis,10273,7.320000171661377,3.309999942779541,0.5,0.009999999776482582,0.1809999942779541,3,0.09870000183582306,0.9700000286102295,2,20,2,50,8.22565913056412,146.427735207108,24.7,27.6,28.9,benthic,6,-0.25,25,2.799999952316284,1.2616900205612183,1,0.5,High; decline threshold 0.99,84.2,fusiform / normal,0,FALSE,0,11,11,Gnatholepis,Eyebar goby,0,1,1,reef-associated,WaterAssumed,13.79,very high,harmless,no special ability,0.5009999871253967
9952,Gobiodon rivulatus,10275,6.400000095367432,3.509999990463257,0.46000000834465027,0.019952600821852684,0.17499999701976776,3.009999990463257,0.09049999713897705,1.100000023841858,8,39,0,78,8.2056745385401,110.427085306918,24.8,28,29,benthic,5.25,-0.22,25,2.5,1.080680012702942,0.800000011920929,0.5,High; decline threshold 0.99,66.9,short and / or deep,0,FALSE,0,10,11,Gobiodon,Rippled coralgoby,1,1,1,reef-associated,FacultativeGenus,12.47,very high,harmless,no special ability,0.5
9963,Hemiramphus marginatus,10286,31.719999313354492,3.359999895095825,0.4699999988079071,0.004265789873898029,0.18199999630451202,3.0799999237060547,0.08990000188350677,0.7900000214576721,22,95,0,200,6.02749315886309,430.430079688314,21.3,24.3,28.2,pelagic,26,-0.21,25,3.5999999046325684,0.9875100255012512,0.8999999761581421,0.5,High; decline threshold 0.99,22.6,elongated,0,FALSE,0,11.486171849345135,13.5203937674726,Hemiramphus,Yellowtip halfbeak,0,0,1,pelagic-neritic,WaterAssumed,19.82,medium,harmless,no special ability,0.5009999871253967
9966,Kraemeria samoensis,10289,3.5,3.061000108718872,0.25999999046325684,0.001023289980366826,0.17499999701976776,3.059999942779541,0.08959999680519104,0.6997953608378364,0,3,0,5,8.84404108881752,227.658568479474,27,28.5,29.4,benthic,3.059999942779541,-0.2991833428537223,25,5.519304784711736,1.9483734672475739,1.3458895935589545,0.5,"Please enter values for K, tmax.",34.4,eel-like,0,FALSE,0,14,14,Kraemeria,Samoan sand dart,1,1,1,reef-associated,WaterAssumed,10,unknown,harmless,no special ability,0.5098000168800354
9996,Silhouettea insinuans,10319,4.5,3.1600000858306885,0.33000001311302185,0.010232900269329548,0.16699999570846558,3.009999990463257,0.09099999815225601,1.5299999713897705,5,26,0,50,8.38310665499872,166.790149576843,21.4,27.2,29.3,benthic,3.680000066757202,-0.17,25,1.7999999523162842,0.8368269801139832,0.6000000238418579,0.5,High; decline threshold 0.99,100.1,fusiform / normal,0,FALSE,0,11,11,Silhouettea,Phantom goby,0,1,1,demersal,WaterAssumed,10,very high,harmless,no special ability,0.5019999742507935
10160,Gymnothorax reticularis,10483,60,3.9700000286102295,0.6499999761581421,3.8018901250325143e-4,0.10400000214576721,3.259999990463257,0.06759999692440033,0.2199999988079071,50,54,50,56,3.66911408278368,101.460279632863,21.7,27.3,28.2,pelagic,49.20000076293945,-0.63,25,13,3.9317901134490967,3,0.5,Medium; decline threshold 0.95,9.7,eel-like,0,FALSE,0,3.8500088323779584,4.0315649354204925,Gymnothorax,Pharaoh's moray,0,0,1,demersal,WaterAssumed,42.33,medium,traumatogenic,no special ability,0.5
10167,Stomias affinis,10490,26.719999313354492,4.28000020980835,0.75,0.0013182599795982242,0.13500000536441803,3.200000047683716,0.0868000015616417,0.3499999940395355,451,1291,0,3182,2.69757220318627,13.8667583543646,3.8,5.9,10.9,pelagic,21.899999618530273,-0.51,8,8.100000381469727,2.9735400676727295,2.200000047683716,0.5,High; decline threshold 0.99,6.5,elongated,0,FALSE,0,17,20,Stomias,Günther's boafish,0,0,1,bathypelagic,WaterAssumed,34.92,unknown,harmless,no special ability,0.5005000233650208
10204,Cynoglossus acutirostris,10527,25,3.5,0.3700000047683716,0.010471300221979618,0.19499999284744263,3.049999952316284,0.1080000028014183,0.5299999713897705,375,737,220,1425,6.64679712229608,214.125094698585,11.9,18.5,21.7,benthic,23.600000381469727,-0.32,8,5.300000190734863,1.4671299457550049,1.399999976158142,0.5,High; decline threshold 0.99,4.2,short and / or deep,0,FALSE,0,125,125,Cynoglossus,Sharpnose tonguesole,0,0,1,bathydemersal,WaterAssumed,24.78,very high,harmless,no special ability,0.5
10207,Masturus lanceolatus,10530,337,3.819999933242798,0.6100000143051147,0.023442300036549568,0.1850000023841858,3.0299999713897705,0.10499999672174454,0.3229450585055226,255,413,200,670,4.20677660104467,130.700285346226,8.9,12.1,17.6,benthic,276.3399963378906,-0.6750852721741087,8,22.40180015563965,8.082730293273926,4.099999904632568,0.5,Low; decline threshold 0.85,0.6,short and / or deep,0,FALSE,0,15,19,Masturus,Sharptail mola,0,1,1,bathypelagic,WaterAssumed,70.15,unknown,harmless,no special ability,1.0312000513076782
10213,Astronesthes martensii,10536,14,3.7699999809265137,0.6000000238418579,0.0041686901822686195,0.19900000095367432,3.049999952316284,0.1080000028014183,0.6399999856948853,284,869,0,2091,2.572320822709,22.4084725637674,5.5,8.7,16.5,pelagic,11.479999542236328,-0.31,8,4.400000095367432,1.6967099905014038,1.2000000476837158,0.5,High; decline threshold 0.99,5.9,elongated,0,FALSE,0,10,13,Astronesthes,Pacific barracudina,0,0,1,bathypelagic,WaterAssumed,21.97,unknown,harmless,no special ability,0.5
10217,Uropterygius micropterus,10540,37.29999923706055,3.5,0.5,4.5708799734711647e-4,0.10499999672174454,3.130000114440918,0.07349999994039536,0.33000001311302185,1,8,0,15,5.32724181434293,279.228414881974,25.8,28.4,29.3,benthic,30.59000015258789,-0.47,25,8.600000381469727,2.4661600589752197,2.0999999046325684,0.5,High; decline threshold 0.99,14.3,eel-like,0,FALSE,0,6.9790860375073045,7.768752024012084,Uropterygius,Tidepool snake moray,0,1,1,reef-associated,WaterAssumed,33.13,medium,harmless,no special ability,0.5
10220,Netuma thalassina,10543,185,3.5399999618530273,0.18799999356269836,0.007943280041217804,0.03310000151395798,3.069999933242798,0.022099999710917473,0.15000000596046448,30,99,10,195,2.16521253497453,7.40145978391615,22.1,26.8,28.3,benthic,144.9199981689453,-0.36314989634911393,27,8.727760314941406,2.775099992752075,1.88673996925354,0.5,High; decline threshold 0.99,5.3,fusiform / normal,0,FALSE,0,9.700737141417664,10.525664067449062,Netuma,Giant catfish,1,1,1,demersal,WaterAssumed,47.65,medium,traumatogenic,no special ability,0.625
10225,Halicampus macrorhynchus,10548,18,3.3499999046325684,0.4699999988079071,3.467370115686208e-4,0.1809999942779541,3.190000057220459,0.09549999982118607,0.8500000238418579,5,15,3,25,6.08164464156821,443.094568810977,25.2,28.4,29.3,benthic,17.889999389648438,-0.21,25,3.299999952316284,1.270050048828125,0.8999999761581421,0.5,High; decline threshold 0.99,28.3,eel-like,-1,FALSE,0,18,19,Halicampus,Ornate pipefish,0,0,1,reef-associated,WaterAssumed,15.77,unknown,harmless,no special ability,0.5001999735832214
10238,Benthosema pterotum,10561,7,3.140000104904175,0.27000001072883606,0.0064565399661660194,0.16200000047683716,2.950000047683716,0.08879999816417694,1.7000000476837158,42,145,10,300,3.51781906509612,84.0184602287331,16,24.5,28.1,benthic,5.739999771118164,-0.149949467715573,21,1.7250499725341797,0.7667319774627686,0.5991849899291992,0.5,High; decline threshold 0.99,19.8,fusiform / normal,0,FALSE,0,13,14,Benthosema,Skinnycheek lanternfish,0,0,1,benthopelagic,WaterAssumed,10,high,harmless,no special ability,0.5311999917030334
10276,Antennarius pictus,10599,30,4.429999828338623,0.75,0.026915300637483597,0.20999999344348907,2.9600000381469727,0.11500000208616257,0.7907100568395622,7,16,0,75,3.34827130367538,76.633517947513,25.1,28.3,29.3,pelagic,20.799999237060547,-0.3871348170422673,25,3.4668508144097623,1.7305098294564092,1.3742900889513314,0.5,"Please enter values for K, tmax.",9.4,short and / or deep,-1,FALSE,-1,12,13,Antennarius,Painted frogfish,0,0,1,reef-associated,WaterAssumed,16,unknown,harmless,no special ability,0.5001999735832214
10294,Ostorhinchus apogonoides,10615,10,3.5,0.5,0.010471300221979618,0.13300000131130219,3.2699999809265137,0.08370000123977661,0.9599999785423279,10,34,3,60,7.80476690006997,95.2320915949854,24.5,27.5,29.1,benthic,7.840000152587891,-0.22,25,2.9000000953674316,1.185829997062683,0.8999999761581421,0.5,High; decline threshold 0.99,15.8,elongated,-1,FALSE,0,9,9,Ostorhinchus,Short-tooth cardinal,0,0,1,reef-associated,WaterAssumed,14.21,high,harmless,no special ability,0.5
10296,Champsodon capensis,10617,14.199999809265137,4.199999809265137,0.7300000190734863,0.00616595009341836,0.15600000321865082,3.0399999618530273,0.09489999711513519,0.5868940521169298,92,265,30,552,7.07016181459436,44.5369615488232,8.8,15.1,21.2,pelagic,11.640000343322754,-0.29021011162782884,8,4.881035710949725,1.5551179443693042,1.2768613536552906,0.5,"Please enter values for K, tmax.",6.1,elongated,0,FALSE,0,19,20,Champsodon,Gaper,0,0,1,demersal,WaterAssumed,10,unknown,harmless,no special ability,0.5001999735832214
10297,Parapercis somaliensis,10618,15,3.4800000190734863,0.3799999952316284,0.006918310187757015,0.17499999701976776,3.059999942779541,0.09059999883174896,0.6299999952316284,88.3318934329839,62.679952724577525,23.32196499683483,350,7.74272707218976,102.372912168399,23.02253343285657,25.149538802025873,27.719158074351387,benthic,12.479999542236328,-0.31,25,4.5,1.7202399969100952,1.2999999523162842,0.5,High; decline threshold 0.99,14.3,elongated,0,FALSE,-1,21,21,Parapercis,Somali sandperch,0,0,1,demersal,WaterAssumed,22.42,unknown,harmless,no special ability,0.5
10305,Cyclichthys spilostylus,10627,34,3.4600000381469727,0.4099999964237213,0.04786299914121628,0.19900000095367432,2.819999933242798,0.1080000028014183,0.38999998569488525,12,47,3,90,5.5186548109225,317.591062361735,22.1,27.8,29,benthic,27.209999084472656,-0.4,25,7.300000190734863,2.0673699378967285,1.7999999523162842,0.5,High; decline threshold 0.99,8.7,short and / or deep,0,FALSE,0,11,13,Cyclichthys,Spotbase burrfish,0,0,1,reef-associated,WaterAssumed,30.5,unknown,harmless,no special ability,0.625
10329,Diaphus coeruleus,10652,16.709999084472656,3.8499999046325684,0.5680000185966492,0.008128300309181213,0.12600000202655792,2.9600000381469727,0.07819999754428864,0.3400000035762787,466,503,457,549,2.72237657764024,28.6219563105015,2.3,8.6,11,pelagic,13.699999809265137,-0.59,8,8.199999809265137,3.216249942779541,2.4000000953674316,0.5,High; decline threshold 0.99,5.8,elongated,-0.18054553659520528,FALSE,0,28.3926618120911,14.03069008130648,Diaphus,Blue lantern fish,0,0,1,bathypelagic,WaterAssumed,34.13,high,harmless,no special ability,0.5
10346,Diagramma punctatum,10669,40.869998931884766,3.5999999046325684,0.49000000953674316,0.019054599106311798,0.18199999630451202,2.950000047683716,0.0966000035405159,0.25999999046325684,4,16,1,30,6.55370638046594,86.4849722728383,19.7,28.4,29.1,benthic,33.5,-0.55,25,11.449999809265137,3.3017899990081787,2.9000000953674316,0.5,Medium; decline threshold 0.95,0,fusiform / normal,0,FALSE,-0.19160413600034432,12.385718472526966,12.94561269825493,Diagramma,Whitebarred wrasse,0,0,1,reef-associated,WaterAssumed,37.15,medium,harmless,no special ability,0.5625
10366,Lepidotrigla spiloptera,10688,18.790000915527344,3.450000047683716,0.33000001311302185,0.006606929935514927,0.16300000250339508,3.069999933242798,0.09139999747276306,0.4399999976158142,81,170,54,300,3.5578701552711,595.395900654784,17.8,22.4,26.9,benthic,15.399999618530273,-0.44,25,6.400000095367432,2.447629928588867,1.7999999523162842,0.5,High; decline threshold 0.99,14.1,short and / or deep,0,FALSE,0,15,16,Lepidotrigla,Spotwing gurnard,0,0,1,demersal,WaterAssumed,29.45,very high,harmless,no special ability,0.5
10513,Ariomma brevimanus,10835,80,3.680000066757202,0.5199999809265137,0.017782799899578094,0.10700000077486038,2.869999885559082,0.06759999692440033,0.3700000047683716,216,273,200,350,5.21207916495058,75.2205338608996,11.5,13.9,18.9,pelagic,65.5999984741211,-0.34,25,7.800000190734863,2.424489974975586,1.7000000476837158,0.5,High; decline threshold 0.99,10.6,fusiform / normal,-1,FALSE,0,15,15,Ariomma,Lavender jobfish,0,0,1,benthopelagic,WaterAssumed,35.26,unknown,harmless,no special ability,0.5156000256538391
10527,Sirembo jerdoni,10849,15.25,3.4000000953674316,0.5600000023841858,0.0010964799439534545,0.22300000488758087,3.0799999237060547,0.11900000274181366,0.8999999761581421,11,50,1,100,5.81767214860472,382.417005840191,24.3,27.8,29,benthic,12.5,-0.22,25,3.0999999046325684,1.2320300340652466,0.8999999761581421,0.5,High; decline threshold 0.99,16,eel-like,0,FALSE,0,33.11999011933916,32.56812471531313,Sirembo,Brown-banded cusk-eel,0,0,1,demersal,WaterAssumed,15.01,medium,harmless,no special ability,0.5156000256538391
10632,Pseudanthias fasciatus,10955,21,3.4000000953674316,0.44999998807907104,0.014125400222837925,0.18000000715255737,3,0.10000000149011612,0.4300000071525574,33,84,20,150,7.61026926158268,110.427085306918,21.9,26.6,28.1,pelagic,17.219999313354492,-0.42,25,6.599999904632568,2.4439499378204346,1.7999999523162842,0.5,High; decline threshold 0.99,11.7,fusiform / normal,0,FALSE,0,16,17,Pseudanthias,One-stripe anthias,0,0,1,reef-associated,WaterAssumed,27.93,very high,harmless,no special ability,0.5
10640,Ostichthys acanthorhinus,10963,13.65999984741211,3.6500000953674316,0.6000000238418579,0.017782799899578094,0.21199999749660492,3.0199999809265137,0.11400000005960464,1.25,246,383,200,600,4.66233094876282,174.343291356239,21.97194166167491,25.08920075031423,27.54814525181265,pelagic,11.199999809265137,-0.16,25,2.200000047683716,0.9033089876174927,0.699999988079071,0.5,High; decline threshold 0.99,17.1,short and / or deep,0,FALSE,0,11.113615590580638,11.336004415564895,Ostichthys,Spinesnout soldierfish,0,0,1,reef-associated,WaterAssumed,11.03,medium,harmless,no special ability,0.5
10662,Ateleopus natalensis,10985,60,3.9700000286102295,0.6299999952316284,0.0038904501125216484,0.17100000381469727,3.119999885559082,0.09000000357627869,0.6462282043605944,206,377,145,660,3.66911408278368,101.460279632863,9.6,13.9,16,pelagic,49.20000076293945,-0.43031013295805004,25,5.1529293279354755,1.7325249813871202,1.3083191407989991,0.5,"Please enter values for K, tmax.",21.1,elongated,0,FALSE,0,9,10,Ateleopus,Jelly-head fish,0,0,1,benthopelagic,WaterAssumed,28.28,unknown,harmless,no special ability,0.5314000248908997
10726,Minous coccineus,11049,10.5,3.700000047683716,0.6700000166893005,0.02290870063006878,0.20399999618530273,2.859999895095825,0.11100000143051147,0.5699999928474426,26,51,20,80,3.22090820316796,379.970239789307,23.6,27.5,28.6,pelagic,8.609999656677246,-0.37,25,4.900000095367432,1.9854700565338135,1.5,0.5,High; decline threshold 0.99,17.7,short and / or deep,0,FALSE,0,11,12,Minous,Onestick stingfish,0,0,1,demersal,WaterAssumed,23.8,unknown,venomous,no special ability,0.5
10728,Diploconger polystigmatus,11051,30,3.740000009536743,0.49000000953674316,6.165949744172394e-4,0.17299999296665192,3.190000057220459,0.09430000185966492,0.5299999713897705,56,122,37,215,4.31269734095526,138.959658656809,20.7,26.1,27.9,pelagic,24.600000381469727,-0.3,25,5.400000095367432,1.5052499771118164,1.399999976158142,0.5,High; decline threshold 0.99,9.4,eel-like,0,FALSE,0,109.76705022742928,48.01775374326851,Diploconger,Headband conger,0,0,1,demersal,WaterAssumed,25.3,medium,harmless,no special ability,1
10742,Teixeirichthys jordani,11065,14,3.4000000953674316,0.44999998807907104,0.013489600270986557,0.14800000190734863,3,0.08860000222921371,0.30000001192092896,5,13,4,20,7.86588415196786,110.427085306918,22.8,28,29.2,pelagic,11.479999542236328,-0.6729341584994424,25,8.82073974609375,3.5342400074005127,2.579430103302002,0.5,High; decline threshold 0.99,48,fusiform / normal,-1,TRUE,-1,11,13,Teixeirichthys,Jordan's damsel,0,0,1,reef-associated,WaterAssumed,32.28,unknown,harmless,no special ability,1
10804,Glaucostegus halavi,11127,223.32000732421875,4.070000171661377,0.6700000166893005,0.0038904501125216484,0.22699999809265137,3.049999952316284,0.11599999666213989,0.2199999988079071,10,50,0,100,3.5154252749784,94.707908377615,24.7,27.9,29.1,pelagic,183.1199951171875,-0.52,17,13.100000381469727,4.271480083465576,2.700000047683716,0.5,Medium; decline threshold 0.95,3.5,eel-like,0,FALSE,0,11.212314580839001,30.267051617194095,Glaucostegus,Halavi ray,0,0,1,benthopelagic,WaterAssumed,60.75,medium,harmless,electrosensing only,0.5019999742507935
10940,Apolemichthys xanthotis,11263,24.399999618530273,2.8299999237060547,0.1899999976158142,0.02951209992170334,0.18199999630451202,2.890000104904175,0.09849999845027924,0.25,12,23,10,35,11.751249300312,483.26241810131,24.6,27,29.3,benthic,20,-0.74,25,11.300000190734863,4.191279888153076,3,0.5,Medium; decline threshold 0.95,41,short and / or deep,-1,FALSE,0,16.500592874022445,18.00393440512566,Apolemichthys,Yellow-ear angelfish,0,0,1,reef-associated,WaterAssumed,39.53,high,harmless,no special ability,0.5019999742507935
10994,Parupeneus forsskali,11318,28,3.5399999618530273,0.25999999046325684,0.008912510238587856,0.10899999737739563,3.069999933242798,0.0689999982714653,0.5299999713897705,5,24,1,45,7.05894538780718,90.0690420277403,24.7,27.7,29.1,benthic,23.790000915527344,-0.43399113965966585,25,7.460750102996826,2.069309949874878,1.9163099527359009,0.5,High; decline threshold 0.99,9.3,fusiform / normal,0,FALSE,0,9,9,Parupeneus,Red Sea goatfish,0,1,1,reef-associated,WaterAssumed,30.37,medium,harmless,no special ability,0.5
11132,Genicanthus caudovittatus,11456,20,3.4000000953674316,0.44999998807907104,0.01122019998729229,0.17299999296665192,3.0399999618530273,0.08569999784231186,0.3100000023841858,9,36,2,70,7.64635654488324,110.427085306918,23.8,27.3,29.3,pelagic,13.829999923706055,-0.59,25,9.100000381469727,3.3868401050567627,2.5,0.5,High; decline threshold 0.99,41,fusiform / normal,0,FALSE,0,15,17,Genicanthus,Zebra angelfish,0,0,1,reef-associated,WaterAssumed,32.38,high,harmless,no special ability,0.5009999871253967
11194,Pomacanthus asfur,11519,40,2.680000066757202,0,0.028183799237012863,0.1979999989271164,2.890000104904175,0.09470000118017197,0.1599999964237213,5,17,3,30,17.4282561330362,827.583999131893,25,27.9,29.2,benthic,26.709999084472656,-0.97,25,17.799999237060547,5.135250091552734,4.300000190734863,0.5,Medium; decline threshold 0.95,7.9,short and / or deep,-1,FALSE,0,16.481647886984966,18.025701541826106,Pomacanthus,Arabian angelfish,0,0,1,reef-associated,WaterAssumed,48.21,high,harmless,no special ability,0.5001000165939331
11512,Albula glossodonta,11838,109.80000305175781,3.6700000762939453,0.30000001192092896,0.01288249995559454,0.1940000057220459,3.049999952316284,0.10300000011920929,0.18000000715255737,2,11,0,20,6.13657900961995,456.050195136698,24.6,28.1,29.3,benthic,90,-0.7325044410777976,25,15.934200286865234,4.910739898681641,3.5519399642944336,0.5,Medium; decline threshold 0.95,5.5,fusiform / normal,0,FALSE,0,15,19,Albula,Roundjaw bonefish,0,1,1,reef-associated,WaterAssumed,53.54,unknown,harmless,no special ability,0.5006999969482422
11713,Congresox talabonoides,12039,250,4.300000190734863,0.75,0.0027542300522327423,0.1469999998807907,2.880000114440918,0.0934000015258789,0.1599999964237213,807,838,800,875,3.37895931189382,82.8941913024756,5.4,6.8,11.7,pelagic,246.80999755859375,-0.6645030604818367,25,18.085500717163086,6.072249889373779,3.618760108947754,0.5,Medium; decline threshold 0.95,5.7,eel-like,0,FALSE,0,111.22986794234217,114.84120545057246,Congresox,Indian pike conger,0,1,1,bathydemersal,WaterAssumed,64.02,unknown,harmless,no special ability,0.75
11801,Bathygobius cyclopterus,12126,7.5,3.390000104904175,0.5299999713897705,0.010232900269329548,0.16699999570846558,3.009999990463257,0.09099999815225601,0.949999988079071,2,11,0,20,8.12360323477621,112.169124857551,24.2,28.2,29.3,benthic,6.110000133514404,-0.24,25,2.9000000953674316,1.2459100484848022,0.8999999761581421,0.5,High; decline threshold 0.99,48,fusiform / normal,0,FALSE,0,9,9,Bathygobius,Spotted frillgoby,0,1,1,reef-associated,WaterAssumed,14.21,very high,harmless,no special ability,0.5
11834,Amblyglyphidodon flavilatus,12160,10,2.7200000286102295,0.30000001192092896,0.023442300036549568,0.15600000321865082,2.9800000190734863,0.08879999816417694,0.6700000166893005,13,17,12,20,17.5301838535352,716.823194692873,24.8,27.4,29.3,pelagic,7.349999904632568,-0.32,25,4.199999809265137,1.6943199634552002,1.2999999523162842,0.5,High; decline threshold 0.99,62.1,short and / or deep,-1,TRUE,0,11,13,Amblyglyphidodon,Yellowfin damsel,0,0,1,reef-associated,WaterAssumed,21.46,unknown,harmless,no special ability,0.5005000233650208
11837,Amphiprion bicinctus,12163,14,2.680000066757202,0.30000001192092896,0.023442300036549568,0.15600000321865082,2.9800000190734863,0.08879999816417694,0.49000000953674316,4,16,1,30,19.7179820220882,827.583999131893,24.6,27.4,29.1,benthic,10.75,-0.4,25,5.699999809265137,2.2210099697113037,1.600000023841858,0.5,High; decline threshold 0.99,37.2,short and / or deep,-1,TRUE,-1,15,17,Amphiprion,Twoband anemonefish,0,0,1,reef-associated,WaterAssumed,25.42,unknown,harmless,no special ability,0.5
11861,Pycnochromis dimidiatus,12187,9,2.680000066757202,0.30000001192092896,0.020893000066280365,0.1770000010728836,2.9800000190734863,0.09520000219345093,0.7300000190734863,4,19,1,36,20.1870450868854,827.583999131893,24.8,27.5,29.1,pelagic,7.380000114440918,-0.3,25,3.799999952316284,1.5990300178527832,1.2000000476837158,0.5,High; decline threshold 0.99,19.5,short and / or deep,-1,TRUE,0,11,12,Pycnochromis,Chocolatedip chromis,0,0,1,reef-associated,WaterAssumed,19.5,unknown,harmless,no special ability,0.5
12023,Zebrasoma xanthurum,12349,36.70000076293945,2,0,0.02290870063006878,0.16500000655651093,2.9700000286102295,0.0860000029206276,0.3799999952316284,2,20,0,20,126.593185202537,7174.0628815569,24.8,27.1,29.2,benthic,31.09000015258789,-0.41,25,7.5,2.1348299980163574,1.7999999523162842,0.5,High; decline threshold 0.99,20.9,short and / or deep,-0.501378517165543,FALSE,0,21.807499768607908,24.769972136929155,Zebrasoma,Yellowtail tang,0,0,1,reef-associated,WaterAssumed,31.08,medium,harmless,no special ability,0.5077999830245972
12085,Synanceia nana,12411,13.5,3.809999942779541,0.6899999976158142,0.019054599106311798,0.20800000429153442,3.009999990463257,0.1120000034570694,0.44999998807907104,5,12,4,18,3.0197536050949,337.56032910115,25.1,27.9,29.3,pelagic,11.069999694824219,-0.45,25,6.199999809265137,2.437299966812134,1.7999999523162842,0.5,High; decline threshold 0.99,15.3,short and / or deep,0,FALSE,0,9.777590171271148,10.687976566288464,Synanceia,Red Sea stonefish,0,0,1,demersal,WaterAssumed,27.08,unknown,venomous,no special ability,0.5156000256538391
12274,Chaetodon fasciatus,12600,22,3.3399999141693115,0.6100000143051147,0.02290870063006878,0.15700000524520874,3,0.0860000029206276,0.949999988079071,4,14,2,25,7.63339799525213,121.690915923729,24.7,27.2,29.2,benthic,18.290000915527344,-0.18970163079204871,25,2.780600070953369,1.087399959564209,0.7986419796943665,0.5,High; decline threshold 0.99,14.7,short and / or deep,-0.7938801231951453,TRUE,0,18.63867145763513,20.400544077643996,Chaetodon,Diagonal butterflyfish,0,0,1,reef-associated,WaterAssumed,14.44,unknown,harmless,no special ability,0.5
12287,Chaetodon larvatus,12613,12,3.380000114440918,0.5899999737739563,0.023988299071788788,0.10999999940395355,3.0299999713897705,0.07259999960660934,0.8799999952316284,4,8,3,12,7.96572054128193,113.960964561367,24.8,28,29.2,benthic,9.699999809265137,-0.20300422208574706,25,2.681610107421875,1.1007299423217773,0.8313810229301453,0.5,High; decline threshold 0.99,14.4,short and / or deep,-1,FALSE,0,18.34681813191773,19.749759643551876,Chaetodon,Hooded butterflyfish,0,0,1,reef-associated,WaterAssumed,13.29,unknown,harmless,no special ability,0.5
12296,Chaetodon paucifasciatus,12622,14,3.1700000762939453,0.3799999952316284,0.02290870063006878,0.15700000524520874,3,0.0860000029206276,1.190000057220459,10,35,4,65,8.03071993881123,170.724964799597,23.6,26.9,29.4,benthic,12,-0.17809405644686865,25,2.342910051345825,0.9666489958763123,0.7270429730415344,0.5,High; decline threshold 0.99,63.5,short and / or deep,-0.6028430368049933,TRUE,0,18.87656985499019,20.664500581376668,Chaetodon,Eritrean butterflyfish,0,0,1,reef-associated,WaterAssumed,11.74,unknown,harmless,no special ability,0.5
12300,Chaetodon semilarvatus,12626,23,3.5,0.3700000047683716,0.02290870063006878,0.15700000524520874,3,0.0860000029206276,0.8199999928474426,4,12,3,20,7.34054117874868,95.2320915949854,24.7,27.3,29.3,benthic,19.420000076293945,-0.21559396888605148,25,3.3138198852539063,1.2644599676132202,0.9275060296058655,0.5,High; decline threshold 0.99,13.1,short and / or deep,-0.793543102675469,TRUE,0,18.937365770731166,20.715663795361962,Chaetodon,Bluecheek butterflyfish,0,0,1,reef-associated,WaterAssumed,16.68,unknown,harmless,no special ability,0.5
12309,Heniochus intermedius,12634,18,3.450000047683716,0.4099999964237213,0.022387199103832245,0.1550000011920929,3.009999990463257,0.08789999783039093,0.7200000286102295,7,27,3,50,7.6339624345402,102.372912168399,24.7,27,29.4,benthic,15.029999732971191,-0.25,25,3.9000000953674316,1.4972800016403198,1.100000023841858,0.5,High; decline threshold 0.99,12.8,short and / or deep,-1,FALSE,0,21.517178222541784,24.48674414325559,Heniochus,Red Sea bannerfish,0,0,1,reef-associated,WaterAssumed,19.64,unknown,harmless,no special ability,0.5038999915122986
12415,Lestidiops jayakari,12744,20,4.230000019073486,0.6600000262260437,0.001348959980532527,0.14300000667572021,3.140000104904175,0.09070000052452087,0.699999988079071,300,600,50,2000,3.39911505466969,86.2878150058314,6.9,9.9,14.6,pelagic,16.399999618530273,-0.25,8,4,1.5111700296401978,1.100000023841858,0.5,High; decline threshold 0.99,7.6,elongated,0,FALSE,0,9,10,Lestidiops,Pacific barracudina,0,0,1,bathypelagic,WaterAssumed,20.19,unknown,harmless,no special ability,0.5
12428,Chromis pelloura,12757,14,2.7200000286102295,0.3100000023841858,0.01819700002670288,0.17599999904632568,3,0.09049999713897705,0.49000000953674316,35,56,30,80,17.2034895771892,716.823194692873,19.8,23.1,24.7,benthic,11.479999542236328,-0.4,25,5.699999809265137,2.2210099697113037,1.600000023841858,0.5,High; decline threshold 0.99,14.9,short and / or deep,-1,TRUE,-1,13,14,Chromis,Duskytail chromis,0,0,1,reef-associated,WaterAssumed,25.42,unknown,harmless,no special ability,0.5
12429,Chromis pembae,12758,13,2.6700000762939453,0.28999999165534973,0.01819700002670288,0.17599999904632568,3,0.09049999713897705,0.5199999809265137,15,32,12,50,20.5150377088557,857.74447613538,25.1,27.1,29.3,benthic,10.65999984741211,-0.39,25,5.400000095367432,2.115600109100342,1.600000023841858,0.5,High; decline threshold 0.99,15.6,short and / or deep,-1,TRUE,-1,11,12,Chromis,Pemba chromis,0,0,1,reef-associated,WaterAssumed,24.75,unknown,harmless,no special ability,0.5
12432,Chromis trialpha,12761,6,2.680000066757202,0.30000001192092896,0.0123027004301548,0.17599999904632568,3.0299999713897705,0.09740000218153,1.0700000524520874,7,27,3,50,20.4734314636612,827.583999131893,24.8,28.1,29.3,benthic,4.920000076293945,-0.23,25,2.5999999046325684,1.1404099464416504,0.8999999761581421,0.5,High; decline threshold 0.99,24.7,fusiform / normal,-1,TRUE,0,10,11,Chromis,Trispot chromis,0,0,1,reef-associated,WaterAssumed,12.93,unknown,harmless,no special ability,0.5
12438,Amblypomacentrus annulatus,12766,8,2.75,0.3100000023841858,0.014454400166869164,0.18400000035762787,3,0.10199999809265137,0.8199999928474426,0,1,0,2,16.04654818061,643.453928820183,24.7,27.5,29.1,benthic,6.559999942779541,-0.28,25,3.4000000953674316,1.4392999410629272,1.100000023841858,0.5,High; decline threshold 0.99,52.1,fusiform / normal,-1,TRUE,-1,12,13,Amblypomacentrus,Footballer demoiselle,0,0,1,reef-associated,WaterAssumed,16.55,unknown,harmless,no special ability,0.5156000256538391
12461,Neopomacentrus miryae,12790,12.5,3.4000000953674316,0.44999998807907104,0.014454400166869164,0.18400000035762787,3,0.10199999809265137,0.5400000214576721,4,14,2,25,7.97767568489573,110.427085306918,24.9,27.5,29.1,pelagic,10.699999809265137,-0.38,25,5.199999809265137,2.040060043334961,1.5,0.5,High; decline threshold 0.99,16,fusiform / normal,-1,TRUE,0,11,13,Neopomacentrus,Miry's demoiselle,0,0,1,reef-associated,WaterAssumed,24.31,unknown,harmless,no special ability,0.5
12464,Neopomacentrus xanthurus,12793,6,3.4000000953674316,0.44999998807907104,0.014454400166869164,0.18400000035762787,3,0.10199999809265137,1.0700000524520874,2,9,1,15,8.16724753608216,110.427085306918,24.9,28.1,29.3,pelagic,4.920000076293945,-0.23,25,2.5999999046325684,1.1404099464416504,0.8999999761581421,0.5,High; decline threshold 0.99,24.7,fusiform / normal,-1,TRUE,0,10,12,Neopomacentrus,Red Sea demoiselle,0,0,1,reef-associated,WaterAssumed,12.93,unknown,harmless,no special ability,0.5
12478,Pomacentrus albicaudatus,12807,10.199999809265137,2.619999885559082,0.2800000011920929,0.024547100067138672,0.16300000250339508,2.9800000190734863,0.08820000290870667,0.6499999761581421,2,7,1,12,25.3220432370917,1024.57898228555,24.6,27.4,29,benthic,8.5,-0.33,25,4.300000190734863,1.7337599992752075,1.2999999523162842,0.5,High; decline threshold 0.99,45.1,short and / or deep,-1,TRUE,0,14,15,Pomacentrus,Whitefin damsel,0,0,1,reef-associated,WaterAssumed,21.88,unknown,harmless,no special ability,0.5
12480,Pomacentrus aquilus,12809,12,2.7300000190734863,0.3100000023841858,0.024547100067138672,0.16300000250339508,2.9800000190734863,0.08820000290870667,0.5600000023841858,1,8,0,15,16.8007503647031,691.48316774742,25,27.5,29.1,benthic,9.229999542236328,-0.37,25,5,1.9711999893188477,1.5,0.5,High; decline threshold 0.99,40.9,short and / or deep,-1,TRUE,0,13,15,Pomacentrus,Dark damsel,0,0,1,reef-associated,WaterAssumed,23.99,unknown,harmless,no special ability,0.5
12494,Pomacentrus leptus,12824,7,2.690000057220459,0.30000001192092896,0.014454400166869164,0.18400000035762787,3,0.10199999809265137,0.9300000071525574,2,6,1,10,19.6839019778272,798.435480354522,26.6,27.9,29.2,benthic,5.53000020980835,-0.25,25,3,1.2845300436019897,1,0.5,High; decline threshold 0.99,22.7,fusiform / normal,-1,TRUE,0,13,14,Pomacentrus,Slender damsel,0,0,1,reef-associated,WaterAssumed,14.62,unknown,harmless,no special ability,0.5
12503,Pomacentrus sulfureus,12833,11,2.6600000858306885,0.28999999165534973,0.014454400166869164,0.18400000035762787,3,0.10199999809265137,0.6100000143051147,1,3,1,5,23.8642810743348,988.987813488816,26.3,27.5,29.2,pelagic,8.449999809265137,-0.34,25,4.599999904632568,1.8506300449371338,1.399999976158142,0.5,High; decline threshold 0.99,43.2,fusiform / normal,-1,TRUE,0,13,15,Pomacentrus,Sulphur damsel,0,0,1,reef-associated,WaterAssumed,22.93,unknown,harmless,no special ability,0.5
12504,Pomacentrus trichrourus,12834,11,2.680000066757202,0.30000001192092896,0.024547100067138672,0.16300000250339508,2.9800000190734863,0.08820000290870667,0.6100000143051147,5,23,1,43,19.9982179617368,827.583999131893,24.7,27.2,29.3,benthic,8.5600004196167,-0.34,25,4.599999904632568,1.8506300449371338,1.399999976158142,0.5,High; decline threshold 0.99,17.3,short and / or deep,-1,TRUE,0,14,16,Pomacentrus,Paletail damsel,0,0,1,reef-associated,WaterAssumed,22.93,unknown,harmless,no special ability,0.5
12505,Pomacentrus trilineatus,12835,10,2.640000104904175,0.28999999165534973,0.024547100067138672,0.16300000250339508,2.9800000190734863,0.08820000290870667,0.6700000166893005,0,2,0,4,23.135780069528,954.535517985437,25.5,28.4,29.2,benthic,8.199999809265137,-0.32,25,4.199999809265137,1.6943199634552002,1.2999999523162842,0.5,High; decline threshold 0.99,45.6,short and / or deep,-1,TRUE,0,14,15,Pomacentrus,Threeline damsel,0,0,1,reef-associated,WaterAssumed,21.46,unknown,harmless,no special ability,0.5
12507,Pristotis cyanostigma,12837,11,2.700000047683716,0.30000001192092896,0.014454400166869164,0.18400000035762787,3,0.10199999809265137,0.6100000143051147,5,8,5,10,15.821964771473,643.453928820183,27.2,28.1,29.2,pelagic,9.020000457763672,-0.34,25,4.599999904632568,1.8506300449371338,1.399999976158142,0.5,High; decline threshold 0.99,43.2,fusiform / normal,-1,TRUE,0,11,12,Pristotis,Bluedotted damsel,0,0,1,reef-associated,WaterAssumed,22.93,unknown,harmless,no special ability,0.75
12530,Roa jayakari,12861,16,3.869999885559082,0.4000000059604645,0.022387199103832245,0.1550000011920929,3.009999990463257,0.08789999783039093,0.800000011920929,60,149,33,280,7.86487147525579,125.944936916809,18.3,22.8,25.8,benthic,13.119999885559082,-0.23,25,3.5,1.3630599975585938,1,0.5,High; decline threshold 0.99,13.8,short and / or deep,0,FALSE,0,22,24,Roa,Indian golden-barred butterflyfish,0,0,1,reef-associated,WaterAssumed,16.49,unknown,harmless,no special ability,0.5038999915122986
12533,Chaetodon melapterus,12864,13,3.3399999141693115,0.6100000143051147,0.02290870063006878,0.15700000524520874,3,0.0860000029206276,1.4199999570846558,5,26,0,50,7.964632156156,121.690915923729,25.2,27.1,29.3,benthic,10.8100004196167,-0.1393446911821189,25,1.973330020904541,0.7898100018501282,0.5861769914627075,0.5,High; decline threshold 0.99,16.3,short and / or deep,-1,TRUE,0,19,21,Chaetodon,Arabian butterflyfish,0,0,1,reef-associated,WaterAssumed,10,unknown,harmless,no special ability,0.5
11985,Dascyllus marginatus,12872,6,2.690000057220459,0.30000001192092896,0.020893000066280365,0.1770000010728836,2.9800000190734863,0.09520000219345093,1.0700000524520874,2,9,1,15,19.7765286421205,798.435480354522,24.5,27.3,29.1,benthic,4.869999885559082,-0.23,25,2.5999999046325684,1.1404099464416504,0.8999999761581421,0.5,High; decline threshold 0.99,24.7,short and / or deep,-1,FALSE,0,14,15,Dascyllus,Marginate dascyllus,0,0,1,reef-associated,WaterAssumed,12.93,unknown,harmless,no special ability,0.5005000233650208
12578,Glaucostegus thouin,12923,300,3.5,0.3700000047683716,0.003467370057478547,0.19699999690055847,3.0999999046325684,0.10899999737739563,0.17000000178813934,7,31,1,60,5.32724181434293,279.228414881974,24.8,28.1,29.1,benthic,246,-0.53,25,17.100000381469727,6.107679843902588,3.200000047683716,0.5,Medium; decline threshold 0.95,2.4,eel-like,0,FALSE,0,7.88875619923857,23.456370134957286,Glaucostegus,Thouin ray,0,0,1,benthopelagic,WaterAssumed,63.36,low,harmless,electrosensing only,0.5019999742507935
12586,Urogymnus granulatus,12931,199.6699981689453,4.070000171661377,0.6399999856948853,0.010232900269329548,0.16500000655651093,3.059999942779541,0.09969999641180038,0.5544742552697186,9,43,1,85,0.565194794199196,85.295943943065,25.5,27.7,28.8,benthic,163.72999572753906,-0.6223877644111002,25,11.252602579233585,3.587866396904899,2.3332563134373028,0.5,"Please enter values for K, tmax.",3.7,other,0,FALSE,0,5.911851176324028,6.444152439166934,Urogymnus,Mangrove whipray,0,1,1,reef-associated,WaterAssumed,85.62,low,traumatogenic,no special ability,0.5156000256538391
12587,Pateobatis fai,12932,183,3.740000009536743,0.5699999928474426,0.010232900269329548,0.16500000655651093,3.059999942779541,0.09969999641180038,0.7360146306852211,22,95,0,200,0.628577601212195,117.73807965987,23.7,26.7,28.2,benthic,183,-0.4826155659716502,25,7.687108646736614,2.5459587152930787,2.062622674675544,0.5,"Please enter values for K, tmax.",3.2,other,0,FALSE,0,26.932144462297295,29.30915360362933,Pateobatis,Pink whipray,0,0,1,reef-associated,WaterAssumed,70.33,low,venomous,no special ability,0.5311999917030334
12596,Myripristis chryseres,12940,25,4.039999961853027,0.6700000166893005,0.019054599106311798,0.1720000058412552,3.0299999713897705,0.08990000188350677,0.7200000286102295,30,235,12,350,3.55397792164304,96.5177672147725,14.2,24.2,28.1,pelagic,20.09000015258789,-0.23,25,3.9000000953674316,1.0855300426483154,1,0.5,High; decline threshold 0.99,10.5,fusiform / normal,-1,FALSE,0,13,16,Myripristis,Yellowfin soldierfish,0,0,1,benthopelagic,WaterAssumed,20.25,medium,harmless,no special ability,0.5
12597,Aetomylaeus milvus,12941,137.5,3.819999933242798,0.5199999809265137,0.0038904501125216484,0.2549999952316284,3.0899999141693115,0.12999999523162842,0.20000000298023224,10,50,0,100,0.706588668525788,113.933927532236,24.7,28.1,29.1,benthic,112.75,-0.81,25,14.199999809265137,4.002669811248779,3.5999999046325684,0.5,Medium; decline threshold 0.95,8.9,short and / or deep,-0.18780559132417632,FALSE,0,36.661523154195315,21.819187208320404,Aetomylaeus,Ornate eagle ray,0,0,1,benthopelagic,WaterAssumed,62.41,medium,traumatogenic,no special ability,0.5038999915122986
12599,Aetomylaeus vespertilio,12944,137.5,3.819999933242798,0.5199999809265137,0.0038904501125216484,0.2549999952316284,3.0899999141693115,0.12999999523162842,0.20000000298023224,12,55,1,110,0.706588668525788,113.933927532236,24.9,28.1,29.1,benthic,112.75,-0.47,25,14.5,5.074679851531982,2.799999952316284,0.5,Medium; decline threshold 0.95,5.9,eel-like,0,FALSE,0,10.39210115532943,28.391724864849397,Aetomylaeus,Ornate eagle ray,0,0,1,benthopelagic,WaterAssumed,59.68,medium,harmless,no special ability,0.5038999915122986
12600,Aetobatus ocellatus,12945,131.9499969482422,3.640000104904175,0.550000011920929,0.009999999776482582,0.31299999356269836,3.0399999618530273,0.11900000274181366,0.2829333725404674,20,25,1,100,0.72250666939315,141.30255603691,24.8,28,29,benthic,108.19999694824219,-0.5873929836201853,25,11.949600215082992,4.441875210990164,3.411098303440422,0.5,"Please enter values for K, tmax.",2.2,other,0,FALSE,0,26.897825641923315,27.596283430187725,Aetobatus,Ocellated eagle ray,0,1,1,benthopelagic,WaterAssumed,79.17,medium,traumatogenic,no special ability,0.5625
12615,Valenciennea wardii,12962,18.299999237060547,3.180000066757202,0.27000001072883606,0.0074130999855697155,0.16899999976158142,3.0899999141693115,0.09019999951124191,0.41999998688697815,5,20,5,88,7.85624049000081,166.790149576843,22.6,28,29,benthic,15,-0.47,25,6.699999809265137,2.575350046157837,1.899999976158142,0.5,High; decline threshold 0.99,31.5,elongated,0,FALSE,0,11,12,Valenciennea,Ward's sleeper,0,0,1,reef-associated,WaterAssumed,30.38,very high,harmless,no special ability,0.5
12619,Heteroconger hassi,12965,45,3.3499999046325684,0.4399999976158142,0.001023289980366826,0.17499999701976776,3.059999942779541,0.08959999680519104,0.36000001430511475,6,26,1,50,6.13657900961995,456.050195136698,25.4,28,29,pelagic,44.77000045776367,-0.41,25,7.900000095367432,2.3125500679016113,1.899999976158142,0.5,High; decline threshold 0.99,16.3,eel-like,0,FALSE,0,449,540,Heteroconger,Spotted garden-eel,0,0,1,reef-associated,WaterAssumed,32.69,medium,harmless,no special ability,0.5
12620,Synodus dermatogenys,12966,24,4.199999809265137,0.7300000190734863,0.0064565399661660194,0.10100000351667404,3.2100000381469727,0.06719999760389328,0.6800000071525574,10,46,1,91,3.41168099670232,87.781415273917,24.3,27.5,28.8,pelagic,21.290000915527344,-0.25,25,4.199999809265137,1.1298099756240845,1.100000023841858,0.5,High; decline threshold 0.99,10,elongated,-1,FALSE,0,11,13,Synodus,Sand lizardfish,0,0,1,reef-associated,WaterAssumed,21.47,medium,harmless,no special ability,0.5
12629,Cheilodipterus novemstriatus,12973,8,3.6500000953674316,0.6200000047683716,0.01122019998729229,0.13300000131130219,3.0899999141693115,0.0786999985575676,1.1799999475479126,6,26,1,50,7.36780432477751,78.0188559715687,25.1,27.6,29.2,benthic,6.460000038146973,-0.19,25,2.4000000953674316,1.004770040512085,0.800000011920929,0.5,High; decline threshold 0.99,43.8,fusiform / normal,0,FALSE,0,10.590675981254762,10.789236156181214,Cheilodipterus,Indian Ocean twospot cardinalfish,0,0,1,demersal,WaterAssumed,12.01,high,harmless,no special ability,0.5
12630,Cheilodipterus lachneri,12975,14.640000343322754,3.930000066757202,0.6700000166893005,0.01148150023072958,0.13699999451637268,3.200000047683716,0.08079999685287476,0.6800000071525574,2,11,0,20,6.440325009593,57.948372758009,25.5,27.6,29.1,benthic,12,-0.3,25,4.099999904632568,1.6280499696731567,1.2000000476837158,0.5,High; decline threshold 0.99,31.4,fusiform / normal,0,FALSE,0,9.573639083342181,9.958565553700954,Cheilodipterus,Aqaba Cardinalfish,0,0,1,reef-associated,WaterAssumed,21.31,high,harmless,no special ability,0.5
12634,Ecsenius frontalis,12978,8,2,0,0.0074130999855697155,0.14000000059604645,2.950000047683716,0.08309999853372574,0.8399999737739563,5,16,3,27,145.025887298057,7174.0628815569,24.6,27.4,29.3,benthic,6.610000133514404,-0.27,25,3.299999952316284,1.4083600044250488,1.100000023841858,0.5,High; decline threshold 0.99,52.7,elongated,0,FALSE,0,18,21,Ecsenius,Smooth-fin blenny,0,0,1,reef-associated,WaterAssumed,16.21,unknown,harmless,no special ability,0.5
12635,Ecsenius gravieri,12979,8,2,0,0.00758578022941947,0.17399999499320984,3,0.09589999914169312,0.8399999737739563,5,26,0,50,145.025887298057,7174.0628815569,24.8,27.2,29.4,benthic,5.380000114440918,-0.27,25,3.299999952316284,1.4083600044250488,1.100000023841858,0.5,High; decline threshold 0.99,52.1,elongated,0,FALSE,-1,16,19,Ecsenius,Red Sea mimic blenny,0,0,1,reef-associated,WaterAssumed,16.21,unknown,harmless,no special ability,0.5
12641,Meiacanthus nigrolineatus,12985,9.5,3.4000000953674316,0.44999998807907104,0.010471300221979618,0.19499999284744263,3.0799999237060547,0.10599999874830246,0.7099999785423279,5,26,0,50,8.03410926258929,110.427085306918,24.6,27.2,29.3,pelagic,7.369999885559082,-0.31,25,3.9000000953674316,1.6286499500274658,1.2000000476837158,0.5,High; decline threshold 0.99,64.3,fusiform / normal,0,FALSE,0,19.746871506750708,21.00174946629742,Meiacanthus,Blackline fangblenny,0,0,1,reef-associated,WaterAssumed,20.07,unknown,venomous,no special ability,0.5
12653,Pseudochromis pesi,12997,10,3.5399999618530273,0.49000000953674316,0.01148150023072958,0.19499999284744263,2.950000047683716,0.10599999874830246,0.75,10,45,10,45,7.68577718263539,90.0690420277403,23.5,26.7,29.4,benthic,8.199999809265137,-0.28,25,3.700000047683716,1.5194599628448486,1.100000023841858,0.5,High; decline threshold 0.99,62.1,short and / or deep,-0.21293116901373774,FALSE,0,18.24344781824554,9.000000000000002,Pseudochromis,Pale dottyback,0,0,1,reef-associated,WaterAssumed,18.58,unknown,harmless,no special ability,0.5
12655,Calloplesiops altivelis,13001,20,3.9700000286102295,0.6499999761581421,0.019952600821852684,0.17499999701976776,3.009999990463257,0.09049999713897705,0.3400000035762787,3,45,3,110,6.2815961179181,55.8353781533746,24.9,27.8,29,pelagic,13.130000114440918,-0.54,25,8.300000190734863,3.085939884185791,2.200000047683716,0.5,High; decline threshold 0.99,12,short and / or deep,0,FALSE,0,8,10,Calloplesiops,Comet,0,0,1,reef-associated,WaterAssumed,31.13,unknown,harmless,no special ability,0.75
12658,Apogonichthyoides timorensis,13003,9,3.4200000762939453,0.47999998927116394,0.01819700002670288,0.12999999523162842,3.1500000953674316,0.0786999985575676,1.059999942779541,2,9,1,15,8.03806380507702,108.73198473561,24.6,28.3,29.3,benthic,7.619999885559082,-0.2,25,2.5999999046325684,1.1078200340270996,0.800000011920929,0.5,High; decline threshold 0.99,31.7,short and / or deep,0,FALSE,0,9,9,Apogonichthyoides,Timor cardinalfish,0,0,1,reef-associated,WaterAssumed,12.93,high,harmless,no special ability,0.5
12663,Halichoeres hortulanus,13008,27,3.4000000953674316,0.41999998688697815,0.00954992976039648,0.11999999731779099,3.0799999237060547,0.07509999722242355,0.7200000286102295,1,30,0,40,7.3966630034215,110.427085306918,24.8,27.6,29,benthic,23.6299991607666,-0.2265149740568449,28,3.940150022506714,1.0902400016784668,1.0233399868011475,0.5,High; decline threshold 0.99,10.8,fusiform / normal,-1,FALSE,0,11,11,Halichoeres,Checkerboard wrasse,0,0,1,reef-associated,WaterAssumed,20.73,very high,harmless,no special ability,0.5
12678,Gunnellichthys monostigma,13015,18.299999237060547,3.299999952316284,0.4099999964237213,0.0038904501125216484,0.17100000381469727,3.119999885559082,0.09000000357627869,1.7277913463796315,6,20,1,20,7.78911764207361,130.50373732414,25.8,27.7,28.9,benthic,15,-0.15242859338366632,25,1.7652041596903891,0.7805781959937637,0.5999879800678907,0.5,"Please enter values for K, tmax.",14.3,elongated,0,FALSE,0,39,42,Gunnellichthys,Onespot wormfish,0,0,1,reef-associated,WaterAssumed,10,unknown,harmless,no special ability,0.5077999830245972
12679,Cryptocentrus fasciatus,13016,14,3.380000114440918,0.3499999940395355,0.0074130999855697155,0.16899999976158142,3.0899999141693115,0.09019999951124191,0.5400000214576721,5,15,5,20,7.83534067787776,107.08122617311,25.4,28.5,29.3,benthic,10.899999618530273,-0.37,25,5.199999809265137,2.0083200931549072,1.5,0.5,High; decline threshold 0.99,14.9,elongated,0,FALSE,0,10,10,Cryptocentrus,Y-bar shrimp goby,0,0,1,reef-associated,WaterAssumed,24.31,very high,harmless,no special ability,0.5
12699,Amblyeleotris sungami,13035,10,3.309999942779541,0.3499999940395355,0.0074130999855697155,0.16899999976158142,3.0899999141693115,0.09019999951124191,0.7300000190734863,5,26,0,50,8.0702288860007,119.667034845107,24.1,27.3,29.2,benthic,7.170000076293945,-0.29,25,3.799999952316284,1.5587600469589233,1.2000000476837158,0.5,High; decline threshold 0.99,18.2,elongated,-1,FALSE,0,13.561782600002646,14.51526184556569,Amblyeleotris,Magnus' prawn-goby,0,0,1,reef-associated,WaterAssumed,19.5,very high,harmless,no special ability,0.5
12738,Pseudochromis flavivertex,13068,7.199999809265137,3.5,0.5,0.009999999776482582,0.16099999845027924,2.9200000762939453,0.09570000320672989,1.0099999904632568,2,30,2,30,7.90808812920002,95.2320915949854,24.6,27.2,29.3,benthic,5.900000095367432,-0.23,25,2.700000047683716,1.1686300039291382,0.8999999761581421,0.5,High; decline threshold 0.99,21.9,short and / or deep,-0.3996165489473397,FALSE,0,22.504079907185393,22.853932243670105,Pseudochromis,Sunrise dottyback,0,0,1,reef-associated,WaterAssumed,13.37,unknown,harmless,no special ability,0.5
12741,Pseudochromis fridmani,13070,6.300000190734863,3.5,0.5,0.004897790029644966,0.21199999749660492,3.109999895095825,0.11500000208616257,1.149999976158142,1,60,1,60,7.94157354536972,95.2320915949854,23.7,26.7,29.3,benthic,5.170000076293945,-0.21,25,2.4000000953674316,1.0618799924850464,0.800000011920929,0.5,High; decline threshold 0.99,24.1,fusiform / normal,0,FALSE,0,9.778009466085017,10.364657877468362,Pseudochromis,Orchid dottyback,0,0,1,reef-associated,WaterAssumed,12.01,unknown,harmless,no special ability,0.5
12742,Pectinochromis lubbocki,13071,4.150000095367432,3.259999990463257,0.5199999809265137,0.01122019998729229,0.17299999296665192,3.0399999618530273,0.08569999784231186,1.690000057220459,52,54,52,55,8.34067467718144,140.698533931987,25.163345981908876,27.698341385444113,28.920181992776026,benthic,3.4000000953674316,-0.16,25,1.600000023841858,0.7843869924545288,0.6000000238418579,0.5,High; decline threshold 0.99,34.9,elongated,-0.2241083575889673,FALSE,0,24.720911612612557,27.791850531255175,Pectinochromis,Shortpouch pygmy pipehorse,0,0,1,reef-associated,WaterAssumed,10,unknown,harmless,no special ability,1
12743,Ostracion cyanurus,13072,15,3.1700000762939453,0.3499999940395355,0.01122019998729229,0.17299999296665192,3.0399999618530273,0.08569999784231186,1.8212865528146502,5,26,0,50,6.74368327687781,607.352211984254,24.7,27.1,29.3,benthic,12.5,-0.1519051838084715,25,1.6172056354807554,0.74619738215169,0.5588013667439354,0.5,"Please enter values for K, tmax.",14.3,fusiform / normal,-0.17714101214462663,FALSE,0,9.209461244277495,9.418940025265655,Ostracion,Bluetail trunkfish,0,0,1,reef-associated,WaterAssumed,10,high,harmless,no special ability,0.5019999742507935
12748,Cryptocentrus caeruleopunctatus,13077,13,3.359999895095825,0.3499999940395355,0.0074130999855697155,0.16899999976158142,3.0899999141693115,0.09019999951124191,0.5699999928474426,2,15,0,20,7.88833147855178,108.73198473561,24.8,27.7,29.2,benthic,9.890000343322754,-0.35,25,4.900000095367432,1.9358099699020386,1.399999976158142,0.5,High; decline threshold 0.99,15.6,elongated,0,FALSE,0,13.066364009903547,13.668237047038023,Cryptocentrus,Harlequin prawn-goby,0,0,1,reef-associated,WaterAssumed,23.67,very high,harmless,no special ability,0.5
12754,Trimma tevegae,13083,4.5,3,0,0.010232900269329548,0.16699999570846558,3.009999990463257,0.09099999815225601,1.5299999713897705,10,40,1,50,9.32683417822904,272.572962744487,26.2,27.9,28.9,benthic,3.6700000762939453,-0.17,25,1.7999999523162842,0.8368269801139832,0.6000000238418579,0.5,High; decline threshold 0.99,29.4,fusiform / normal,0,FALSE,0,8,9,Trimma,Tevegae pygmygoby,0,0,1,reef-associated,WaterAssumed,10,very high,harmless,no special ability,0.5
12767,Scorpaenopsis barbata,13095,26.84000015258789,4.199999809265137,0.7599999904632568,0.01288249995559454,0.16099999845027924,3.0199999809265137,0.08889999985694885,0.23000000417232513,3,16,0,30,2.92814724094359,214.224170895353,24.9,27.4,29.1,pelagic,22,-0.78,25,12.300000190734863,4.539830207824707,3.299999952316284,0.5,Medium; decline threshold 0.95,25,fusiform / normal,0,FALSE,0,9,9,Scorpaenopsis,Bearded scorpionfish,0,0,1,reef-associated,WaterAssumed,41.19,high,harmless,no special ability,0.5
12776,Pseudanthias taeniatus,13105,13,3.4000000953674316,0.44999998807907104,0.014125400222837925,0.18000000715255737,3,0.10000000149011612,0.6700000166893005,20,40,10,40,7.90299187218674,110.427085306918,22.2,26.5,29.4,pelagic,9.979999542236328,-0.3,25,4.199999809265137,1.6446499824523926,1.2000000476837158,0.5,High; decline threshold 0.99,15.6,fusiform / normal,0,FALSE,0,14.413424217146861,15.44268798562523,Pseudanthias,Orangehead anthias,0,0,1,reef-associated,WaterAssumed,21.25,very high,harmless,no special ability,0.5
12778,Canthigaster margaritata,13106,11.5,3.0799999237060547,0.3100000023841858,0.03630780056118965,0.18700000643730164,2.880000114440918,0.09870000183582306,1.340000033378601,1,6,0,10,7.78953806921306,911.878989509963,24.7,27.8,29.2,benthic,9.369999885559082,-0.15,25,2.0999999046325684,0.8429129719734192,0.6000000238418579,0.5,High; decline threshold 0.99,16.8,short and / or deep,-0.41606006699624787,FALSE,0,10.835009765348985,12.45507844119728,Canthigaster,Pygmy toby,0,0,1,reef-associated,WaterAssumed,10.53,high,harmless,no special ability,0.5
12779,Oxycheilinus mentalis,13107,20,3.7799999713897705,0.6399999856948853,0.015488199889659882,0.18299999833106995,2.950000047683716,0.10100000351667404,0.47999998927116394,3,11,1,20,6.53359513046115,67.1891152910897,24.8,27.4,29.2,benthic,15.829999923706055,-0.38,25,5.900000095367432,2.188380002975464,1.600000023841858,0.5,High; decline threshold 0.99,12,fusiform / normal,-0.8342487600347144,FALSE,0,10.466140433637271,10.465847378057125,Oxycheilinus,Mental wrasse,0,0,1,reef-associated,WaterAssumed,25.85,very high,harmless,no special ability,0.5009999871253967
12780,Cheilinus lunulatus,13108,50,4.329999923706055,0.10000000149011612,0.02137959934771061,0.1979999989271164,2.9700000286102295,0.10599999874830246,0.20999999344348907,4,17,2,30,6.19035036066693,83.1308662329051,24.8,27.5,29.2,benthic,35.709999084472656,-0.69,25,13.600000381469727,4.029709815979004,3.200000047683716,0.5,Medium; decline threshold 0.95,6.9,fusiform / normal,-0.17401544955450796,FALSE,0,11.115391354476811,11.485256016327597,Cheilinus,Broomtail wrasse,0,0,1,reef-associated,WaterAssumed,42.39,very high,harmless,no special ability,0.5038999915122986
12781,Cirrhilabrus rubriventralis,13109,7.5,3.4000000953674316,0.44999998807907104,0.010715199634432793,0.2029999941587448,3.0299999713897705,0.10999999940395355,1.2000000476837158,3,43,3,43,8.10993314572838,110.427085306918,23.8,27.2,29.1,pelagic,5.769999980926514,-0.19,25,2.299999952316284,0.9863430261611938,0.699999988079071,0.5,High; decline threshold 0.99,21.8,fusiform / normal,-0.1965376013518532,FALSE,0,10.960119808899352,11.546165690007362,Cirrhilabrus,Longfin fairy wrasse,0,0,1,reef-associated,WaterAssumed,11.53,very high,harmless,no special ability,0.5
12784,Vanderhorstia ornatissima,13112,8.5,3,0.3199999928474426,0.0074130999855697155,0.16899999976158142,3.0899999141693115,0.09019999951124191,0.8500000238418579,0,3,0,5,9.15331791754335,272.572962744487,25,28.2,29.3,benthic,6.130000114440918,-0.26,25,3.299999952316284,1.383929967880249,1,0.5,High; decline threshold 0.99,20.1,elongated,0,FALSE,0,13,14,Vanderhorstia,Ornate prawn-goby,0,0,1,reef-associated,WaterAssumed,15.77,very high,harmless,no special ability,0.5
12788,Plagiotremus townsendi,13115,6,3.8299999237060547,0.6899999976158142,0.005754400044679642,0.17800000309944153,3.059999942779541,0.10100000351667404,1.090000033378601,11,32,7,55,6.84509085153812,63.8084559383124,23.8,27.1,29.3,pelagic,5.110000133514404,-0.22,25,2.5,1.1252599954605103,0.8999999761581421,0.5,High; decline threshold 0.99,24.7,elongated,-1,FALSE,0,22.174378130594025,25.4270982587014,Plagiotremus,Townsend's fangblenny,0,0,1,reef-associated,WaterAssumed,12.47,unknown,harmless,no special ability,0.5005000233650208
12790,Halichoeres iridis,13120,11.5,3.380000114440918,0.49000000953674316,0.009772369638085365,0.164000004529953,3.0799999237060547,0.08760000020265579,0.8100000023841858,20,25,6,43,7.98447100764529,113.960964561367,25.1,27,27.8,benthic,9.399999618530273,-0.25,25,3.5,1.3926000595092773,1,0.5,High; decline threshold 0.99,16.8,fusiform / normal,0,FALSE,0,12,13,Halichoeres,Lined wrasse,0,0,1,reef-associated,WaterAssumed,16.49,very high,harmless,no special ability,0.5
12799,Xenanthias winniensis,13127,4.880000114440918,3.5899999141693115,0.5,0.014125400222837925,0.18000000715255737,3,0.10000000149011612,1.6699999570846558,32,69,23,116,8.14082656390921,103.903707009912,23.7,26.9,28.2,benthic,4,-0.16,25,1.600000023841858,0.7765120267868042,0.6000000238418579,0.5,High; decline threshold 0.99,31.9,fusiform / normal,0,FALSE,-1,16,17,Xenanthias,Redblotch basslet,0,0,1,reef-associated,WaterAssumed,10,very high,harmless,no special ability,0.5005000233650208
12803,Periophthalmus barbarus,13130,17.93000030517578,3.359999895095825,0.38999998569488525,0.010715199634432793,0.09139999747276306,3,0.06289999932050705,0.550000011920929,2,11,0,20,7.6237912587693,170.724964799597,25.1,27.3,28,benthic,14.699999809265137,-0.36052811004220126,30,5.521820068359375,2.087239980697632,1.5297900438308716,0.5,High; decline threshold 0.99,54,fusiform / normal,-1,FALSE,0,10,13,Periophthalmus,Atlantic mudskipper,1,1,1,reef-associated,Facultative,24.85,very high,harmless,no special ability,0.5
12834,Fusigobius longispinus,13163,8,3.2699999809265137,0.3400000035762787,0.010232900269329548,0.16699999570846558,3.009999990463257,0.09099999815225601,0.8999999761581421,10,18,9,25,8.17603206073207,130.50373732414,24.6,28.1,29.3,benthic,6.159999847412109,-0.25,25,3.0999999046325684,1.3164700269699097,1,0.5,High; decline threshold 0.99,52.1,fusiform / normal,0,FALSE,0,9,9,Fusigobius,Orange-spotted sand-goby,0,0,1,reef-associated,WaterAssumed,15.01,very high,harmless,no special ability,0.5005000233650208
12862,Liopropoma lunulatum,13193,22.809999465942383,4.03000020980835,0.6399999856948853,0.0038904501125216484,0.17100000381469727,3.119999885559082,0.09000000357627869,0.3107041474163668,128,218,100,350,6.87095786131714,78.0188559715687,13.4,18.1,23,pelagic,18.700000762939453,-0.6698321557547847,25,10.425617213650815,3.3658476419491334,2.6238937581692343,0.5,"Please enter values for K, tmax.",12.5,fusiform / normal,0,FALSE,0,12.870102234247442,13.461928466591868,Liopropoma,Pinstriped basslet,0,0,1,demersal,WaterAssumed,12.81,very high,harmless,no special ability,0.5
12881,Cheilodipterus pygmaios,13212,6.099999904632568,3.5199999809265137,0.6000000238418579,0.007079460192471743,0.18700000643730164,3.2200000286102295,0.10400000214576721,1.5199999809265137,2,11,0,20,7.89054753359273,92.5934389776247,24.8,27.5,29.2,benthic,5,-0.17,25,1.7999999523162842,0.8195250034332275,0.6000000238418579,0.5,High; decline threshold 0.99,61,elongated,0,FALSE,0,10.21248995984325,10.420454066500943,Cheilodipterus,Indian Ocean twospot cardinalfish,0,0,1,demersal,WaterAssumed,10,high,harmless,no special ability,0.5
12885,Priolepis semidoliata,13216,2.930000066757202,3.069999933242798,0.3199999928474426,0.010232900269329548,0.16699999570846558,3.009999990463257,0.09099999815225601,2.2699999809265137,4,17,2,30,8.74839985227737,215.140357874308,24.6,28.2,29.3,benthic,2.4000000953674316,-0.13,25,1.2000000476837158,0.6426960229873657,0.5,0.5,High; decline threshold 0.99,95.5,fusiform / normal,0,FALSE,0,8,8,Priolepis,Half-barred goby,0,0,1,reef-associated,WaterAssumed,10,very high,harmless,no special ability,0.5
12886,Brachysomophis cirrocheilos,13217,159,3.990000009536743,0.6600000262260437,9.332540212199092e-4,0.18199999630451202,2.990000009536743,0.09989999979734421,0.15000000596046448,4,20,1,38,3.63245787097522,99.9164234161153,25,27.9,29,pelagic,130.3800048828125,-0.72,25,19.299999237060547,6.445779800415039,3.9000000953674316,0.5,Low; decline threshold 0.85,3.5,eel-like,0,FALSE,0,3.520169954465869,19.2313969581306,Brachysomophis,Stargazer snake eel,0,1,1,reef-associated,WaterAssumed,65.37,unknown,harmless,no special ability,0.5077999830245972
12888,Callechelys catostoma,13219,85,3.869999885559082,0.6200000047683716,9.332540212199092e-4,0.18199999630451202,2.990000009536743,0.09989999979734421,0.27000001072883606,4,17,1,32,3.84701014573481,109.35410360272,24.7,28.1,29.2,benthic,69.69999694824219,-0.46,25,10.699999809265137,3.339900016784668,2.299999952316284,0.5,Medium; decline threshold 0.95,11.1,eel-like,0,FALSE,0,0,0,Callechelys,Black-striped snake eel,0,0,1,reef-associated,WaterAssumed,39.11,unknown,harmless,no special ability,0.5
12889,Callechelys marmorata,13220,108.58000183105469,3.9200000762939453,0.6299999952316284,9.332540212199092e-4,0.18199999630451202,2.990000009536743,0.09989999979734421,0.20999999344348907,5,20,2,37,3.84701014573481,109.35410360272,24.7,27.7,28.8,benthic,89,-0.59,25,13.699999809265137,4.320230007171631,3,0.5,Medium; decline threshold 0.95,10.8,eel-like,0,FALSE,0,6.024299382581008,6.706266125364485,Callechelys,Marbled snake eel,0,0,1,reef-associated,WaterAssumed,54.34,unknown,harmless,no special ability,0.5
12902,Thysanophrys chiltonae,13233,25,3.7899999618530273,0.6299999952316284,0.0064565399661660194,0.1420000046491623,3.049999952316284,0.08869999647140503,0.4699999988079071,0,20,0,100,2.79619826666817,319.786938795536,25.4,27.9,29,benthic,21.100000381469727,-0.36,25,6,1.6552799940109253,1.600000023841858,0.5,High; decline threshold 0.99,10.9,fusiform / normal,0,FALSE,0,11,12,Thysanophrys,Longsnout flathead,0,0,1,reef-associated,WaterAssumed,26.63,high,harmless,no special ability,0.5009999871253967
12906,Apogon talboti,13237,14,3.609999895095825,0.4699999988079071,0.014791100285947323,0.1679999977350235,3.059999942779541,0.09130000323057175,0.7099999785423279,3,19,0,37,7.19919745287147,78.9953808128409,25.4,28.4,29.3,benthic,10.369999885559082,-0.28,25,3.9000000953674316,1.5288699865341187,1.100000023841858,0.5,High; decline threshold 0.99,32.8,short and / or deep,0,FALSE,0,9,9,Apogon,Flame cardinalfish,0,0,1,reef-associated,WaterAssumed,19.81,high,harmless,no special ability,0.5
13001,Sphyraena pinguis,13322,50,4.489999771118164,0.800000011920929,0.006606929935514927,0.10100000351667404,2.940000057220459,0.06620000302791595,0.3199999928474426,3,5,3,6,6.58554978009339,36.1470388445443,21.9,28.4,29.3,pelagic,41,-0.45,25,8.899999618530273,2.6473100185394287,2.0999999046325684,0.5,High; decline threshold 0.99,6.9,elongated,0,FALSE,0,10.463449150732847,11.55281025546783,Sphyraena,Red barracuda,0,0,1,pelagic-neritic,WaterAssumed,34.78,medium,harmless,no special ability,0.5
13050,Halichoeres zeylonicus,13375,20,3.5,0.5099999904632568,0.009999999776482582,0.12200000137090683,3.140000104904175,0.0754999965429306,0.47999998927116394,13,26,10,40,7.44555393069226,95.2320915949854,24.6,27.9,29.1,benthic,16.959999084472656,-0.38,25,5.900000095367432,2.188380002975464,1.600000023841858,0.5,High; decline threshold 0.99,12,fusiform / normal,-1,FALSE,0,11,11,Halichoeres,Goldstripe wrasse,0,0,1,reef-associated,WaterAssumed,25.85,very high,harmless,no special ability,0.5
13064,Arnoglossus macrolophus,13386,13,3.5,0.3700000047683716,0.009120110422372818,0.17599999904632568,3.0399999618530273,0.09520000219345093,0.3499999940395355,31,78,18,141,7.03460791867391,214.125094698585,23.3,27.1,28.3,benthic,10.65999984741211,-0.59,25,8,3.1326100826263428,2.299999952316284,0.5,High; decline threshold 0.99,15.6,short and / or deep,0,FALSE,0,83,98,Arnoglossus,Large-crested lefteye flounder,0,0,1,demersal,WaterAssumed,30.94,very high,harmless,no special ability,0.5
13137,Macropharyngodon marisrubri,13464,11.569999694824219,3.4700000286102295,0.3799999952316284,0.019952600821852684,0.17499999701976776,3.009999990463257,0.09049999713897705,0.800000011920929,5,11,4,16,7.82407364449167,99.4181400623952,24.6,27.5,29.3,benthic,9.479999542236328,-0.27,25,3.5,1.4505499601364136,1.100000023841858,0.5,High; decline threshold 0.99,18.9,short and / or deep,0,FALSE,0,11,11,Macropharyngodon,Yellow sweeper,0,0,1,reef-associated,WaterAssumed,16.89,very high,harmless,no special ability,0.5001999735832214
13152,Amblyeleotris diagonalis,13478,13.420000076293945,3.369999885559082,0.3499999940395355,0.0074130999855697155,0.16899999976158142,3.0899999141693115,0.09019999951124191,0.5600000023841858,9,24,6,40,7.87275643227036,108.73198473561,25,28.2,29.2,benthic,11,-0.38,25,5,2.0062201023101807,1.5,0.5,High; decline threshold 0.99,17.3,elongated,0,FALSE,0,13,13,Amblyeleotris,Diagonal shrimp goby,0,0,1,reef-associated,WaterAssumed,25.19,very high,harmless,no special ability,0.5
13194,Mobula tarapacana,13520,131.9499969482422,3.7899999618530273,0.5899999737739563,0.009999999776482582,0.31299999356269836,3.0399999618530273,0.11900000274181366,0.43012558460666966,0,20,0,1896,0.700523081472011,111.538877137463,19.4,27.1,28.9,pelagic,108.19999694824219,-0.579049794808799,25,18.1875591589823,6.9001536376899955,3.6830428357430383,0.5,"Please enter values for K, tmax.",2.2,other,0,FALSE,0,19.17586211185049,21.366296933982138,Mobula,Sicklefin devil ray,0,0,1,reef-associated,WaterAssumed,79.17,medium,harmless,no special ability,0.5019999742507935
13512,Uranoscopus sulphureus,13665,45,4.050000190734863,0.699999988079071,0.007943280041217804,0.1979999989271164,3.0899999141693115,0.10100000351667404,0.23000000417232513,44,164,5,350,5.66790851428556,51.8199261728995,26.9,27.4,28.1,pelagic,36.900001525878906,-0.65,25,12.399999618530273,3.6113901138305664,3,0.5,Medium; decline threshold 0.95,7.4,elongated,0,FALSE,0,12,13,Uranoscopus,Whitemargin stargazer,0,0,1,reef-associated,WaterAssumed,38.37,unknown,traumatogenic,no special ability,0.5
13673,Planiliza carinata,13751,47.349998474121094,2.4200000762939453,0.17000000178813934,0.009999999776482582,0.12399999797344208,2.9100000858306885,0.07450000196695328,0.27000001072883606,5,26,0,50,42.6945543990735,30048.1852152353,19.4,26.1,29.2,benthic,38.83000183105469,-1.54,25,9.600000381469727,5.839369773864746,4.800000190734863,0.5,Medium; decline threshold 0.95,25.16699937809974,fusiform / normal,0,FALSE,0,12.190550415219654,13.367509479587651,Planiliza,Red Sea keeled mullet,0,1,1,pelagic-neritic,WaterAssumed,49.28,medium,harmless,no special ability,0.5001000165939331
13766,Xenisthmus polyzonatus,13810,3.0999999046325684,3.0899999141693115,0.4000000059604645,0.0038904501125216484,0.17100000381469727,3.119999885559082,0.09000000357627869,1.8840785115925567,10,17,9,24,8.74142288469857,215.140357874308,24.6,28.3,29.3,pelagic,2.5399999618530273,-0.1450515161130622,25,1.4783388217195441,0.7101584591835561,0.5515399971307171,0.5,"Please enter values for K, tmax.",81,elongated,0,FALSE,0,11,12,Xenisthmus,Bullseye wriggler,0,0,1,reef-associated,WaterAssumed,10,unknown,harmless,no special ability,0.5009999871253967
14209,Norfolkia brachylepis,14080,7.300000190734863,3.2200000286102295,0.3499999940395355,0.00616595009341836,0.16599999368190765,3.0299999713897705,0.09300000220537186,1.149999976158142,2,7,1,25,8.23706399458392,152.647440309148,27.6,28.7,29.3,benthic,6.179999828338623,-0.2,25,2.4000000953674316,1.03957998752594,0.800000011920929,0.5,High; decline threshold 0.99,48.7,elongated,0,TRUE,0,10,11,Norfolkia,Tropical scaly-headed triplefin,0,0,1,reef-associated,WaterAssumed,12.01,unknown,harmless,no special ability,0.5625
14286,Dunckerocampus multiannulatus,14146,19,3.7799999713897705,0.550000011920929,9.549930109642446e-4,0.20600000023841858,3.049999952316284,0.11299999803304672,0.800000011920929,7,25,3,45,4.17279337982949,128.265438309141,24.7,27.3,29.4,benthic,18.299999237060547,-0.22,25,3.5,1.338979959487915,1,0.5,High; decline threshold 0.99,12.4,eel-like,0,FALSE,0,20,23,Dunckerocampus,Many-banded pipefish,0,0,1,reef-associated,WaterAssumed,16.49,unknown,harmless,no special ability,0.5077999830245972
14342,Iniistius bimaculatus,14172,28.5,3.5199999809265137,0.47999998927116394,0.00954992976039648,0.13300000131130219,3.069999933242798,0.08479999750852585,0.3499999940395355,2,11,0,21,7.098574428971,92.5934389776247,25.4,28.1,29.1,benthic,23.670000076293945,-0.47,25,8.100000381469727,2.235300064086914,2.0999999046325684,0.5,High; decline threshold 0.99,19.2,short and / or deep,0,FALSE,0,58.795155880142055,64.3688917150556,Iniistius,Two-spot razorfish,0,0,1,demersal,WaterAssumed,31.6,very high,harmless,no special ability,0.5
14343,Stephanolepis diaspros,14173,25,4.566999912261963,0.09200000017881393,0.01698240078985691,0.04039999842643738,2.9200000762939453,0.026799999177455902,0.4000000059604645,23,36,20,50,11.8257306242815,2214.45931834415,23.5,26.1,29.2,benthic,20.5,-0.43,25,7.099999904632568,1.9379500150680542,1.7999999523162842,0.5,High; decline threshold 0.99,9.3,short and / or deep,0,FALSE,0,30,33,Stephanolepis,Reticulated leatherjacket,0,0,1,demersal,WaterAssumed,29.29,unknown,harmless,no special ability,0.5311999917030334
14379,Scarus collana,14190,33,2.109999895095825,0,0.014125400222837925,0.16699999570846558,3.0399999618530273,0.08540000021457672,0.30000001192092896,2,9,1,15,102.216265901334,5340.8226784893895,24.8,28.4,29.3,benthic,27.059999465942383,-0.53,25,9.5,2.6724700927734375,2.4000000953674316,0.5,Medium; decline threshold 0.95,8.9,fusiform / normal,-0.19252038054396603,FALSE,0,9.999999999999998,10.000000000000002,Scarus,Red Sea parrotfish,0,0,1,reef-associated,WaterAssumed,34.02,high,harmless,no special ability,0.5
14380,Scarus ferrugineus,14191,41,2,0,0.013803799636662006,0.09749999642372131,3.009999990463257,0.06379999965429306,0.12999999523162842,7,31,1,60,124.028786584375,7174.0628815569,24.7,27.5,29.1,benthic,35.18000030517578,-0.8611024389776163,25,16.74449920654297,4.937839984893799,3.9447200298309326,0.5,Medium; decline threshold 0.95,15.6,fusiform / normal,-1,FALSE,0,10.60157746039303,11.00192814478731,Scarus,Rusty parrotfish,0,0,1,reef-associated,WaterAssumed,47.16,high,harmless,no special ability,0.5
14381,Scarus fuscopurpureus,14192,38,2.069999933242798,0,0.014125400222837925,0.16699999570846558,3.0399999618530273,0.08540000021457672,0.27000001072883606,4,12,2,20,112.058770457245,6189.94530000209,24.8,27.5,29.2,benthic,29.030000686645508,-0.57,25,10.5,3.034820079803467,2.5999999046325684,0.5,Medium; decline threshold 0.95,18,fusiform / normal,-0.19700650716841966,FALSE,0,10.000000000000002,10,Scarus,Purple-brown parrotfish,0,0,1,reef-associated,WaterAssumed,35.73,high,harmless,no special ability,0.5
14382,Chlorurus genazonatus,14193,31,2,0,0.013182600028812885,0.16200000047683716,3.049999952316284,0.08630000054836273,0.3199999928474426,20,29,6,50,130.080326443435,7174.0628815569,24.5,28.8,29.4,benthic,25.420000076293945,-0.51,25,8.899999618530273,2.4759700298309326,2.200000047683716,0.5,High; decline threshold 0.99,23.1,short and / or deep,-0.4393012120931293,FALSE,0,14.781589314444215,15.961496371717642,Chlorurus,Sinai parrotfish,0,0,1,reef-associated,WaterAssumed,32.92,high,harmless,no special ability,0.5
14861,Foa fo,14403,4.269999980926514,3.240000009536743,0.44999998807907104,0.014791100285947323,0.1679999977350235,3.059999942779541,0.09130000323057175,2.119999885559082,0,15,0,82,8.34427638744116,146.427735207108,24.2,28,29.2,benthic,3.5,-0.13,25,1.2999999523162842,0.6354169845581055,0.5,0.5,High; decline threshold 0.99,34.4,short and / or deep,0,FALSE,0,9,9,Foa,Weedy cardinalfish,0,0,1,reef-associated,WaterAssumed,10,high,harmless,no special ability,0.5038999915122986
15118,Xenanthias nanus,14509,4.860000133514404,3.5799999237060547,0.5,0.014125400222837925,0.18000000715255737,3,0.10000000149011612,1.6699999570846558,12,36,6,65,8.14159080229521,103.903707009912,24.9,27.4,28.8,benthic,3.9800000190734863,-0.16,25,1.600000023841858,0.7765120267868042,0.6000000238418579,0.5,High; decline threshold 0.99,70.2,fusiform / normal,-1,FALSE,-1,13,15,Xenanthias,Bownband perchlet,0,0,1,reef-associated,WaterAssumed,10,very high,harmless,no special ability,0.5005000233650208
15197,Cociella punctata,14560,35,3.819999933242798,0.6499999761581421,0.004570879973471165,0.14800000190734863,3.0899999141693115,0.09000000357627869,0.3499999940395355,42,145,10,300,2.63533744760892,310.035972495171,18.8,25.6,28.1,benthic,28.700000762939453,-0.45,25,8.100000381469727,2.3161699771881104,2,0.5,High; decline threshold 0.99,18.9,elongated,0,FALSE,0,10,12,Cociella,Spotted flathead,0,0,1,reef-associated,WaterAssumed,32.13,high,harmless,no special ability,0.5311999917030334
15225,Rogadius pristiger,14572,50,3.930000066757202,0.6700000166893005,0.004570879973471165,0.14800000190734863,3.0899999141693115,0.09000000357627869,0.25,23,55,15,95,2.39684304225776,278.73347613107,24.5,27.5,28.6,benthic,42.130001068115234,-0.58,25,11.399999618530273,3.384550094604492,2.700000047683716,0.5,Medium; decline threshold 0.95,6.9,elongated,0,FALSE,0,10,12,Rogadius,Thorny flathead,0,0,1,demersal,WaterAssumed,37.89,high,harmless,no special ability,0.5038999915122986
15362,Cypselurus hexazona,14644,21.959999084472656,3.950000047683716,0.6399999856948853,0.0064565399661660194,0.17599999904632568,3.0399999618530273,0.10199999809265137,1.340000033378601,2,11,0,20,3.70886880714906,103.145043608514,24.6,28.5,29.3,pelagic,18,-0.13,25,2.0999999046325684,0.8088359832763672,0.6000000238418579,0.5,High; decline threshold 0.99,12.8,elongated,0,FALSE,0,11.412738330600835,13.603255336503802,Cypselurus,Darkbar flyingfish,0,0,1,pelagic-neritic,WaterAssumed,11.49,medium,harmless,no special ability,0.5
15368,Parascolopsis baranesi,14647,13.65999984741211,3.4200000762939453,0.3799999952316284,0.0038904501125216484,0.17100000381469727,3.119999885559082,0.09000000357627869,0.9300000071525574,199,317,160,500,7.86386859923086,108.73198473561,12.7,15.6,20.4,benthic,11.199999809265137,-0.22,8,3,1.2091799974441528,0.8999999761581421,0.5,High; decline threshold 0.99,6.8,short and / or deep,0,FALSE,0,50.28487247655662,50.38316040203208,Parascolopsis,Bigeye cabillus,0,0,1,bathydemersal,WaterAssumed,14.62,very high,harmless,no special ability,0.5001000165939331
15379,Hoplolatilus oreni,14653,17.200000762939453,3.4600000381469727,0.44999998807907104,0.01122019998729229,0.17299999296665192,3.0399999618530273,0.08569999784231186,0.7019436964968928,21,64,10,120,7.6417555441342,100.878264089392,22.087217670400022,24.560462063981493,26.027668264873917,pelagic,14.100000381469727,-0.34694219433016993,25,4.802808534168297,1.8914247696076218,1.411040465193631,0.5,"Please enter values for K, tmax.",32.7,fusiform / normal,0,FALSE,0,22,22,Hoplolatilus,Slender terapon,0,0,1,demersal,WaterAssumed,10,very high,harmless,no special ability,0.5001000165939331
15483,Maculabatis gerrardi,14733,200,3.7300000190734863,0.550000011920929,0.018620900809764862,0.10899999737739563,3.0799999237060547,0.0754999965429306,0.3574962120701664,6,26,1,50,0.612236971084148,119.066452852662,24.7,28.4,29.1,benthic,200,-0.5016671165745006,25,7.1757390329369475,2.2693680658970474,1.843686784485186,0.5,"Please enter values for K, tmax.",2.3,other,0,FALSE,0,19.150974580568047,6.081281684501755,Maculabatis,Sharpnose stingray,0,1,1,demersal,WaterAssumed,71,low,harmless,no special ability,0.5019999742507935
15567,Engyprosopon hureaui,14754,6.099999904632568,3.309999942779541,0.36000001430511475,0.009120110422372818,0.17599999904632568,3.0399999618530273,0.09520000219345093,0.699999988079071,9,41,1,81,7.53673643505453,288.215697767232,24.3,26.4,28,benthic,5,-0.37,25,3.9000000953674316,1.7786799669265747,1.399999976158142,0.5,High; decline threshold 0.99,27.7,short and / or deep,0,FALSE,0,45.57715094852319,48.44983942820305,Engyprosopon,Hureau's flounder,0,0,1,demersal,WaterAssumed,21.04,very high,harmless,no special ability,0.5
15569,Engyprosopon latifrons,14756,9.760000228881836,3.440000057220459,0.3799999952316284,0.009120110422372818,0.17599999904632568,3.0399999618530273,0.09520000219345093,0.44999998807907104,40,53,37,68,7.27315281278248,233.622833757051,23.7,25.7,28,benthic,8,-0.51,25,6.199999809265137,2.6229400634765625,2,0.5,High; decline threshold 0.99,20.8,short and / or deep,0,FALSE,0,42.67862055680081,56.9978968970799,Engyprosopon,Hureau's flounder,0,0,1,demersal,WaterAssumed,29.47,very high,harmless,no special ability,0.5
15590,Uroconger erythraeus,14773,47.63999938964844,3.869999885559082,0.5,6.165949744172394e-4,0.17299999296665192,3.190000057220459,0.09430000185966492,0.3400000035762787,909,1143,820,1550,3.98379282179378,116.413169559732,18.051454312443926,19.334109040796864,22.005448099839246,benthic,39.060001373291016,-1.21,8,7.599999904632568,4.650090217590332,3.799999952316284,0.5,High; decline threshold 0.99,29.3,eel-like,0,FALSE,0,110.58336797824646,109.4726815692249,Uroconger,Slender conger,0,0,1,bathydemersal,WaterAssumed,46.4,medium,harmless,no special ability,0.5625
15591,Dysomma fuscoventralis,14774,34.75,3.799999952316284,0.3400000035762787,0.001023289980366826,0.17499999701976776,3.059999942779541,0.08959999680519104,0.42391751538926803,832,1050,750,1425,4.42423245556807,148.840386746567,21.6,21.7,21.8,pelagic,28.5,-0.6329128549110777,8,7.817097259371613,2.8622385276359146,2.4529874202381645,0.5,"Please enter values for K, tmax.",29.3,eel-like,0,FALSE,0,83.50076007001208,80.92996650680027,Dysomma,Pale cutthroat eel,0,0,1,benthopelagic,WaterAssumed,24.75,unknown,harmless,no special ability,0.5
15596,Facciolella saurencheloides,14775,65.5999984741211,3.4100000858306885,0.4399999976158142,8.912510238587856e-4,0.2070000022649765,2.9800000190734863,0.10700000077486038,0.3499999940395355,869,1256,700,2000,5.76667669811607,371.025681206392,21.7,21.7,21.8,pelagic,53.790000915527344,-1.17,8,7.400000095367432,4.522659778594971,3.700000047683716,0.5,High; decline threshold 0.99,29.3,eel-like,0,FALSE,0,157.05169185373111,152.1756306808617,Facciolella,Meseda waspfish,0,0,1,bathydemersal,WaterAssumed,48.1,unknown,harmless,no special ability,0.5077999830245972
15597,Physiculus marisrubri,14776,13.050000190734863,3.2899999618530273,0.4300000071525574,0.0038904501125216484,0.15299999713897705,3.109999895095825,0.09080000221729279,0.4300000071525574,821,1057,730,1470,4.304715713001,208.728709031465,21.6,21.7,21.8,pelagic,10.699999809265137,-0.51,8,6.599999904632568,2.668570041656494,2,0.5,High; decline threshold 0.99,7,eel-like,0,FALSE,0,170.479316597537,204.37808608243697,Physiculus,Sharpnose tonguesole,0,0,1,bathydemersal,WaterAssumed,30.53,medium,harmless,no special ability,0.5
15598,Neobythites stefanovi,14777,16.299999237060547,3.440000057220459,0.5199999809265137,0.0010964799439534545,0.22300000488758087,3.0799999237060547,0.11900000274181366,0.8500000238418579,390,548,335,805,5.6165820285751,338.254662212129,12.7,14.7,21.7,benthic,13.369999885559082,-0.22,8,3.299999952316284,1.2700999975204468,0.8999999761581421,0.5,High; decline threshold 0.99,5.4,fusiform / normal,-0.20204699182891292,FALSE,0,32.25946755902533,32.00434687626937,Neobythites,Dark fin cusk eel,0,0,1,bathydemersal,WaterAssumed,15.77,medium,harmless,no special ability,0.5
15604,Champsodon omanensis,14780,12.930000305175781,4.099999904632568,0.5299999713897705,0.005128609947860241,0.19599999487400055,3.0299999713897705,0.10899999737739563,0.6590821031145974,259,563,135,1120,6.72917854508758,49.3813236883194,10.5,14.4,21.8,pelagic,10.600000381469727,-0.37841032491108506,8,4.756809781175734,1.7583317532694591,1.291090251194235,0.5,"Please enter values for K, tmax.",7,elongated,-0.15356273877664478,FALSE,0,12.985827251340975,14.106284010162295,Champsodon,Gaper,0,0,1,bathydemersal,WaterAssumed,10,unknown,harmless,no special ability,0.5001999735832214
15605,Harpadon erythraeus,14781,58.4900016784668,4.139999866485596,0.75,0.004677350167185068,0.1720000058412552,3.119999885559082,0.09000000357627869,0.30000001192092896,822,950,779,1150,3.33466899174484,74.605581036832,21.7,21.7,21.8,pelagic,47.959999084472656,-1.38,8,8.600000381469727,5.261429786682129,4.300000190734863,0.5,Medium; decline threshold 0.95,64.6,eel-like,0,FALSE,0,76.6579558450658,75.28408748099042,Harpadon,Barane's moray,0,0,1,bathydemersal,WaterAssumed,49.54,medium,harmless,no special ability,0.5077999830245972
15659,Grammonus robustus,14801,25.6200008392334,3.5999999046325684,0.5,0.004677350167185068,0.20399999618530273,3.0299999713897705,0.11400000005960464,0.3700000047683716,79,185,45,345,4.87395181318064,202.394589823411,12.9,19.5,26.5,benthic,21,-0.49,8,7.599999904632568,2.8383700847625732,2.0999999046325684,0.5,High; decline threshold 0.99,10.3,elongated,-1,TRUE,0,75,87,Grammonus,Slender wrasse,0,0,1,bathydemersal,WaterAssumed,33.71,unknown,harmless,no special ability,0.5005000233650208
15672,Scolecenchelys laticaudata,14815,35,4.019999980926514,0.699999988079071,7.585780113004148e-4,0.21799999475479126,3.059999942779541,0.11500000208616257,0.6000000238418579,2,14,0,26,3.52759633514941,95.2963266874875,25,28.3,29.3,pelagic,34.220001220703125,-0.26,25,4.699999809265137,1.353600025177002,1.2000000476837158,0.5,High; decline threshold 0.99,18.9,eel-like,0,FALSE,0,16.680466705051533,28.476676187389188,Scolecenchelys,Redfin worm-eel,0,0,1,reef-associated,WaterAssumed,24.36,unknown,harmless,no special ability,0.5
15676,Hoplostethus marisrubri,14817,14.880000114440918,3.4100000858306885,0.5299999713897705,0.016595900058746338,0.18400000035762787,3.049999952316284,0.10199999809265137,0.1599999964237213,236,348,200,520,5.76667669811607,371.025681206392,21.877551555616673,27.790538114346568,29.006516277045055,benthic,12.199999809265137,-1.34,8,17.399999618530273,6.951089859008789,5.199999809265137,0.5,Medium; decline threshold 0.95,14.2,eel-like,0,FALSE,0,8.925086169092644,9.943611965256071,Hoplostethus,Red Sea roughy,0,0,1,bathypelagic,WaterAssumed,47.41,very high,harmless,no special ability,0.5
15682,Ophichthus erabo,14826,72,3.9700000286102295,0.6700000166893005,9.332540212199092e-4,0.18199999630451202,2.990000009536743,0.09989999979734421,0.3100000023841858,17,76,1,155,3.66911408278368,101.460279632863,20,24.3,27.4,benthic,59.040000915527344,-0.42,17,9.300000190734863,2.8497400283813477,2.0999999046325684,0.5,High; decline threshold 0.99,3.7,eel-like,0,FALSE,0,28.4979075467259,28.756871558169124,Ophichthus,Blotched snake-eel,0,0,1,reef-associated,WaterAssumed,37.97,unknown,harmless,no special ability,0.5
15691,Phaenomonas cooperae,14832,59,3.7799999713897705,0.6100000143051147,9.332540212199092e-4,0.18199999630451202,2.990000009536743,0.09989999979734421,0.3700000047683716,7,31,1,60,4.10690274059343,123.821258823858,27.2,28.1,28.9,benthic,48.380001068115234,-0.37,25,7.699999809265137,2.3344099521636963,1.7999999523162842,0.5,High; decline threshold 0.99,13.8,eel-like,0,FALSE,0,14.888445723201835,17.4675747585442,Phaenomonas,Short-maned sand-eel,0,0,1,reef-associated,WaterAssumed,33.49,unknown,harmless,no special ability,0.625
15697,Yirrkala tenuis,14837,53,3.759999990463257,0.6000000238418579,9.332540212199092e-4,0.18199999630451202,2.990000009536743,0.09989999979734421,0.4099999964237213,5,26,0,50,4.20677660104467,130.700285346226,24.7,26.7,27.6,benthic,43.459999084472656,-0.34,25,7,2.0834500789642334,1.600000023841858,0.5,High; decline threshold 0.99,14.7,eel-like,0,FALSE,0,31.059795270142104,22.610642680198623,Yirrkala,Thin sand-eel,1,1,1,demersal,WaterAssumed,31.41,unknown,harmless,no special ability,0.5
15959,Atrobucca geniae,14949,30.260000228881836,3.5399999618530273,0.30000001192092896,0.005754400044679642,0.16200000047683716,3.130000114440918,0.08980000019073486,0.5199999809265137,353,505,300,750,7.0117876780148,91.3173167616881,9.42467857109932,12.100064067397577,16.845010055171123,pelagic,24.799999237060547,-0.33,8,5.400000095367432,1.4768199920654297,1.399999976158142,0.5,High; decline threshold 0.99,14.4,elongated,-0.21354239515630496,FALSE,0,31.078988809346612,34.50937009708551,Atrobucca,Pacific barracudina,0,0,1,bathypelagic,WaterAssumed,27.41,medium,harmless,no special ability,0.5009999871253967
16281,Cynoglossus sinusarabici,15056,17.100000381469727,3.380000114440918,0.4099999964237213,0.005623409990221262,0.08640000224113464,2.950000047683716,0.05990000069141388,0.7599999904632568,3,15,1,28,7.1185175009704,260.383842448816,24.3,27,29.3,benthic,14.020000457763672,-0.24,25,3.700000047683716,1.426669955253601,1,0.5,High; decline threshold 0.99,32.4,elongated,0,FALSE,0,99,101,Cynoglossus,Red Sea tonguesole,0,0,1,demersal,WaterAssumed,18.05,very high,harmless,no special ability,0.5
16788,Ophidion smithi,15248,14,3.440000057220459,0.6399999856948853,0.001023289980366826,0.17499999701976776,3.059999942779541,0.08959999680519104,0.9700000286102295,10,50,0,100,5.6165820285751,338.254662212129,22.8,26.8,28.4,benthic,11.479999542236328,-0.2,17,2.9000000953674316,1.124019980430603,0.800000011920929,0.5,High; decline threshold 0.99,9.8,eel-like,0,FALSE,0,98,98,Ophidion,Small-fin worm eel,0,0,1,demersal,WaterAssumed,14.21,unknown,harmless,no special ability,0.5
16791,Carapus mourlani,15250,21,3.609999895095825,0.5199999809265137,0.001023289980366826,0.17499999701976776,3.059999942779541,0.08959999680519104,1.3921936626859026,17,73,1,150,5.09595217218963,237.298413787098,23.6,27.6,28.9,pelagic,17.219999313354492,-0.3062764898795122,25,2.3880976056899605,1.3089650659469543,1.0860193156233573,0.5,"Please enter values for K, tmax.",25.8,eel-like,-1,FALSE,0,35,41,Carapus,Star pearlfish,0,0,1,reef-associated,WaterAssumed,10.66,unknown,harmless,no special ability,0.5311999917030334
16813,Hyporhamphus balinensis,15264,20.1299991607666,3.0299999713897705,0.38999998569488525,0.0025704000145196915,0.17800000309944153,3.0899999141693115,0.09059999883174896,1.2100000381469727,2,13,0,25,8.66293648984579,1198.84148051066,27.1,28.7,29.3,benthic,16.5,-0.15,25,2.299999952316284,0.8936470150947571,0.699999988079071,0.5,High; decline threshold 0.99,13.5,elongated,0,FALSE,0,12.987770811409193,13.769180494732256,Hyporhamphus,Balinese garfish,0,0,1,reef-associated,WaterAssumed,11.59,unknown,harmless,no special ability,0.5
16862,Acentronura tentaculata,15299,6.300000190734863,3.180000066757202,0.44999998807907104,0.0038904501125216484,0.17100000381469727,3.119999885559082,0.09000000357627869,2.2300000190734863,3,11,1,20,7.18002909686,727.589184798781,24.9,28.5,29.3,benthic,5.170000076293945,-0.1,25,1.2000000476837158,0.5559049844741821,0.4000000059604645,0.5,High; decline threshold 0.99,53,elongated,0,FALSE,0,16,17,Acentronura,Shortpouch pygmy pipehorse,0,0,1,reef-associated,WaterAssumed,10,unknown,harmless,no special ability,0.625
16884,Oxyporhamphus convexus,15320,23,3.059999942779541,0.23000000417232513,0.0032359398901462555,0.17299999296665192,3.0799999237060547,0.0925000011920929,1.2000000476837158,0,4,0,6,6.24903477250166,482.911854311774,25.3,28.7,29.3,pelagic,18.899999618530273,-0.14239319005923973,28,2.357609987258911,0.6691960096359253,0.6423029899597168,0.5,High; decline threshold 0.99,33.7,elongated,0,FALSE,0,12,15,Oxyporhamphus,Halfbeak,0,0,1,pelagic-neritic,WaterAssumed,13.11,unknown,harmless,no special ability,0.625
16905,Sphyraena chrysotaenia,15331,32.20000076293945,3.9600000381469727,0.6299999952316284,0.006606929935514927,0.03869999945163727,2.9200000762939453,0.02019999921321869,0.5099999904632568,6,26,1,50,5.92301230874612,56.8799225485038,24.4,27.7,29.1,pelagic,26.399999618530273,-0.2915943717666732,17,4.836609840393066,1.4763799905776978,1.2898099422454834,0.5,High; decline threshold 0.99,16.9,elongated,0,FALSE,0,9,10,Sphyraena,Yellowstripe barracuda,0,0,1,pelagic-neritic,WaterAssumed,24.48,medium,harmless,no special ability,0.5
16913,Opistognathus nigromarginatus,15336,18.600000381469727,3.4000000953674316,0.44999998807907104,0.0038904501125216484,0.17100000381469727,3.119999885559082,0.09000000357627869,1.1911693423429675,3,10,2,17,7.18484496143171,83.1308662329051,25.3,28.5,29.2,pelagic,15.529999732971191,-0.2784175752471363,25,3.0355348542471474,1.3440908718227111,0.8595833466563032,0.5,"Please enter values for K, tmax.",12.6,elongated,0,FALSE,0,14,15,Opistognathus,Birdled jawfish,0,0,1,demersal,WaterAssumed,10,unknown,harmless,no special ability,0.5
16931,Limnichthys nitidus,15352,3.5,3.119999885559082,0.4099999964237213,0.0038904501125216484,0.17100000381469727,3.119999885559082,0.09000000357627869,1.2042651165578702,5,13,4,20,8.62951530817887,203.687928981896,24.2,28.2,29.3,pelagic,3.009999990463257,-0.2787751327054415,25,2.8838617142879523,1.3441588647487628,1.0445030191178428,0.5,"Please enter values for K, tmax.",75.7,elongated,0,FALSE,0,22,25,Limnichthys,Sand submarine,0,0,1,demersal,WaterAssumed,10,unknown,harmless,no special ability,0.5077999830245972
16944,Hirculops cornifer,15361,7.320000171661377,2.1500000953674316,0,0.00758578022941947,0.17399999499320984,3,0.09589999914169312,0.9100000262260437,2,11,0,20,102.749966317626,4607.5352521261,24.6,27.5,29.1,benthic,6,-0.27,25,3,1.3413599729537964,1,0.5,High; decline threshold 0.99,54.5,elongated,0,FALSE,0,18,21,Hirculops,Highbrow rockskipper,0,0,1,demersal,WaterAssumed,14.62,unknown,harmless,no special ability,1
16946,Blenniella cyanostigma,15362,9.880000114440918,2.819999933242798,0.30000001192092896,0.00758578022941947,0.17399999499320984,3,0.09589999914169312,0.6899999976158142,1,6,0,10,12.9263735387975,500.726752151318,25.9,28.2,29.3,benthic,8.100000381469727,-0.33,25,4,1.6791199445724487,1.2999999523162842,0.5,High; decline threshold 0.99,45.6,elongated,0,FALSE,-1,19,22,Blenniella,Striped rockskipper,0,0,1,reef-associated,WaterAssumed,21.17,unknown,harmless,no special ability,0.5019999742507935
16974,Enneapterygius abeli,15377,3.049999952316284,3.0799999237060547,0.3100000023841858,0.007762469816952944,0.1850000023841858,3.0799999237060547,0.10199999809265137,2.569999933242798,1,8,1,14,8.74347435934357,215.140357874308,24.8,27.5,29.1,benthic,2.5,-0.12,25,1,0.5172020196914673,0.4000000059604645,0.5,High; decline threshold 0.99,93.3,fusiform / normal,0,FALSE,0,9,10,Enneapterygius,Yellow triplefin,0,0,1,reef-associated,WaterAssumed,10,unknown,harmless,no special ability,0.5
16975,Enneapterygius clarkae,15378,3.2899999618530273,3.0899999141693115,0.3100000023841858,0.00616595009341836,0.16599999368190765,3.0299999713897705,0.09300000220537186,2.4000000953674316,3,14,1,25,8.68308371196708,209.286881070674,24.8,27.5,29,benthic,2.700000047683716,-0.12,25,1.100000023841858,0.5921120047569275,0.5,0.5,High; decline threshold 0.99,89.3,elongated,0,FALSE,0,8,10,Enneapterygius,Barred triplefin,0,0,1,demersal,WaterAssumed,10,unknown,harmless,no special ability,0.5
16979,Enneapterygius pusillus,15381,3.6600000858306885,3.109999895095825,0.3100000023841858,0.00616595009341836,0.16599999368190765,3.0299999713897705,0.09300000220537186,2.1700000762939453,4,10,3,20,8.5831503523933,198.332109082671,25,28,29.3,benthic,3,-0.13,25,1.2999999523162842,0.6013200283050537,0.5,0.5,High; decline threshold 0.99,82.5,elongated,0,FALSE,0,10,11,Enneapterygius,Highcrest triplefin,0,0,1,demersal,WaterAssumed,10,unknown,harmless,no special ability,0.5
16981,Enneapterygius ventermaculus,15384,4,3.130000114440918,0.3100000023841858,0.00616595009341836,0.16599999368190765,3.0299999713897705,0.09300000220537186,2,0,1,0,12,8.50360476619125,188.307134128481,24.8,27.2,28.9,benthic,3.200000047683716,-0.13,17,1.399999976158142,0.6519880294799805,0.5,0.5,High; decline threshold 0.99,46.2,elongated,0,FALSE,0,8,10,Enneapterygius,Blotched triplefin,0,0,1,demersal,WaterAssumed,10,unknown,harmless,no special ability,0.5
17029,Diplogrammus infulatus,15414,12,3.7699999809265137,0.4099999964237213,0.007943280041217804,0.1770000010728836,2.819999933242798,0.094200000166893,0.5899999737739563,1,10,1,20,6.81455924247412,67.9109234932512,25.1,27.5,28.9,benthic,8.90999984741211,-0.35,25,4.699999809265137,1.87214994430542,1.399999976158142,0.5,High; decline threshold 0.99,36,elongated,0,FALSE,0,8,8,Diplogrammus,Sawspine dragonet,0,0,1,demersal,WaterAssumed,23.25,unknown,harmless,no special ability,0.5038999915122986
17033,Acentrogobius signatus,15418,5.5,3.2300000190734863,0.36000001430511475,0.010232900269329548,0.16699999570846558,3.009999990463257,0.09099999815225601,1.2699999809265137,0,2,0,3,8.30696456896279,152.647440309148,25,27,27.6,benthic,4.460000038146973,-0.19,17,2.200000047683716,0.971297025680542,0.699999988079071,0.5,High; decline threshold 0.99,38,fusiform / normal,0,FALSE,0,8,9,Acentrogobius,Tusk goby,0,0,1,demersal,WaterAssumed,11.03,very high,harmless,no special ability,0.5
17050,Callogobius flavobrunneus,15429,7,3.240000009536743,0.3400000035762787,0.010232900269329548,0.16699999570846558,3.009999990463257,0.09099999815225601,1.0199999809265137,4,12,3,20,8.22612666606951,138.001162433042,24.7,28.3,29.3,benthic,5.980000019073486,-0.23,25,2.700000047683716,1.1691299676895142,0.8999999761581421,0.5,High; decline threshold 0.99,22.7,fusiform / normal,0,FALSE,0,10,10,Callogobius,Slimy goby,0,0,1,demersal,WaterAssumed,13.37,unknown,harmless,no special ability,0.5
17052,Favonigobius melanobranchus,15431,8.300000190734863,3.4600000381469727,0.36000001430511475,0.010232900269329548,0.16699999570846558,3.009999990463257,0.09099999815225601,0.8700000047683716,0,3,0,5,8.03035663585059,105.472492397164,24.7,28.5,29.3,benthic,6.710000038146973,-0.26,17,3.200000047683716,1.3206000328063965,1,0.5,High; decline threshold 0.99,13.4,fusiform / normal,0,FALSE,0,8,9,Favonigobius,Blackthroat goby,0,1,1,demersal,FacultativeGenus,15.39,very high,harmless,no special ability,0.5019999742507935
17085,Photoblepharon steinitzi,15446,11,3.430000066757202,0.5099999904632568,0.01122019998729229,0.17299999296665192,3.0399999618530273,0.08569999784231186,1.882677775291501,5,26,0,50,5.76667669811607,371.025681206392,24.7,27.3,29.3,pelagic,9.020000457763672,-0.15066176328988717,25,1.467418523053941,0.7038299579725328,0.5371843571392466,0.5,"Please enter values for K, tmax.",38,fusiform / normal,0,FALSE,0,16,18,Photoblepharon,Flashlight fish,0,0,1,reef-associated,WaterAssumed,10,unknown,harmless,no special ability,0.7519999742507935
17389,Kaupichthys atronasus,15576,12,3.619999885559082,0.5400000214576721,0.001023289980366826,0.17499999701976776,3.059999942779541,0.08959999680519104,1.4933855245485474,3,11,1,20,5.71618360500007,359.867962125841,25.2,28.5,29.3,benthic,9.84000015258789,-0.1784081154942538,25,2.023461095958238,0.9082697391106279,0.681329241774961,0.5,"Please enter values for K, tmax.",36,eel-like,0,FALSE,0,28.962688462220413,34.80425409610462,Kaupichthys,Black-nostril false moray,0,0,1,reef-associated,WaterAssumed,10,unknown,harmless,no special ability,0.5156000256538391
17462,Atrosalarias fuscus,15642,14.5,2,0,0.008912510238587856,0.14399999380111694,3.009999990463257,0.08540000021457672,0.47999998927116394,3,8,2,12,140.660789325022,7174.0628815569,24.9,27.2,29.3,benthic,10.670000076293945,-0.41,25,5.800000190734863,2.25996994972229,1.7000000476837158,0.5,High; decline threshold 0.99,33.3,elongated,0,FALSE,0,18,20,Atrosalarias,Lance blenny,0,0,1,reef-associated,WaterAssumed,25.89,unknown,harmless,no special ability,0.625
17467,Callionymus delicatulus,15646,6.699999809265137,3.1700000762939453,0.4099999964237213,0.008709640242159367,0.17399999499320984,2.7799999713897705,0.09139999747276306,1.0099999904632568,1,20,1,28,8.29698014498847,166.790149576843,27.8,28.6,29.2,benthic,5.489999771118164,-0.23,25,2.700000047683716,1.1847100257873535,0.8999999761581421,0.5,High; decline threshold 0.99,51.2,elongated,-1,FALSE,0,8,8,Callionymus,Delicate dragonet,0,0,1,reef-associated,WaterAssumed,13.37,unknown,harmless,no special ability,0.5
17471,Acanthurus gahhm,15649,40,2.759999990463257,0.2800000011920929,0.02290870063006878,0.164000004529953,2.9600000381469727,0.08579999953508377,0.3499999940395355,5,40,5,50,13.3604332730553,620.716417542763,23.8,28.6,29.1,benthic,32.79999923706055,-0.43,25,8.100000381469727,2.3609700202941895,2,0.5,High; decline threshold 0.99,27,short and / or deep,-1,FALSE,0,24,28,Acanthurus,Black surgeonfish,0,0,1,reef-associated,WaterAssumed,32.64,medium,harmless,no special ability,0.5
22544,Soleichthys heterorhinos,17909,21.959999084472656,3.4800000190734863,0.49000000953674316,0.00954992976039648,0.164000004529953,3.069999933242798,0.08609999716281891,0.3799999952316284,1,6,0,10,6.84894212526752,230.180910084965,25.1,28.6,29.3,benthic,18,-0.49,25,7.400000095367432,2.8206300735473633,2.0999999046325684,0.5,High; decline threshold 0.99,28.3,short and / or deep,-1,FALSE,0,87,102,Soleichthys,Black-tip sole,0,0,1,reef-associated,WaterAssumed,32.59,very high,harmless,no special ability,0.5009999871253967
22602,Myrophis microchir,17955,39,4.059999942779541,0.7099999785423279,7.585780113004148e-4,0.21799999475479126,3.059999942779541,0.11500000208616257,0.550000011920929,4,19,1,35,3.48284268945251,93.0117741815722,25,28.4,29.3,benthic,31.979999542236328,-0.27,25,5.199999809265137,1.4970200061798096,1.2999999523162842,0.5,High; decline threshold 0.99,17.7,eel-like,0,FALSE,0,32.97517189279016,33.85414386199196,Myrophis,Ordinary snake eel,0,0,1,demersal,WaterAssumed,25.66,unknown,harmless,no special ability,0.5077999830245972
22835,Entomacrodus epalzeocheilos,18119,13.420000076293945,2,0,0.00758578022941947,0.17399999499320984,3,0.09589999914169312,0.5199999809265137,0,2,0,3,141.377774756721,7174.0628815569,24.6,28.4,29.3,benthic,11,-0.41,25,5.400000095367432,2.1597800254821777,1.600000023841858,0.5,High; decline threshold 0.99,43.2,elongated,0,FALSE,0,14,16,Entomacrodus,Fringelip rockskipper,0,0,1,demersal,Facultative,26.28,unknown,harmless,no special ability,0.5
23079,Pleurosicya mossambica,18328,3,3.0799999237060547,0.3199999928474426,0.0074130999855697155,0.16899999976158142,3.0899999141693115,0.09019999951124191,2.2200000286102295,4,17,2,30,8.69490953952,209.286881070674,24.3,28.2,29.3,benthic,2.5199999809265137,-0.13,25,1.2000000476837158,0.5848489999771118,0.5,0.5,High; decline threshold 0.99,82.5,elongated,0,FALSE,0,7,8,Pleurosicya,Toothy goby,0,0,1,reef-associated,WaterAssumed,10,very high,harmless,no special ability,0.5
23124,Trachyrhamphus longirostris,18370,40,3.740000009536743,0.49000000953674316,3.467370115686208e-4,0.1809999942779541,3.190000057220459,0.09549999982118607,0.4000000059604645,23,54,16,91,4.17279337982949,128.265438309141,23.8,27.4,28.4,benthic,32.79999923706055,-0.38,25,7.099999904632568,2.0620999336242676,1.7000000476837158,0.5,High; decline threshold 0.99,7.9,eel-like,0,FALSE,0,26,30,Trachyrhamphus,Straightstick pipefish,0,0,1,demersal,WaterAssumed,30.59,unknown,harmless,no special ability,0.625
23130,Gymnothorax elegans,18375,96.62000274658203,4.079999923706055,0.6499999761581421,4.6773499343544245e-4,0.14000000059604645,3.2799999713897705,0.07930000126361847,0.14000000059604645,133,257,92,450,3.66911408278368,101.460279632863,12.3,18.3,21.5,pelagic,79.19999694824219,-0.93,8,20.5,6.379159927368164,4.5,0.5,Low; decline threshold 0.85,2.1,eel-like,0,FALSE,0,0,0,Gymnothorax,Elegant moray,0,0,1,reef-associated,WaterAssumed,60.16,medium,harmless,no special ability,0.5
23168,Bregmaceros arabicus,18406,6.099999904632568,3.119999885559082,0.33000001311302185,0.0037153500597923994,0.17900000512599945,3.180000066757202,0.10300000011920929,0.6378650126343659,22,95,0,200,4.55389837192734,303.425664137217,17.5,24,27.7,pelagic,5,-0.32383721800905085,10,4.41678860433566,1.71862864639732,1.2895155399997977,0.5,"Please enter values for K, tmax.",12.4,elongated,-1,FALSE,0,51,61,Bregmaceros,Meteor anchovy,0,0,1,pelagic-neritic,WaterAssumed,10,very high,harmless,no special ability,0.5
23222,Chorisochismus dentex,18445,30,3.1700000762939453,0.3700000047683716,0.0038904501125216484,0.17100000381469727,3.119999885559082,0.09000000357627869,0.09000000357627869,2,11,0,20,7.2597905629256,750.694335427755,16,24.4,27.6,benthic,24.600000381469727,-1.91,17,31.399999618530273,8.72091007232666,7.900000095367432,0.5,Low; decline threshold 0.85,6.2,elongated,0,FALSE,0,7,9,Chorisochismus,Rocksucker,0,0,1,demersal,WaterAssumed,61.08,unknown,harmless,no special ability,1
23229,Rhinolepadichthys lineatus,18450,4.5,3.4000000953674316,0.3499999940395355,0.0038904501125216484,0.17100000381469727,3.119999885559082,0.09000000357627869,0.5199999809265137,7,16,5,25,5.81767214860472,382.417005840191,25,28.3,29.3,benthic,3.8299999237060547,-0.52,25,5.199999809265137,2.442389965057373,1.899999976158142,0.5,High; decline threshold 0.99,29.4,elongated,0,FALSE,0,9,11,Rhinolepadichthys,Doubleline clingfish,0,0,1,reef-associated,WaterAssumed,24.94,unknown,harmless,no special ability,0.5625
23233,Cheilopogon altipennis,18459,46.36000061035156,3.700000047683716,0.5400000214576721,0.0064565399661660194,0.17599999904632568,3.0399999618530273,0.10199999809265137,0.6700000166893005,5,26,0,50,4.46258046772175,152.533269550403,19.2,26.3,27.5,pelagic,38,-0.22,17,4.300000190734863,1.2326899766921997,1.100000023841858,0.5,High; decline threshold 0.99,5.4,elongated,0,FALSE,0,12,14,Cheilopogon,Smallhead flyingfish,0,0,1,pelagic-neritic,WaterAssumed,25.51,medium,harmless,no special ability,0.5
23249,Sargocentron inaequalis,18471,13.789999961853027,3.430000066757202,0.3100000023841858,0.01698240078985691,0.164000004529953,2.9600000381469727,0.08579999953508377,1.2400000095367432,6,8,6,10,5.5186548109225,317.591062361735,25.7,27.7,29,benthic,11.300000190734863,-0.16,25,2.299999952316284,0.9186319708824158,0.699999988079071,0.5,High; decline threshold 0.99,37.4,fusiform / normal,0,FALSE,-1,13,13,Sargocentron,Lattice squirrelfish,0,0,1,reef-associated,WaterAssumed,11.53,medium,harmless,no special ability,0.5
23251,Sargocentron macrosquamis,18472,9,3.3399999141693115,0.30000001192092896,0.01698240078985691,0.164000004529953,2.9600000381469727,0.08579999953508377,1.840000033378601,6,14,4,22,6.02749315886309,430.430079688314,25.7,27.5,28.9,benthic,7.639999866485596,-0.12,25,1.5,0.633421003818512,0.5,0.5,High; decline threshold 0.99,42.9,fusiform / normal,0,FALSE,-1,13,14,Sargocentron,Bigscale squirrelfish,0,0,1,reef-associated,WaterAssumed,10,medium,harmless,no special ability,0.5
23274,Uropterygius nagoensis,18492,80,3.5799999237060547,0.5600000023841858,6.918309954926372e-4,0.16500000655651093,3.119999885559082,0.0982000008225441,0.17000000178813934,5,17,3,30,4.91756207733387,208.814873201585,24.6,28.4,29.3,benthic,65.5999984741211,-0.76,17,16.899999618530273,5.256840229034424,3.700000047683716,0.5,Medium; decline threshold 0.95,7.6,eel-like,0,FALSE,0,26.262663405135658,9.471400954132259,Uropterygius,Nago snakemoray,0,0,1,demersal,WaterAssumed,54.07,unknown,harmless,no special ability,0.5
23329,Pseudanthias lunulatus,18534,9.760000228881836,3.319999933242798,0.4300000071525574,0.014125400222837925,0.18000000715255737,3,0.10000000149011612,0.8799999952316284,43,58,40,75,8.08688756416028,121.690915923729,25.4,27.3,28.2,pelagic,8,-0.26,25,3.0999999046325684,1.3420699834823608,1,0.5,High; decline threshold 0.99,20.8,fusiform / normal,0,FALSE,0,15,16,Pseudanthias,Lunate goldie,0,0,1,reef-associated,WaterAssumed,15.01,very high,harmless,no special ability,0.5
23353,Ostichthys hypsipterygion,18549,20.739999771118164,3.7899999618530273,0.6299999952316284,0.017782799899578094,0.21199999749660492,3.0199999809265137,0.11400000005960464,0.8500000238418579,278,313,270,355,4.13949745166065,125.975256841397,14.7,20,24.3,pelagic,17,-0.22,17,3.299999952316284,1.2636799812316895,0.8999999761581421,0.5,High; decline threshold 0.99,8.7,short and / or deep,0,FALSE,0,13,14,Ostichthys,Highfin soldierfish,0,0,1,reef-associated,WaterAssumed,15.98,medium,harmless,no special ability,0.5
23418,Chelidoperca pleurospilus,18601,15.859999656677246,3.640000104904175,0.5099999904632568,0.005128609947860241,0.2029999941587448,3.130000114440918,0.11100000143051147,0.3700000047683716,104,184,80,300,7.06436817722976,77.0644719092502,14.7,19.1,24.5,pelagic,13,-0.55,25,7.599999904632568,2.9713900089263916,2.200000047683716,0.5,High; decline threshold 0.99,34.4,short and / or deep,0,FALSE,0,35.333278976285634,54.015372429702865,Chelidoperca,Arafura perchlet,0,0,1,demersal,WaterAssumed,32.74,very high,harmless,no special ability,0.5
23517,Iniistius melanopus,18685,26,3.509999990463257,0.4699999988079071,0.010964799672365189,0.19200000166893005,3.049999952316284,0.10499999672174454,0.3799999952316284,6,15,5,64,7.21063194393748,93.8981198481698,23.1,28.2,29.3,benthic,21.940000534057617,-0.45,25,7.400000095367432,2.039560079574585,1.899999976158142,0.5,High; decline threshold 0.99,22.6,fusiform / normal,0,FALSE,0,12,12,Iniistius,Yellowpatch razorfish,0,0,1,reef-associated,WaterAssumed,30.11,very high,harmless,no special ability,0.5
23546,Bembrops caudimacula,18703,24.100000381469727,4.039999961853027,0.4399999976158142,0.0030902998987585306,0.11800000071525574,3.0799999237060547,0.07500000298023224,0.7162544441023725,221,332,186,500,6.24116510172329,52.3119075684073,11,13.1,18.6,pelagic,19.760000228881836,-0.2971064337009106,8,3.8516700076797683,1.8461694027998612,1.3585214146884044,0.5,"Please enter values for K, tmax.",11.4,elongated,0,FALSE,0,14,15,Bembrops,Gaper,0,0,1,bathydemersal,WaterAssumed,12.61,unknown,harmless,no special ability,0.5
23595,Gnatholepis anjerensis,18742,10.25,3.390000104904175,0.5099999904632568,0.009999999776482582,0.1809999942779541,3,0.09870000183582306,0.7099999785423279,5,24,1,46,8.08561124748547,128.183871990895,24.3,27.7,29,benthic,8.399999618530273,-0.32,25,3.9000000953674316,1.6325299739837646,1.2000000476837158,0.5,High; decline threshold 0.99,44.6,fusiform / normal,0,FALSE,0,11,11,Gnatholepis,Eye-bar goby,0,1,1,reef-associated,WaterAssumed,20.33,very high,harmless,no special ability,0.5009999871253967
23647,Vanderhorstia mertensi,18792,11,3.3299999237060547,0.3499999940395355,0.0074130999855697155,0.16899999976158142,3.0899999141693115,0.09019999951124191,0.6700000166893005,2,10,2,50,8.01414181742681,115.805660092505,24.6,28,29.2,benthic,8.319999694824219,-0.31,25,4.199999809265137,1.6844500303268433,1.2999999523162842,0.5,High; decline threshold 0.99,38,elongated,0,FALSE,0,13.72756793073214,14.59028218926864,Vanderhorstia,Mertens' prawn-goby,0,0,1,reef-associated,WaterAssumed,21.46,very high,harmless,no special ability,0.5
23697,Istiblennius rivulatus,18838,11.350000381469727,2,0,0.00758578022941947,0.17399999499320984,3,0.09589999914169312,0.6100000143051147,2,11,0,20,142.761053545102,7174.0628815569,24.4,27.2,29.3,benthic,9.300000190734863,-0.37,25,4.5,1.8848899602890015,1.399999976158142,0.5,High; decline threshold 0.99,50,elongated,0,FALSE,-1,20,23,Istiblennius,Pallid rockskipper,0,0,1,reef-associated,Facultative,23.58,unknown,harmless,no special ability,0.5001000165939331
23719,Luposicya lupus,18862,4.269999980926514,3.1500000953674316,0.33000001311302185,0.0074130999855697155,0.16899999976158142,3.0899999141693115,0.09019999951124191,1.600000023841858,1,8,0,15,8.42322825948221,174.835367827521,24.3,28.1,29.2,benthic,3.5,-0.17,10,1.7000000476837158,0.8441770076751709,0.699999988079071,0.5,High; decline threshold 0.99,33.9,elongated,0,FALSE,0,8,8,Luposicya,Wolfsnout goby,0,0,1,reef-associated,WaterAssumed,10,very high,harmless,no special ability,1
24054,Dactyloptena gilberti,19125,30.5,3.5399999618530273,0.5099999904632568,0.007244360167533159,0.14100000262260437,3.059999942779541,0.08399999886751175,0.6000000238418579,25,47,20,73,3.06982524717974,433.234894809324,24.1,27.7,28.7,benthic,25,-0.28,10,4.699999809265137,1.2986400127410889,1.2000000476837158,0.5,High; decline threshold 0.99,9.8,eel-like,0,FALSE,0,8,8,Dactyloptena,Starry flying gurnard,0,0,1,demersal,WaterAssumed,25.07,unknown,harmless,no special ability,0.5235000252723694
24434,Pseudanthias heemstrai,19374,13,3.380000114440918,0.4399999976158142,0.014125400222837925,0.18000000715255737,3,0.10000000149011612,0.6700000166893005,15,40,15,67,7.90299187218674,110.427085306918,23.5,27.9,29.4,pelagic,10.65999984741211,-0.3,25,4.199999809265137,1.6446499824523926,1.2000000476837158,0.5,High; decline threshold 0.99,34.4,fusiform / normal,0,FALSE,0,13.622595740137848,14.681871957444196,Pseudanthias,Orangehead anthias,0,0,1,reef-associated,WaterAssumed,21.25,very high,harmless,no special ability,0.5
24437,Diploprion drachi,19377,14,4.059999942779541,0.6800000071525574,0.017782799899578094,0.20999999344348907,3.0399999618530273,0.11599999666213989,0.8227201387741022,1,6,0,10,6.58853921728435,51.3297591049595,25.2,28.6,29.3,pelagic,11.479999542236328,-0.2610449631534588,25,3.56381578543772,1.4280798060866882,1.0827553653046622,0.5,"Please enter values for K, tmax.",14.9,fusiform / normal,0,FALSE,-0.2000046446034803,15.319768539237364,16.106773227735435,Diploprion,Yellowfin soapfish,0,0,1,reef-associated,WaterAssumed,10,very high,harmless,no special ability,0.75
24438,Plesiops nigricans,19378,17,3.5,0.6000000238418579,0.0123027004301548,0.1979999989271164,2.9800000190734863,0.1080000028014183,0.4000000059604645,5,30,5,30,7.55179798422152,95.2320915949854,24.3,27.3,29.3,benthic,13.9399995803833,-0.47,25,7,2.6828300952911377,2,0.5,High; decline threshold 0.99,13.3,elongated,0,FALSE,-0.20140998239848182,13.282457459891948,14.720793830396772,Plesiops,Whitespotted longfin,0,0,1,reef-associated,WaterAssumed,29.01,unknown,harmless,no special ability,0.5
24440,Pseudochromis olivaceus,19380,9,3.5,0.49000000953674316,0.01122019998729229,0.16599999368190765,2.890000104904175,0.09300000220537186,0.8199999928474426,1,20,1,20,7.84152084446291,95.2320915949854,23.8,27.8,29.3,benthic,7.380000114440918,-0.27,25,3.4000000953674316,1.4206000566482544,1.100000023841858,0.5,High; decline threshold 0.99,19,short and / or deep,-0.22056940674067158,FALSE,0,22.488955840383685,22.798072869414142,Pseudochromis,Olive dottyback,0,0,1,reef-associated,WaterAssumed,16.55,unknown,harmless,no special ability,0.5
24441,Pseudochromis springeri,19381,5.5,3.5,0.5,0.01148150023072958,0.19499999284744263,2.950000047683716,0.10599999874830246,1.2999999523162842,2,60,2,60,7.97145325214617,95.2320915949854,23.5,26.8,29.3,benthic,4.510000228881836,-0.19,25,2.0999999046325684,0.9444980025291443,0.699999988079071,0.5,High; decline threshold 0.99,26.3,short and / or deep,-0.3922045376053454,FALSE,0,22.499675382901856,22.83263905317224,Pseudochromis,Blue-striped dottyback,0,0,1,reef-associated,WaterAssumed,10.53,unknown,harmless,no special ability,0.5
24442,Pseudochromis dixurus,19382,9,3.5,0.49000000953674316,0.01148150023072958,0.19499999284744263,2.950000047683716,0.10599999874830246,0.8199999928474426,5,60,5,60,7.84152084446291,95.2320915949854,23.5,26.8,29.3,benthic,7.360000133514404,-0.27,25,3.4000000953674316,1.4206000566482544,1.100000023841858,0.5,High; decline threshold 0.99,19.5,short and / or deep,-0.21010998747753207,FALSE,0,9,9.000000000000002,Pseudochromis,Forktail dottyback,0,0,1,reef-associated,WaterAssumed,16.55,unknown,harmless,no special ability,0.5
24817,Gerres macracanthus,19679,30,3.380000114440918,0.3199999928474426,0.009999999776482582,0.1420000046491623,3.009999990463257,0.08129999786615372,0.4699999988079071,3,12,1,22,7.31516034088116,113.960964561367,24.7,28.4,29.3,benthic,24.600000381469727,-0.34,25,6,1.6957099437713623,1.5,0.5,High; decline threshold 0.99,19.8,short and / or deep,0,FALSE,0,32.09836937599874,35.91352421911189,Gerres,Longspine silverbiddy,0,1,1,demersal,WaterAssumed,26.94,medium,harmless,no special ability,0.5
25033,Rhabdamia spilota,19801,6,3.4000000953674316,0.44999998807907104,0.01122019998729229,0.16899999976158142,3.069999933242798,0.09220000356435776,1.5399999618530273,23,38,20,55,8.16724753608216,110.427085306918,26.37912702830195,28.322661843611087,29.14761860819849,pelagic,5.190000057220459,-0.15,25,1.7999999523162842,0.8021669983863831,0.6000000238418579,0.5,High; decline threshold 0.99,24.7,fusiform / normal,0,FALSE,0,9,9,Rhabdamia,Egyptian sweeper,0,0,1,reef-associated,WaterAssumed,10,high,harmless,no special ability,0.5625
25042,Palutrus meteori,19808,6.199999809265137,3.2200000286102295,0.3400000035762787,0.0074130999855697155,0.16899999976158142,3.0899999141693115,0.09019999951124191,1.1399999856948853,2,6,1,10,8.26902579682302,146.427735207108,21.5,26.5,27.8,benthic,5.079999923706055,-0.21,25,2.4000000953674316,1.0600500106811523,0.800000011920929,0.5,High; decline threshold 0.99,24.3,fusiform / normal,0,FALSE,0,8,8,Palutrus,Meteor goby,0,0,1,reef-associated,WaterAssumed,12.01,very high,harmless,no special ability,0.5625
25239,Rhinobatos punctifer,19979,88.9000015258789,3.7300000190734863,0.4099999964237213,0.0019498399924486876,0.0940999984741211,3.130000114440918,0.06530000269412994,0.23999999463558197,78,110,70,150,4.34927406517706,142.061590946294,22.9,26.4,28.5,benthic,72.9000015258789,-0.51,25,12,3.781899929046631,2.5999999046325684,0.5,Medium; decline threshold 0.95,12.9,fusiform / normal,0,FALSE,0,10.384307988183268,11.037483625661242,Rhinobatos,Spotted guitarfish,0,0,1,benthopelagic,WaterAssumed,42.41,low,harmless,no special ability,0.5
25377,Enneapterygius obscurus,20069,3.049999952316284,3.0799999237060547,0.3100000023841858,0.007762469816952944,0.1850000023841858,3.0799999237060547,0.10199999809265137,2.569999933242798,4,13,2,22,8.74347435934357,215.140357874308,26.9,28.4,29.3,benthic,2.5,-0.12,25,1,0.5172020196914673,0.4000000059604645,0.5,High; decline threshold 0.99,93.3,fusiform / normal,0,FALSE,0,9,10,Enneapterygius,Crimson triplefin,0,0,1,demersal,WaterAssumed,10,unknown,harmless,no special ability,0.5
25413,Arothron diadematus,20074,30,3.359999895095825,0.4699999988079071,0.03715350106358528,0.1899999976158142,2.869999885559082,0.08919999748468399,0.550000011920929,5,26,0,50,6.02749315886309,430.430079688314,24.8,27,29.4,benthic,24.600000381469727,-0.29,25,5.199999809265137,1.4495999813079834,1.2999999523162842,0.5,High; decline threshold 0.99,9.4,short and / or deep,-0.20261084700625354,FALSE,0,19.62634635181158,20.99895514491801,Arothron,Masked puffer,0,0,1,reef-associated,WaterAssumed,24.86,very high,poisonous to eat,no special ability,0.5
25414,Canthigaster pygmaea,20075,5.599999904632568,3.049999952316284,0.30000001192092896,0.03630780056118965,0.18700000643730164,2.880000114440918,0.09870000183582306,2.609999895095825,4,17,2,30,8.54161041181905,1157.95249365768,24.3,26.9,29.2,benthic,4.590000152587891,-0.09,25,1.100000023841858,0.48151499032974243,0.4000000059604645,0.5,High; decline threshold 0.99,26,elongated,0,FALSE,0,9.769856635554948,10.361600128641248,Canthigaster,Pygmy toby,0,0,1,reef-associated,WaterAssumed,10,very high,harmless,no special ability,0.5
25418,Oxymonacanthus halli,20079,7,3.5999999046325684,0.5,0.010471300221979618,0.20200000703334808,3.059999942779541,0.1080000028014183,1.309999942779541,2,6,1,10,4.87395181318064,202.394589823411,24.5,27.2,29.2,benthic,5.739999771118164,-0.18,25,2.0999999046325684,0.9094020128250122,0.699999988079071,0.5,High; decline threshold 0.99,22.7,fusiform / normal,0,FALSE,0,9.769178990093195,10.357150576426172,Oxymonacanthus,Red Sea longnose filefish,0,0,1,reef-associated,WaterAssumed,10.53,unknown,harmless,no special ability,0.75
25419,Sufflamen albicaudatum,20080,22,3.5899999141693115,0.18000000715255737,0.026915300637483597,0.16300000250339508,2.9100000858306885,0.08969999849796295,0.49000000953674316,4,12,2,20,5.81767214860472,382.417005840191,24.6,28.1,29.3,benthic,18.040000915527344,-0.36,25,5.800000190734863,2.1370599269866943,1.5,0.5,High; decline threshold 0.99,11.4,short and / or deep,-0.19564910876175412,FALSE,0,12.967241073907424,13.73989908078563,Sufflamen,Bluethroat triggerfish,0,0,1,reef-associated,WaterAssumed,25.56,medium,harmless,no special ability,0.5311999917030334
25420,Rhinecanthus assasi,20081,30,4.460000038146973,0.12999999523162842,0.026915300637483597,0.16300000250339508,2.9100000858306885,0.08969999849796295,0.36000001430511475,5,26,0,50,5.32724181434293,279.228414881974,24.7,27.1,29.3,benthic,25.260000228881836,-0.45,25,7.900000095367432,2.2077300548553467,2,0.5,High; decline threshold 0.99,9.4,short and / or deep,-0.21104099937646892,FALSE,0,12.45013421950122,13.200275172495125,Rhinecanthus,Picasso triggerfish,0,0,1,reef-associated,WaterAssumed,31.32,medium,harmless,no special ability,0.5077999830245972
25428,Chaetodon mesoleucos,20088,13,3.2799999713897705,0.5899999737739563,0.02290870063006878,0.15700000524520874,3,0.0860000029206276,0.9700000286102295,6,13,5,20,7.98613289340678,130.50373732414,26.9,28.3,29.3,benthic,11.180000305175781,-0.2,25,2.9000000953674316,1.1432100534439087,0.800000011920929,0.5,High; decline threshold 0.99,34.4,short and / or deep,-0.6157782234078233,TRUE,0,18.802021564557425,20.572914423202356,Chaetodon,White-face butterflyfish,0,0,1,reef-associated,WaterAssumed,14.21,unknown,harmless,no special ability,0.5
25447,Pempheris adusta,20098,17,3.4600000381469727,0.4699999988079071,0.01288249995559454,0.13300000131130219,3.0299999713897705,0.08190000057220459,0.550000011920929,2,11,0,20,7.72535122707492,107.08122617311,22.7,28.2,29.2,benthic,13.9399995803833,-0.34,17,5.099999904632568,1.952970027923584,1.399999976158142,0.5,High; decline threshold 0.99,17.8,short and / or deep,0,FALSE,0,8,10,Pempheris,Dusky sweeper,0,0,1,reef-associated,WaterAssumed,24.02,unknown,harmless,no special ability,0.5
25453,Istiblennius unicolor,20103,12.4399995803833,2,0,0.00758578022941947,0.17399999499320984,3,0.09589999914169312,0.5600000023841858,2,11,0,20,142.031158907086,7174.0628815569,24.6,28.9,29.3,benthic,10.199999809265137,-0.38,25,5,2.015439987182617,1.5,0.5,High; decline threshold 0.99,45.1,elongated,0,FALSE,-1,17,18,Istiblennius,Pallid rockskipper,0,0,1,demersal,Facultative,25.19,unknown,harmless,no special ability,0.5001000165939331
25452,Eviota guttata,20104,3.200000047683716,3.0899999141693115,0.3199999928474426,0.007943280041217804,0.15199999511241913,3.059999942779541,0.08330000191926956,2.0999999046325684,2,9,1,15,8.64167381902153,203.687928981896,24.7,28.3,29.3,benthic,2.619999885559082,-0.13,25,1.2999999523162842,0.6537169814109802,0.5,0.5,High; decline threshold 0.99,94.28611787464443,elongated,0,FALSE,0,8,9,Eviota,Spotted dwarfgoby,0,0,1,reef-associated,WaterAssumed,10,very high,harmless,no special ability,0.5
25463,Tomiyamichthys latruncularius,20108,10,3.309999942779541,0.3499999940395355,0.0074130999855697155,0.16899999976158142,3.0899999141693115,0.09019999951124191,0.7300000190734863,6,24,2,45,8.0702288860007,119.667034845107,25.7,27.3,28.6,benthic,8.199999809265137,-0.29,25,3.799999952316284,1.5587600469589233,1.2000000476837158,0.5,High; decline threshold 0.99,18.2,elongated,0,FALSE,0,9,10,Tomiyamichthys,Fan shrimp-goby,0,0,1,reef-associated,WaterAssumed,19.5,very high,harmless,no special ability,0.5
25509,Pleurosicya micheli,20128,2.5,3.0399999618530273,0.3199999928474426,0.0074130999855697155,0.16899999976158142,3.0899999141693115,0.09019999951124191,2.630000114440918,14,12,10,50,8.95521514025432,234.347136996985,24.8,27.8,29.3,benthic,2.0299999713897705,-0.11,25,1,0.5126649737358093,0.4000000059604645,0.5,High; decline threshold 0.99,93.3,elongated,0,FALSE,0,7,8,Pleurosicya,Michel's ghost goby,0,0,1,reef-associated,WaterAssumed,10,very high,harmless,no special ability,0.5
25543,Trimma flammeum,20155,2.680000066757202,3,0,0.010232900269329548,0.16699999570846558,3.009999990463257,0.09099999815225601,2.4700000286102295,2,13,0,25,9.40684248679787,272.572962744487,24.7,28.4,29.3,benthic,2.200000047683716,-0.12,25,1.100000023841858,0.5577229857444763,0.4000000059604645,0.5,High; decline threshold 0.99,45.5,fusiform / normal,0,FALSE,0,8.722484347571623,9.355375584475988,Trimma,Flame pygmygoby,0,0,1,reef-associated,WaterAssumed,10,very high,harmless,no special ability,0.5
25620,Trimmatom nanus,20218,1.2200000286102295,2.9000000953674316,0.30000001192092896,0.0074130999855697155,0.16899999976158142,3.0899999141693115,0.09019999951124191,5.110000133514404,20,30,5,35,11.3586957545044,391.755726440634,27.8,28.2,29,benthic,1,-0.07,25,0.5,0.3199079930782318,0.30000001192092896,0.5,High; decline threshold 0.99,73.4,elongated,0,FALSE,0,8,9,Trimmatom,Dwarf atom goby,0,0,1,demersal,WaterAssumed,10,unknown,harmless,no special ability,0.5077999830245972
25622,Mobula eregoodoo,20220,131.9499969482422,3.4000000953674316,0.44999998807907104,0.009999999776482582,0.31299999356269836,3.0399999618530273,0.11900000274181366,0.3383336206953609,5,26,0,50,0.823309897639126,185.263148957248,25.6,28.2,29.1,pelagic,108.19999694824219,-0.8292123625423666,25,18.67571791335361,7.77714070012262,4.29138833257206,0.5,"Please enter values for K, tmax.",13.7,other,0,FALSE,0,13.347328848817396,28.493634129501206,Mobula,Longhorned pygmy devil ray,0,0,1,pelagic-oceanic,WaterAssumed,67.43,medium,harmless,no special ability,0.5019999742507935
25699,Synchiropus sechellensis,20275,13.130000114440918,3.440000057220459,0.3799999952316284,0.007943280041217804,0.1770000010728836,2.819999933242798,0.094200000166893,0.5400000214576721,7,35,1,68,8.31016982623873,132.909608534987,23.3,26.1,28.2,benthic,10.770000457763672,-0.14,25,2,0.7826290130615234,0.6000000238418579,0.5,High; decline threshold 0.99,34.2,eel-like,0,FALSE,0,32.365928284139486,32.56165664586792,Synchiropus,Seychelles dragonet,0,0,1,demersal,WaterAssumed,10,unknown,harmless,no special ability,0.5
25754,Bodianus opercularis,20312,18,3.5,0.3700000047683716,0.010471300221979618,0.16500000655651093,3.0899999141693115,0.08980000019073486,0.5299999713897705,39,56,35,75,7.51624432830085,95.2320915949854,23.5,25.5,27.7,benthic,14.789999961853027,-0.35,25,5.300000190734863,2.0236599445343018,1.5,0.5,High; decline threshold 0.99,12.8,fusiform / normal,0,FALSE,0,9,10,Bodianus,Blackspot hogfish,0,0,1,reef-associated,WaterAssumed,24.47,very high,harmless,no special ability,0.5
25759,Cirrhilabrus blatteus,20314,16,3.4000000953674316,0.44999998807907104,0.010715199634432793,0.2029999941587448,3.0299999713897705,0.10999999940395355,0.6000000238418579,41,46,40,50,7.7921237117802296,110.427085306918,19.7,23.8,23.8,pelagic,11,-0.32,25,4.699999809265137,1.8040800094604492,1.2999999523162842,0.5,High; decline threshold 0.99,13.8,fusiform / normal,-0.1870873394191934,FALSE,0,13.686037810277035,14.325370744963672,Cirrhilabrus,Purple-boned wrasse,0,0,1,reef-associated,WaterAssumed,23.01,very high,harmless,no special ability,0.5
25781,Minilabrus striatus,20334,6,3.4000000953674316,0.44999998807907104,0.004897790029644966,0.19499999284744263,3.130000114440918,0.10700000077486038,1.4800000190734863,2,7,1,12,8.16724753608216,110.427085306918,28.6,29.1,29.3,pelagic,4.920000076293945,-0.16,25,1.899999976158142,0.8307679891586304,0.6000000238418579,0.5,High; decline threshold 0.99,24.7,fusiform / normal,-0.18974841610928767,FALSE,0,10.315008448133094,10.698468452116412,Minilabrus,Minute wrasse,0,0,1,reef-associated,WaterAssumed,10,very high,harmless,no special ability,1
25787,Thalassoma rueppellii,20338,20,3.5,0.3700000047683716,0.009999999776482582,0.1770000010728836,3.049999952316284,0.08889999985694885,0.47999998927116394,1,30,0,30,7.44555393069226,95.2320915949854,24.4,27,29.3,benthic,15.8100004196167,-0.38,25,5.900000095367432,2.188380002975464,1.600000023841858,0.5,High; decline threshold 0.99,12,fusiform / normal,-0.7872809342680038,FALSE,0,11.483846045684768,12.251435685474176,Thalassoma,Klunzinger's wrasse,0,0,1,reef-associated,WaterAssumed,25.85,very high,harmless,no special ability,0.5
25788,Labroides quadrilineatus,20339,11.5,3.3399999141693115,0.6100000143051147,0.009772369638085365,0.16599999368190765,3.069999933242798,0.09030000120401382,0.8100000023841858,1,8,0,15,8.0210220298118209,121.690915923729,24.8,27.6,29.2,benthic,9.279999732971191,-0.25,25,3.5,1.3926000595092773,1,0.5,High; decline threshold 0.99,57.3,fusiform / normal,0,FALSE,0,11,11,Labroides,Blue four-line wrasse,0,0,1,reef-associated,WaterAssumed,16.49,very high,harmless,no special ability,0.5038999915122986
25794,Ecsenius aroni,20344,5.5,2,0,0.00758578022941947,0.17399999499320984,3,0.09589999914169312,1.190000057220459,12,24,10,37,146.738129200155,7174.0628815569,24.5,26.4,27.4,benthic,4.510000228881836,-0.21,25,2.299999952316284,1.0293699502944946,0.800000011920929,0.5,High; decline threshold 0.99,65.6,elongated,0,FALSE,-1,16,18,Ecsenius,Aron's blenny,0,0,1,reef-associated,WaterAssumed,11.53,unknown,harmless,no special ability,0.5
25797,Cryptocentrus cryptocentrus,20346,13,3.359999895095825,0.3499999940395355,0.010232900269329548,0.16699999570846558,3.009999990463257,0.09099999815225601,0.5699999928474426,1,6,0,10,7.88833147855178,108.73198473561,24.6,27.1,29.1,benthic,9.850000381469727,-0.35,25,4.900000095367432,1.9358099699020386,1.399999976158142,0.5,High; decline threshold 0.99,39,fusiform / normal,0,FALSE,0,10,10,Cryptocentrus,Ninebar prawn-goby,0,0,1,reef-associated,WaterAssumed,23.67,very high,harmless,no special ability,0.5
25800,Cryptocentrus lutheri,20349,11,3.3299999237060547,0.3499999940395355,0.0074130999855697155,0.16899999976158142,3.0899999141693115,0.09019999951124191,0.6700000166893005,2,11,0,20,8.01414181742681,115.805660092505,26.3,27.5,29.1,benthic,8.260000228881836,-0.31,25,4.199999809265137,1.6844500303268433,1.2999999523162842,0.5,High; decline threshold 0.99,38,fusiform / normal,0,FALSE,0,10.242073340934992,10.63612499916925,Cryptocentrus,Luther's prawn-goby,0,0,1,reef-associated,WaterAssumed,21.46,very high,harmless,no special ability,0.5
25955,Hippocampus fuscus,20468,13.1899995803833,3.380000114440918,0.3700000047683716,0.00446684006601572,0.20600000023841858,3,0.1120000034570694,1.1299999952316284,1,6,0,10,5.86920747660472,394.045459388404,24.8,28.2,29.3,benthic,10.819999694824219,-0.17,25,2.5,0.9740430116653442,0.699999988079071,0.5,High; decline threshold 0.99,32.3,other,0,FALSE,0,14,17,Hippocampus,Sea pony,0,0,1,demersal,WaterAssumed,12.47,unknown,harmless,no special ability,0.5
26343,Helcogramma steinitzi,20639,7.320000171661377,3.069999933242798,0.3400000035762787,0.00616595009341836,0.16599999368190765,3.0299999713897705,0.09300000220537186,1.149999976158142,1,7,0,12,8.62534739270209,221.260264392295,25,27.5,29.2,benthic,6,-0.21,25,2.4000000953674316,1.0650800466537476,0.800000011920929,0.5,High; decline threshold 0.99,54.5,elongated,0,FALSE,0,10,12,Helcogramma,Red triplefin,0,0,1,reef-associated,WaterAssumed,12.01,unknown,harmless,no special ability,0.5
26632,Apogonichthyoides pseudotaeniatus,20827,14,3.5399999618530273,0.5,0.01122019998729229,0.16899999976158142,3.069999933242798,0.09220000356435776,0.7099999785423279,2,11,0,20,7.57322895792502,91.3173167616881,24.6,28.3,28.9,benthic,11.479999542236328,-0.28,25,3.9000000953674316,1.5288699865341187,1.100000023841858,0.5,High; decline threshold 0.99,32.8,short and / or deep,-0.19412175442160776,FALSE,0,8.81641312723839,9,Apogonichthyoides,Doublebar cardinalfish,0,0,1,reef-associated,WaterAssumed,19.81,high,harmless,no special ability,0.5
26633,Tylosurus choram,20828,120,4.389999866485596,0.6600000262260437,0.0012589299585670233,0.17800000309944153,3.109999895095825,0.09260000288486481,0.2800000011920929,10,50,0,100,3.35913556135114,78.5929678087752,23.3,26.9,29.3,pelagic,110.58000183105469,-0.4,25,10.300000190734863,3.364729881286621,2.200000047683716,0.5,Medium; decline threshold 0.95,9,elongated,0,FALSE,0,20,24,Tylosurus,Red Sea houndfish,0,0,1,pelagic-oceanic,WaterAssumed,45.01,medium,harmless,no special ability,0.5009999871253967
26636,Amblyeleotris triguttata,20831,9,3.2899999618530273,0.3499999940395355,0.0074130999855697155,0.16899999976158142,3.0899999141693115,0.09019999951124191,0.8100000023841858,3,10,2,17,8.12242428279895,123.782130760317,26.7,28.1,29.2,benthic,6.829999923706055,-0.27,25,3.4000000953674316,1.4414700269699097,1.100000023841858,0.5,High; decline threshold 0.99,42.9,elongated,0,FALSE,0,13,13,Amblyeleotris,Triplespot shrimpgoby,0,0,1,demersal,WaterAssumed,16.55,very high,harmless,no special ability,0.5
26638,Chromis flavaxilla,20832,7.199999809265137,3.4000000953674316,0.44999998807907104,0.01819700002670288,0.17599999904632568,3,0.09049999713897705,0.8999999761581421,2,10,0,18,8.12136504376915,110.427085306918,26.1,27.8,29.2,pelagic,5.900000095367432,-0.26,25,3.0999999046325684,1.3095699548721313,1,0.5,High; decline threshold 0.99,22.3,short and / or deep,-1,FALSE,0,10,12,Chromis,Arabian chromis,0,0,1,reef-associated,WaterAssumed,15.01,unknown,harmless,no special ability,0.5
26639,Torquigener flavimaculosus,20833,16,3.3299999237060547,0.20000000298023224,0.030199499800801277,0.11900000274181366,2.890000104904175,0.07259999960660934,0.9900000095367432,8,31,3,57,6.24903477250166,482.911854311774,21,26.9,29.2,benthic,13.119999885559082,-0.19,25,2.799999952316284,1.0973199605941772,0.800000011920929,0.5,High; decline threshold 0.99,25.5,short and / or deep,0,FALSE,0,9,9,Torquigener,Yellowspotted puffer,0,0,1,reef-associated,WaterAssumed,13.79,high,venomous,no special ability,0.5
26773,Xenisthmus balius,20939,3.7799999713897705,3.130000114440918,0.4099999964237213,0.0038904501125216484,0.17100000381469727,3.119999885559082,0.09000000357627869,1.462876525027561,3,10,2,17,8.57831776644205,198.332109082671,25,27.3,28.9,pelagic,3.0999999046325684,-0.277578848683151,25,2.869881568521154,1.3385140667403816,1.0401347273824164,0.5,"Please enter values for K, tmax.",138,elongated,0,FALSE,0,13,14,Xenisthmus,Freckled wriggler,0,0,1,demersal,WaterAssumed,10,unknown,harmless,no special ability,0.5009999871253967
26810,Pseudochromis nigrovittatus,20973,9,3.5,0.49000000953674316,0.004897790029644966,0.21199999749660492,3.109999895095825,0.11500000208616257,0.8199999928474426,1,8,0,15,7.84152084446291,95.2320915949854,26.2,27.6,28.8,benthic,6.760000228881836,-0.27,25,3.4000000953674316,1.4206000566482544,1.100000023841858,0.5,High; decline threshold 0.99,42.9,fusiform / normal,0,FALSE,0,9.786976964697264,10.375728321534123,Pseudochromis,Blackstripe dottyback,0,0,1,reef-associated,WaterAssumed,16.55,unknown,harmless,no special ability,0.5
26993,Callogobius amikami,21112,3.9000000953674316,3.130000114440918,0.33000001311302185,0.010232900269329548,0.16699999570846558,3.009999990463257,0.09099999815225601,1.75,5,26,0,50,8.48082678575886,183.617479979906,25.474642074049175,28.265371245670735,29.281841313087714,benthic,3.200000047683716,-0.15,25,1.600000023841858,0.7302539944648743,0.6000000238418579,0.5,High; decline threshold 0.99,80.8,fusiform / normal,0,FALSE,0,10,10,Callogobius,Slimy goby,0,0,1,demersal,WaterAssumed,10,unknown,harmless,no special ability,0.5
27000,Plesiops mystaxus,21120,9,3.440000057220459,0.5199999809265137,0.014125400222837925,0.15800000727176666,2.9800000190734863,0.09600000083446503,0.7200000286102295,1,5,0,8,7.98486237203264,103.903707009912,25,27.5,29.1,benthic,7.380000114440918,-0.31,25,3.9000000953674316,1.6154099702835083,1.2000000476837158,0.5,High; decline threshold 0.99,43.8,fusiform / normal,0,FALSE,0,7,7,Plesiops,Moustache longfin,0,0,1,demersal,WaterAssumed,19.9,unknown,harmless,no special ability,0.5
27015,Istiblennius pox,21136,13,2,0,0.00758578022941947,0.17399999499320984,3,0.09589999914169312,0.5299999713897705,2,11,0,20,141.657469092999,7174.0628815569,26.4,27.6,29.2,benthic,10.800000190734863,-0.38,25,5.300000190734863,2.0783300399780273,1.5,0.5,High; decline threshold 0.99,39,elongated,0,FALSE,-1,20,23,Istiblennius,Scarface rockskipper,0,0,1,demersal,Facultative,24.47,unknown,harmless,no special ability,0.5001000165939331
27024,Equulites klunzingeri,21142,16.350000381469727,3.5,0.3700000047683716,0.01122019998729229,0.06390000134706497,3.0899999141693115,0.03150000050663948,0.27000001072883606,16,44,10,77,7.68025548988983,95.2320915949854,24.5,26.5,29.3,benthic,13.399999618530273,-0.6761074905145114,25,8.414799690246582,3.4577300548553467,2.5612900257110596,0.5,High; decline threshold 0.99,18,fusiform / normal,0,FALSE,0,15,16,Equulites,Klunzinger's ponyfish,0,0,1,demersal,WaterAssumed,31.84,high,harmless,no special ability,0.5001999735832214
27060,Torpedo panthera,21168,100,4.550000190734863,0.800000011920929,0.014791100285947323,0.17599999904632568,2.9700000286102295,0.09549999982118607,0.07999999821186066,41,162,1,350,3.29801723733119,70.3062567988262,18.5,23.4,26.3,benthic,82,-1.56,25,35.900001525878906,11.452099800109863,7.599999904632568,0.5,Low; decline threshold 0.85,4.6,other,0,FALSE,0,7.800843444795898,8.40410737811051,Torpedo,Panther electric ray,0,0,1,demersal,WaterAssumed,68.14,medium,other,strongly discharging,0.5005000233650208
27176,Rhinoptera jayakari,21261,131.9499969482422,3.549999952316284,0.5,0.01148150023072958,0.20200000703334808,2.9800000190734863,0.11100000143051147,0.29805114055910625,9.71701497579087,44.02129441722015,0.3988748649623521,89.09160107079923,0.85985954209357,149.059893317289,23.351126253909428,27.38327420892694,28.642662804269843,benthic,108.19999694824219,-0.9437611466546759,25,11.9054696922026,3.7508137491781164,2.8350036441291078,0.5,"Please enter values for K, tmax.",4.9,short and / or deep,0,FALSE,0,36.29021820391848,38.270172836501864,Rhinoptera,Oman cownose ray,0,0,1,benthopelagic,WaterAssumed,60.07,medium,harmless,no special ability,0.5156000256538391
27245,Istiblennius flaviumbrinus,21324,10.979999542236328,2,0,0.00758578022941947,0.17399999499320984,3,0.09589999914169312,0.6299999952316284,2,11,0,20,143.009586102974,7174.0628815569,26.6,28.4,29.3,benthic,9,-0.35,25,4.400000095367432,1.850469946861267,1.399999976158142,0.5,High; decline threshold 0.99,48.7,elongated,0,FALSE,0,16,17,Istiblennius,Leaping blenny,0,0,1,demersal,Facultative,23.12,unknown,harmless,no special ability,0.5001000165939331
27295,Ecsenius dentex,21360,5.860000133514404,2,0,0.00758578022941947,0.17399999499320984,3,0.09589999914169312,1.1200000047683716,0,2,0,4,146.490370415935,7174.0628815569,24.3,26.6,28.4,benthic,4.800000190734863,-0.23,25,2.4000000953674316,1.1368499994277954,0.8999999761581421,0.5,High; decline threshold 0.99,70.9,elongated,0,FALSE,-1,13,15,Ecsenius,Dentex blenny,0,0,1,demersal,WaterAssumed,12.01,unknown,harmless,no special ability,0.5
27319,Gymnothorax angusticauda,21372,57.5,3.940000057220459,0.6299999952316284,4.6773499343544245e-4,0.14000000059604645,3.2799999713897705,0.07930000126361847,0.2199999988079071,2,9,1,15,3.68860194625463,102.283294078932,22.5,27.1,28.4,pelagic,47.150001525878906,-0.63,25,13,3.907680034637451,3,0.5,Medium; decline threshold 0.95,15.9,eel-like,0,FALSE,0,2.013145984050822,20.571110285018293,Gymnothorax,Narrowtail moray,0,0,1,benthopelagic,WaterAssumed,42.24,medium,harmless,no special ability,0.5
27323,Trichonotus nikii,21374,13.90999984741211,3.369999885559082,0.4399999976158142,0.001023289980366826,0.17499999701976776,3.059999942779541,0.08959999680519104,0.5602834729725046,227,236,225,245,7.90518792888081,115.805660092505,21.8,21.8,21.9,pelagic,11.399999618530273,-0.36073380749877426,25,5.863032097128348,1.9199951703605302,1.573377197061326,0.5,"Please enter values for K, tmax.",42.3,elongated,-0.38051220030780253,FALSE,0,19.773260462116934,22.117097849495853,Trichonotus,Birdled jawfish,0,0,1,demersal,WaterAssumed,10,unknown,harmless,no special ability,0.5019999742507935
27325,Gymnothorax punctatus,21375,90,4.059999942779541,0.6499999761581421,4.6773499343544245e-4,0.14000000059604645,3.2799999713897705,0.07930000126361847,0.15000000596046448,5,26,0,50,3.5154252749784,94.707908377615,24.7,27,28.7,pelagic,73.80000305175781,-0.83,25,19.200000762939453,6.055739879608154,4.199999809265137,0.5,Low; decline threshold 0.85,12.2,eel-like,0,FALSE,0,0,0,Gymnothorax,Red Sea whitespotted moray,0,0,1,reef-associated,WaterAssumed,55.78,medium,harmless,no special ability,0.5
27334,Gymnothorax moluccensis,21385,45,4.199999809265137,0.7300000190734863,4.6773499343544245e-4,0.14000000059604645,3.2799999713897705,0.07930000126361847,0.2800000011920929,4,14,2,25,3.41168099670232,87.781415273917,25,28.4,29.3,pelagic,36.900001525878906,-0.53,25,10.199999809265137,2.9704198837280273,2.4000000953674316,0.5,Medium; decline threshold 0.95,7.4,eel-like,0,FALSE,0,73.60580226095574,13.819524869608166,Gymnothorax,Moluccan moray,0,0,1,reef-associated,WaterAssumed,35.94,medium,harmless,no special ability,0.5
27347,Uropterygius polyspilus,21393,78,3.5799999237060547,0.550000011920929,6.918309954926372e-4,0.16500000655651093,3.119999885559082,0.0982000008225441,0.17000000178813934,2,10,1,18,4.87395181318064,202.394589823411,26.4,28.6,29.3,benthic,63.959999084472656,-0.76,25,16.899999618530273,5.245659828186035,3.700000047683716,0.5,Medium; decline threshold 0.95,11.7,eel-like,0,FALSE,0,4.710625479561209,5.421511820610686,Uropterygius,Large-spotted snake moray,0,0,1,reef-associated,WaterAssumed,53.24,unknown,harmless,no special ability,0.5
27351,Skythrenchelys macrostoma,21397,22.5,3.859999895095825,0.6800000071525574,7.585780113004148e-4,0.21799999475479126,3.059999942779541,0.11500000208616257,0.9100000262260437,6,26,1,50,3.84701014573481,109.35410360272,28,28.7,29.2,benthic,18.450000762939453,-0.19,25,3.0999999046325684,0.8379790186882019,0.800000011920929,0.5,High; decline threshold 0.99,11.2,eel-like,0,FALSE,0,35.91655973432662,40.52633345743623,Skythrenchelys,Ordinary snake eel,0,0,1,demersal,WaterAssumed,15.8,unknown,harmless,no special ability,0.75
27423,Lestidiops luetkeni,21450,16.780000686645508,4.139999866485596,0.6399999856948853,0.0018620899645611644,0.19499999284744263,3.130000114440918,0.10599999874830246,0.8199999928474426,1423,2221,1000,4000,4.13949745166065,125.975256841397,2,2.5,3.3,pelagic,13.760000228881836,-0.27,8,3.4000000953674316,1.4206000566482544,1.100000023841858,0.5,High; decline threshold 0.99,18.2,elongated,0,FALSE,0,58.32913836727105,58.478959807210416,Lestidiops,Naked barracuda,0,0,1,bathypelagic,WaterAssumed,16.55,unknown,harmless,no special ability,0.5
27438,Parascorpaena aurita,21465,15,3.6600000858306885,0.5899999737739563,0.014125400222837925,0.11599999666213989,3.009999990463257,0.07410000264644623,0.38999998569488525,4,10,3,15,3.0898719498866,361.813108489499,24.9,28.5,29.3,benthic,12.300000190734863,-0.5,25,7.199999809265137,2.7796099185943604,2,0.5,High; decline threshold 0.99,26.6,fusiform / normal,0,FALSE,0,8,9,Parascorpaena,Golden scorpionfish,0,1,1,reef-associated,WaterAssumed,29.33,high,harmless,no special ability,0.5009999871253967
27483,Jaydia novaeguineae,21507,10.859999656677246,3.390000104904175,0.41609999537467957,0.007079460192471743,0.18700000643730164,3.2200000286102295,0.10400000214576721,0.8899999856948853,26,43,22,62,7.99638337806911,112.169124857551,26.3,27.6,28.5,pelagic,8.899999618530273,-0.25,25,3.0999999046325684,1.2958699464797974,1,0.5,High; decline threshold 0.99,19.6,elongated,-0.4071624516297668,FALSE,0,10.060798493648802,10.51039190173037,Jaydia,Bluestreak cleaner wrasse,0,0,1,reef-associated,WaterAssumed,15.01,high,harmless,no special ability,0.5
27553,Amblygobius esakiae,21556,10.369999885559082,2.9700000286102295,0.1599999964237213,0.0074130999855697155,0.16899999976158142,3.0899999141693115,0.09019999951124191,0.7099999785423279,3,9,2,15,16.3866225612098,667.034811345401,28.2,28.8,29.3,benthic,8.5,-0.31,25,3.9000000953674316,1.6580899953842163,1.2999999523162842,0.5,High; decline threshold 0.99,44.3,elongated,0,FALSE,0,14,15,Amblygobius,Snoutspot goby,0,0,1,reef-associated,WaterAssumed,20.6,very high,harmless,no special ability,0.5
27561,Ctenogobiops maculosus,21562,8.170000076293945,3.390000104904175,0.41999998688697815,0.0074130999855697155,0.16899999976158142,3.0899999141693115,0.09019999951124191,0.8799999952316284,1,5,1,20,8.09808437528003,112.169124857551,26.2,27.5,29.2,pelagic,6.699999809265137,-0.27,25,3.0999999046325684,1.353700041770935,1,0.5,High; decline threshold 0.99,51.2,elongated,0,FALSE,0,11,11,Ctenogobiops,Seychelles shrimpgoby,0,0,1,reef-associated,WaterAssumed,15.01,very high,harmless,no special ability,0.5019999742507935
27570,Pleurosicya plicata,21570,4.269999980926514,3.1500000953674316,0.33000001311302185,0.0074130999855697155,0.16899999976158142,3.0899999141693115,0.09019999951124191,1.600000023841858,12,22,10,32,8.42322825948221,174.835367827521,24.7,27.6,28.8,benthic,3.5,-0.17,25,1.7000000476837158,0.8441770076751709,0.699999988079071,0.5,High; decline threshold 0.99,75.7,elongated,0,FALSE,0,7,8,Pleurosicya,Plicata ghost goby,0,0,1,reef-associated,WaterAssumed,10,very high,harmless,no special ability,0.5
28063,Trimma barralli,38676,3.4200000762939453,3,0,0.010232900269329548,0.16699999570846558,3.009999990463257,0.09099999815225601,1.9700000286102295,8.370403909684923,25.701580969406802,4.3366767332683285,30,9.37422993663442,272.572962744487,24.208760125748263,27.750841080419644,28.964614848325947,benthic,2.799999952316284,-0.15,25,1.399999976158142,0.6669740080833435,0.5,0.5,High; decline threshold 0.99,87.4,fusiform / normal,0,FALSE,0,8.725350263353969,9.360821947391788,Trimma,Barrall's pygmygoby,0,0,1,reef-associated,WaterAssumed,10,very high,harmless,no special ability,0.5
28064,Trimma filamentosum,38677,3.359999895095825,3,0,0.010232900269329548,0.16699999570846558,3.009999990463257,0.09099999815225601,2,2,13,0,24,9.37687000734956,272.572962744487,24.6,27.5,29.3,benthic,2.75,-0.15,25,1.399999976158142,0.6547189950942993,0.5,0.5,High; decline threshold 0.99,87.4,fusiform / normal,0,FALSE,0,10.155647313871311,10.51749031660051,Trimma,Long-spine pygmygoby,0,0,1,demersal,WaterAssumed,10,very high,harmless,no special ability,0.5
28069,Trimma avidori,38680,2.5,3,0,0.009999999776482582,0.13600000739097595,3.009999990463257,0.08190000057220459,2.630000114440918,0,4,0,6,9.41479233000492,272.572962744487,24.8,27.9,29.2,benthic,2.0299999713897705,-0.11,25,1,0.5126649737358093,0.4000000059604645,0.5,High; decline threshold 0.99,82.27966128062631,fusiform / normal,0,FALSE,0,8.740705833300739,9.379478433404623,Trimma,Avidor's pygmygoby,0,0,1,reef-associated,WaterAssumed,10,very high,harmless,no special ability,0.5
28070,Trimma fishelsoni,38681,3.2899999618530273,3,0,0.010232900269329548,0.16699999570846558,3.009999990463257,0.09099999815225601,2.0399999618530273,5,25,1,47,9.37995102213617,272.572962744487,24.20232062100445,27.750503080448606,28.964104134427636,benthic,2.700000047683716,-0.14,25,1.2999999523162842,0.6977779865264893,0.6000000238418579,0.5,High; decline threshold 0.99,89.3,fusiform / normal,0,FALSE,0,8.72362495443907,9.360145778080089,Trimma,Fishelson's pygmygoby,0,0,1,reef-associated,WaterAssumed,10,very high,harmless,no special ability,0.5
28071,Trimma flavicaudatum,38682,2.930000066757202,3,0,0.006918310187757015,0.13199999928474426,2.9100000858306885,0.07900000363588333,2.2699999809265137,8,10,8,12,9.39581213178979,272.572962744487,25,28,29.2,benthic,2.4000000953674316,-0.13,25,1.2000000476837158,0.6426960229873657,0.5,0.5,High; decline threshold 0.99,81.66289021098004,fusiform / normal,0,FALSE,0,8.752889099345081,9.38744430879928,Trimma,Yellow-tailed pygmygoby,0,0,1,reef-associated,WaterAssumed,10,very high,harmless,no special ability,0.5
28072,Trimma mendelssohni,38683,4,3,0,0.0074130999855697155,0.13199999928474426,2.930000066757202,0.0812000036239624,1.7000000476837158,4,12,2,20,9.34874717243794,272.572962744487,24.7,27.5,29.1,benthic,3.2799999713897705,-0.16,25,1.600000023841858,0.7599859833717346,0.6000000238418579,0.5,High; decline threshold 0.99,66.9,fusiform / normal,0,FALSE,0,8.765402164727957,9.404103319371336,Trimma,Mendelssohn's pygmygoby,0,0,1,reef-associated,WaterAssumed,10,very high,harmless,no special ability,0.5
28073,Trimma sheppardi,38684,2.2699999809265137,3,0,0.010232900269329548,0.16699999570846558,3.009999990463257,0.09099999815225601,2.880000114440918,25,46,20,70,9.42496021588804,272.572962744487,20.7,27,28.3,benthic,1.8600000143051147,-0.11,25,0.8999999761581421,0.5487220287322998,0.4000000059604645,0.5,High; decline threshold 0.99,112.1,fusiform / normal,0,FALSE,0,8,9,Trimma,Sheppard's pygmygoby,0,0,1,reef-associated,WaterAssumed,10,very high,harmless,no special ability,0.5
28127,Lepidotrigla bispinosa,38702,16,3.549999952316284,0.5,0.006606929935514927,0.16300000250339508,3.069999933242798,0.09139999747276306,0.5099999904632568,20,61,9,115,3.27453273266836,427.36136676702,22.9,26.7,29.2,benthic,13.119999885559082,-0.37,17,5.5,2.1289100646972656,1.600000023841858,0.5,High; decline threshold 0.99,9.1,short and / or deep,0,FALSE,0,45.29475851579277,48.26263053062894,Lepidotrigla,Bullhorn gurnard,0,0,1,demersal,WaterAssumed,24.91,very high,harmless,no special ability,0.5
28128,Grammoplites suppositus,38703,31,3.8399999141693115,0.38999998569488525,0.006918310187757015,0.1509999930858612,2.9600000381469727,0.09179999679327011,0.38999998569488525,45,94,30,94,2.66811093896792,303.868069180974,21.3,24.8,27.7,benthic,25.420000076293945,-0.41,17,7.300000190734863,2.040030002593994,1.7999999523162842,0.5,High; decline threshold 0.99,11.1,eel-like,0,FALSE,0,31.060338406870535,30.603703718028836,Grammoplites,Spotfin flathead,0,0,1,demersal,WaterAssumed,30.2,high,harmless,no special ability,0.5625
46105,Bryx analicarens,38857,15.25,3.319999933242798,0.4699999988079071,3.467370115686208e-4,0.1809999942779541,3.190000057220459,0.09549999982118607,0.9900000095367432,4,23,0,45,6.24903477250166,482.911854311774,25.6,27.1,29.3,pelagic,12.5,-0.2,25,2.799999952316284,1.1200300455093384,0.800000011920929,0.5,High; decline threshold 0.99,54.3,eel-like,0,FALSE,0,17.631375004382463,31.367127330758606,Bryx,Pink pipefish,0,0,1,benthopelagic,WaterAssumed,13.79,unknown,harmless,no special ability,0.5625
46165,Lissocampus bannwarthi,38907,16.100000381469727,3.3299999237060547,0.4699999988079071,3.467370115686208e-4,0.1809999942779541,3.190000057220459,0.09549999982118607,0.9399999976158142,0,1,0,2,6.19235464167942,469.315162839794,24.414737968477155,27.623552301732794,28.950438772841686,benthic,13.199999809265137,-0.21,25,3,1.1703200340270996,0.8999999761581421,0.5,High; decline threshold 0.99,34.1,eel-like,0,FALSE,0,36.784503058357586,39.90963320366255,Lissocampus,Herre's pipefish,0,0,1,demersal,WaterAssumed,14.62,unknown,harmless,no special ability,0.5311999917030334
46212,Syngnathus macrophthalmus,38941,12.199999809265137,3.2200000286102295,0.4699999988079071,2.7542299358174205e-4,0.1850000023841858,3.2100000381469727,0.09189999848604202,1.2100000381469727,22,95,0,200,6.881719462807,644.244988359126,24.60739610156373,27.88563891779759,29.132988134884663,benthic,10,-0.16,25,2.299999952316284,0.9363430142402649,0.699999988079071,0.5,High; decline threshold 0.99,55.1,eel-like,0,FALSE,0,22.96692965205013,27.87758882021591,Syngnathus,Herre's pipefish,0,0,1,demersal,WaterAssumed,11.53,unknown,harmless,no special ability,0.5
46338,Coryogalops ocheticus,39047,6.199999809265137,3.2200000286102295,0.3400000035762787,0.010232900269329548,0.16699999570846558,3.009999990463257,0.09099999815225601,1.1399999856948853,5,26,0,50,8.26902579682302,146.427735207108,25.468596938482637,27.343884166471508,28.610275845038398,benthic,5.079999923706055,-0.21,25,2.4000000953674316,1.0600500106811523,0.800000011920929,0.5,High; decline threshold 0.99,53.5,fusiform / normal,0,FALSE,0,10,11,Coryogalops,Suez goby,0,0,1,demersal,WaterAssumed,12.01,very high,harmless,no special ability,0.5001999735832214
46375,Upeneus pori,39072,19,3.509999990463257,0.49000000953674316,0.008511380292475224,0.04190000146627426,3.0899999141693115,0.01640000008046627,0.25,23,37,20,52,7.45383754802801,93.8981198481698,19.3,25.6,27.6,benthic,15.760000228881836,-0.737446702090572,17,11.26259994506836,4.198279857635498,3.0594699382781982,0.5,Medium; decline threshold 0.95,7.9,eel-like,0,FALSE,0,9,9,Upeneus,Por's goatfish,0,0,1,demersal,WaterAssumed,34.73,high,harmless,no special ability,0.5
46379,Pomadasys punctulatus,39077,30,3.4200000762939453,0.5,0.014454400166869164,0.17000000178813934,2.9800000190734863,0.08699999749660492,0.3400000035762787,5,26,0,50,7.23007538604834,103.903707009912,25.2,27.5,29.3,benthic,24.600000381469727,-0.48,25,8.300000190734863,2.334059953689575,2.0999999046325684,0.5,High; decline threshold 0.99,9.4,fusiform / normal,0,FALSE,0,15,15,Pomadasys,Lined grunt,0,0,1,demersal,WaterAssumed,32.04,medium,harmless,no special ability,0.5
46382,Callionymus erythraeus,39079,10,3.2300000190734863,0.41999998688697815,0.008709640242159367,0.17399999499320984,2.7799999713897705,0.09139999747276306,0.699999988079071,2,6,1,10,8.12276414764614,146.427735207108,26.5,28.1,29.3,benthic,8.199999809265137,-0.31,25,4,1.6179900169372559,1.2000000476837158,0.5,High; decline threshold 0.99,18.2,elongated,0,FALSE,0,9,9,Callionymus,Smallhead dragonet,0,0,1,demersal,WaterAssumed,20.43,unknown,harmless,no special ability,0.5
46387,Callionymus muscatensis,39082,7.5,3.190000057220459,0.4099999964237213,0.008709640242159367,0.17399999499320984,2.7799999713897705,0.09139999747276306,0.9100000262260437,43,56,40,70,8.24431618285458,159.414903279589,24.3783463193096,27.560690554644353,28.714351472461725,benthic,6.150000095367432,-0.25,25,3,1.3012200593948364,1,0.5,High; decline threshold 0.99,48,elongated,0,FALSE,0,8,8,Callionymus,Muscat dragonet,0,0,1,demersal,WaterAssumed,14.62,unknown,harmless,no special ability,0.5
46389,Callogobius bifasciatus,39084,7,3.240000009536743,0.3400000035762787,0.010232900269329548,0.16699999570846558,3.009999990463257,0.09099999815225601,1.0199999809265137,3,10,2,17,8.22612666606951,138.001162433042,25.1,27.4,29.1,benthic,5.639999866485596,-0.23,25,2.700000047683716,1.1691299676895142,0.8999999761581421,0.5,High; decline threshold 0.99,49.9,fusiform / normal,0,FALSE,0,9,10,Callogobius,Doublebar goby,0,0,1,reef-associated,WaterAssumed,13.37,unknown,harmless,no special ability,0.5
46394,Coryogalops anomolus,39089,5.800000190734863,3.2100000381469727,0.3400000035762787,0.0074130999855697155,0.16899999976158142,3.0899999141693115,0.09019999951124191,1.2100000381469727,2,9,1,16,8.28949845078136,149.472781997993,25,27.4,29,benthic,4.559999942779541,-0.2,25,2.299999952316284,1.0151900053024292,0.800000011920929,0.5,High; decline threshold 0.99,56.1,elongated,0,FALSE,0,10,11,Coryogalops,Anomolous goby,0,0,1,demersal,WaterAssumed,11.53,very high,harmless,no special ability,0.5001999735832214
46397,Cryptocentroides arabicus,39092,13.5,3.369999885559082,0.3499999940395355,0.0074130999855697155,0.16899999976158142,3.0899999141693115,0.09019999951124191,0.550000011920929,0,1,0,1,7.8697928387875,108.73198473561,26.6,27.9,29.2,benthic,9.90999984741211,-0.36,25,5.099999904632568,2.0023300647735596,1.5,0.5,High; decline threshold 0.99,33.6,elongated,0,FALSE,0,11,12,Cryptocentroides,Arabian goby,0,0,1,demersal,FacultativeGenus,24.15,very high,harmless,no special ability,0.625
46398,Eviota pardalota,39093,2.200000047683716,3.0199999809265137,0.3199999928474426,0.010471300221979618,0.13500000536441803,3.0199999809265137,0.07999999821186066,2.9600000381469727,3,10,2,17,9.22010332792539,256.274679540511,24.9,27.5,29.1,benthic,1.840000033378601,-0.1,25,0.8999999761581421,0.46553298830986023,0.4000000059604645,0.5,High; decline threshold 0.99,79.69933748316832,fusiform / normal,0,FALSE,0,8,8,Eviota,Leopard dwarfgoby,0,0,1,reef-associated,WaterAssumed,10,very high,harmless,no special ability,0.5
46399,Gobiodon reticulatus,39094,4.119999885559082,3.309999942779541,0.4300000071525574,0.010232900269329548,0.16699999570846558,3.009999990463257,0.09099999815225601,1.659999966621399,5,26,0,50,9.22443140177685,256.274679540511,24.8,27,29.3,benthic,3.380000114440918,-0.17,25,1.600000023841858,0.7914549708366394,0.6000000238418579,0.5,High; decline threshold 0.99,76.9,fusiform / normal,0,FALSE,0,10,12,Gobiodon,Reticulate goby,0,0,1,reef-associated,FacultativeGenus,10,very high,harmless,no special ability,0.5
46402,Hetereleotris vulgaris,39095,4,3.130000114440918,0.33000001311302185,0.010232900269329548,0.16699999570846558,3.009999990463257,0.09099999815225601,1.7000000476837158,6,15,4,24,8.45373072545651,179.129951731435,26.2,27.5,29.2,benthic,3.2799999713897705,-0.16,25,1.600000023841858,0.7599859833717346,0.6000000238418579,0.5,High; decline threshold 0.99,70.2,fusiform / normal,0,FALSE,0,11,11,Hetereleotris,Shoulderspot sandgoby,0,0,1,demersal,WaterAssumed,10,very high,harmless,no special ability,0.5
46409,Priolepis randalli,39099,5.099999904632568,3.180000066757202,0.33000001311302185,0.010232900269329548,0.16699999570846558,3.009999990463257,0.09099999815225601,1.3600000143051147,19,36,15,56,8.33772960606795,159.414903279589,25,28.1,29.1,benthic,4.090000152587891,-0.18,25,2,0.9394310116767883,0.699999988079071,0.5,High; decline threshold 0.99,60.3,fusiform / normal,0,FALSE,0,9,9,Priolepis,Randall's goby,0,0,1,reef-associated,WaterAssumed,10,very high,harmless,no special ability,0.5
46412,Antennablennius adenensis,39102,5,2.4000000953674316,0,0.00758578022941947,0.17399999499320984,3,0.09589999914169312,1.2899999618530273,0,1,0,2,53.8381481315603,2150.43138529422,26.5,27.5,29.2,benthic,4.099999904632568,-0.2,25,2.0999999046325684,0.9659519791603088,0.699999988079071,0.5,High; decline threshold 0.99,69.3,elongated,0,FALSE,-1,17,19,Antennablennius,Aden blenny,0,0,1,demersal,WaterAssumed,10.53,unknown,harmless,no special ability,0.5019999742507935
46413,Antennablennius hypenetes,39103,6.5,2.2300000190734863,0,0.00758578022941947,0.17399999499320984,3,0.09589999914169312,1.0199999809265137,5,26,0,50,85.1619440116641,3632.04537126798,24.8,27.1,29.3,benthic,5.329999923706055,-0.23,25,2.700000047683716,1.1868000030517578,0.8999999761581421,0.5,High; decline threshold 0.99,59.1,elongated,0,FALSE,-1,16,20,Antennablennius,Arabian blenny,0,0,1,demersal,WaterAssumed,13.37,unknown,harmless,no special ability,0.5019999742507935
46416,Mimoblennius cirrosus,39106,5.400000095367432,2.3499999046325684,0,0.00758578022941947,0.17399999499320984,3,0.09589999914169312,1.2100000381469727,2,13,0,25,62.3066083633435,2518.13704143489,25.2,27.4,29.2,benthic,4.639999866485596,-0.21,25,2.299999952316284,1.041990041732788,0.800000011920929,0.5,High; decline threshold 0.99,66.3,elongated,0,FALSE,0,17,19,Mimoblennius,Fringed blenny,0,0,1,reef-associated,WaterAssumed,11.53,unknown,harmless,no special ability,0.5311999917030334
46423,Petroscirtes ancylodon,39113,11.5,2.140000104904175,0.23000000417232513,0.010471300221979618,0.19499999284744263,3.0799999237060547,0.10599999874830246,0.6000000238418579,2,11,0,20,103.134277755844,4745.80851921984,25,27.5,29.2,benthic,9.09000015258789,-0.35,25,4.599999904632568,1.8674999475479126,1.399999976158142,0.5,High; decline threshold 0.99,37.1,fusiform / normal,0,FALSE,0,17,19,Petroscirtes,Arabian fangblenny,0,0,1,demersal,WaterAssumed,23.03,unknown,harmless,no special ability,0.5005000233650208
46424,Uranoscopus dollfusi,39114,23.700000762939453,4.03000020980835,0.6600000262260437,0.007943280041217804,0.1979999989271164,3.0899999141693115,0.10100000351667404,0.4099999964237213,48,60,46,73,6.36737020597706,49.8671528855607,24.5,26.8,28.7,benthic,19.43000030517578,-0.42,25,6.900000095367432,1.8793699741363525,1.7999999523162842,0.5,High; decline threshold 0.99,23.9,elongated,0,FALSE,0,12,14,Uranoscopus,Dollfus' stargazer,0,0,1,demersal,WaterAssumed,28.82,unknown,harmless,no special ability,0.5
46433,Canthidermis macrolepis,39124,60,3.450000047683716,0.47999998927116394,0.026915300637483597,0.16300000250339508,2.9100000858306885,0.08969999849796295,0.1899999976158142,22,95,0,200,5.56742119865068,327.803175388558,21.7,23.6,26.5,benthic,49.20000076293945,-0.73,25,15.100000381469727,4.552080154418945,3.5,0.5,Medium; decline threshold 0.95,6.2,short and / or deep,0,FALSE,0,23,26,Canthidermis,Largescale triggerfish,0,0,1,benthopelagic,WaterAssumed,47.05,medium,harmless,no special ability,0.5311999917030334
46488,Rhabdamia nigrimentum,39171,6.710000038146973,3.3399999141693115,0.3499999940395355,0.01122019998729229,0.16899999976158142,3.069999933242798,0.09220000356435776,1.3899999856948853,6,10,6,12,8.18716248993753,117.706516515681,28.2,29,29.3,pelagic,5.5,-0.18,25,2,0.8810420036315918,0.699999988079071,0.5,High; decline threshold 0.99,57.8,fusiform / normal,-0.15509238180452162,FALSE,0,9.72393313067339,10.02450877835943,Rhabdamia,Egyptian sweeper,0,0,1,reef-associated,WaterAssumed,10,high,harmless,no special ability,0.5625
47872,Uropterygius genie,40220,17.799999237060547,3.3499999046325684,0.5199999809265137,6.918309954926372e-4,0.16500000655651093,3.119999885559082,0.0982000008225441,0.6600000262260437,2,10,0,18,6.02749315886309,430.430079688314,23.635358748377378,27.02485549595876,28.65682409482138,benthic,14.600000381469727,-0.28,25,4.300000190734863,1.6100900173187256,1.2000000476837158,0.5,High; decline threshold 0.99,28.4,eel-like,0,FALSE,0,34.73050939864646,36.043566024924274,Uropterygius,Hair-finned filefish,0,0,1,demersal,WaterAssumed,21.56,unknown,harmless,no special ability,0.5
49434,Pseudogramma megamyctera,41385,6.909999847412109,3.5199999809265137,0.49000000953674316,0.004365160129964352,0.21299999952316284,3.1700000762939453,0.11500000208616257,1.216407362680722,18,31,15,45,7.86059926168999,92.5934389776247,24.3,26.5,28.7,benthic,5.659999847412109,-0.35517295077637734,25,4.062574172046226,1.4606704806428266,1.153912769127791,0.5,"Please enter values for K, tmax.",56.6,elongated,-1,FALSE,0,21,22,Pseudogramma,Bignostril podge,0,0,1,reef-associated,WaterAssumed,10,very high,harmless,no special ability,0.5001000165939331
49452,Diplogrammus randalli,41397,7,3.5399999618530273,0.38999998569488525,0.007943280041217804,0.1770000010728836,2.819999933242798,0.094200000166893,0.9700000286102295,1,10,0,20,7.79483939193059,90.0690420277403,24.6,26.6,28,benthic,5.739999771118164,-0.24,25,2.9000000953674316,1.2312500476837158,0.8999999761581421,0.5,High; decline threshold 0.99,22.7,elongated,0,FALSE,0,9.020914612157004,9.020525546087317,Diplogrammus,Randall's fold dragonet,0,0,1,demersal,WaterAssumed,14.21,unknown,harmless,no special ability,0.5038999915122986
50452,Pterygotrigla spirai,42159,18.670000076293945,3.549999952316284,0.5699999928474426,0.00954992976039648,0.1860000044107437,3.049999952316284,0.10599999874830246,0.4399999976158142,270,341,250,440,3.21959543254616,421.615752449917,21.7,21.7,21.7,pelagic,15.300000190734863,-0.44,8,6.400000095367432,2.47121000289917,1.7999999523162842,0.5,High; decline threshold 0.99,14.1,fusiform / normal,0,FALSE,0,26.748911837876282,26.647232955012118,Pterygotrigla,Blackspotted gurnard,0,0,1,bathydemersal,WaterAssumed,29.45,very high,harmless,no special ability,0.5
50593,Gerres infasciatus,42289,18.670000076293945,3.309999942779541,0.3100000023841858,0.014125400222837925,0.1860000044107437,3.0399999618530273,0.09149999916553497,0.7300000190734863,1.8135266923174165,6.441984077898412,5.286606503998972,10.674992463634785,7.77123352230484,128.183871990895,24.730981426906293,27.3572334677942,28.51649438403966,benthic,15.300000190734863,-0.26,25,3.799999952316284,1.4946999549865723,1.100000023841858,0.5,High; decline threshold 0.99,35.4,short and / or deep,0,FALSE,0,9,9,Gerres,Nonbanded whipfin mojarra,0,0,1,pelagic-neritic,WaterAssumed,19.4,medium,harmless,no special ability,0.5
50676,Gymnothorax randalli,42367,36.29999923706055,3.809999942779541,0.6100000143051147,4.6773499343544245e-4,0.14000000059604645,3.2799999713897705,0.07930000126361847,0.3400000035762787,2,12,0,22,4.0750225503786,121.795392879353,26.5,27.8,29.1,pelagic,29.770000457763672,-0.46,25,8.399999618530273,2.386240005493164,2.0999999046325684,0.5,High; decline threshold 0.99,18.5,eel-like,0,FALSE,0,98.3482085528009,35.85053983699786,Gymnothorax,Randall's moray,0,0,1,demersal,WaterAssumed,37.22,medium,harmless,no special ability,0.5
50765,Uropterygius golanii,42432,45.29999923706055,3.490000009536743,0.5400000214576721,6.918309954926372e-4,0.16500000655651093,3.119999885559082,0.0982000008225441,0.2800000011920929,1,6,0,10,5.23365460406645,261.623944781194,25.161468705329302,28.424546928719206,29.2847893955496,benthic,37.150001525878906,-0.53,25,10.199999809265137,2.9729599952697754,2.4000000953674316,0.5,Medium; decline threshold 0.95,16.2,eel-like,0,FALSE,0,27.221117051650225,29.245105166716314,Uropterygius,Nago snakemoray,0,0,1,demersal,WaterAssumed,35.97,unknown,harmless,no special ability,0.5
50885,Apogonichthyoides heptastygma,42510,4.03000020980835,3.190000057220459,0.44999998807907104,0.01122019998729229,0.16899999976158142,3.069999933242798,0.09220000356435776,2.2300000190734863,2,11,0,20,8.38967623258718,163.02272967761,26.7,28.7,29.1,benthic,3.299999952316284,-0.12,25,1.2000000476837158,0.5834149718284607,0.5,0.5,High; decline threshold 0.99,78.2,short and / or deep,0,FALSE,0,18.736250327044235,18.529577721552258,Apogonichthyoides,Timor cardinalfish,0,0,1,reef-associated,WaterAssumed,10,high,harmless,no special ability,0.5
50886,Zapogon isus,42511,6.829999923706055,3.380000114440918,0.4699999988079071,0.01122019998729229,0.16899999976158142,3.069999933242798,0.09220000356435776,1.3700000047683716,7,14,6,20,8.14919879203601,112.169124857551,24.5,26.8,28.2,benthic,5.599999904632568,-0.18,25,2,0.9087989926338196,0.699999988079071,0.5,High; decline threshold 0.99,57.2,short and / or deep,-0.40634781915849566,FALSE,0,9,9,Zapogon,Perdix cardinalfish,0,0,1,reef-associated,WaterAssumed,10,high,harmless,no special ability,0.75
51615,Maurolicus mucronatus,43136,4.150000095367432,3.1500000953674316,0.1599999964237213,0.004677350167185068,0.19900000095367432,3.1700000762939453,0.1080000028014183,1.2799999713897705,1423,2221,1000,4000,3.3784904486808,75.3591663168365,21.6,21.7,21.8,pelagic,3.4000000953674316,-0.22,8,2.0999999046325684,1.0268900394439697,0.800000011920929,0.5,High; decline threshold 0.99,30.7,eel-like,0,FALSE,0,90.84491634563399,90.38459978409645,Maurolicus,Naked barracuda,0,0,1,bathypelagic,WaterAssumed,10.53,unknown,harmless,no special ability,0.5
52332,Parabothus budkeri,43543,14.520000457763672,3.5199999809265137,0.47999998927116394,0.009120110422372818,0.17599999904632568,3.0399999618530273,0.09520000219345093,0.3100000023841858,76,271,5,600,6.54926008358003,186.916031207211,23.77990090646309,26.22169427884548,28.485041222144265,benthic,11.899999618530273,-0.68,25,9,3.594860076904297,2.700000047683716,0.5,High; decline threshold 0.99,36.2,short and / or deep,0,FALSE,0,82,83,Parabothus,Large-crested lefteye flounder,0,0,1,demersal,WaterAssumed,35.75,very high,harmless,no special ability,0.5009999871253967
52391,Alloblennius pictus,43586,3.1700000762939453,2.700000047683716,0,0.00831764005124569,0.1379999965429306,3,0.08269999921321869,1.9700000286102295,5,26,0,50,19.3651074026849,770.275180221947,24.7,28.5,29.4,benthic,2.5999999046325684,-0.15,25,1.399999976158142,0.6997339725494385,0.6000000238418579,0.5,High; decline threshold 0.99,87.45742509439675,elongated,0,FALSE,-0.3930086066163931,10.406845202253612,11.788463428711731,Alloblennius,Highcrest triplefin,0,0,1,demersal,WaterAssumed,10,unknown,harmless,no special ability,0.5311999917030334
52430,Bryaninops loki,43611,5.489999771118164,3.200000047683716,0.3400000035762787,0.0074130999855697155,0.16899999976158142,3.0899999141693115,0.09019999951124191,1.2699999809265137,10,26,6,45,8.30735450428871,152.647440309148,24.7,27.6,28.9,pelagic,4.5,-0.2,17,2.200000047683716,1.0129499435424805,0.800000011920929,0.5,High; decline threshold 0.99,42.6,elongated,0,FALSE,0,7,9,Bryaninops,Loki whip-goby,0,0,1,reef-associated,WaterAssumed,11.03,very high,harmless,no special ability,0.5
52799,Arcygobius baliurus,43880,12.399999618530273,3.3499999046325684,0.3499999940395355,0.007079460192471743,0.13600000739097595,3.049999952316284,0.08030000329017639,0.6000000238418579,4,10,3,15,7.9386897582609,112.169124857551,25.2,28.6,29.3,benthic,10.15999984741211,-0.36,25,4.599999904632568,1.904829978942871,1.399999976158142,0.5,High; decline threshold 0.99,39.7,elongated,0,FALSE,0,9,10,Arcygobius,Isthmus goby,0,1,1,demersal,WaterAssumed,23.88,very high,harmless,no special ability,1
52821,Xestochilus nebulosus,43893,57.34000015258789,3.7799999713897705,0.6000000238418579,9.332540212199092e-4,0.18199999630451202,2.990000009536743,0.09989999979734421,0.3799999952316284,6,23,2,42,4.13949745166065,125.975256841397,24.8,28,29.1,benthic,47,-0.38,25,7.5,2.2065200805664063,1.7999999523162842,0.5,High; decline threshold 0.99,15.8,eel-like,0,FALSE,0,31.71814356380182,32.39767205872388,Xestochilus,Nebulous snake eel,0,0,1,demersal,WaterAssumed,38.64,unknown,harmless,no special ability,1
52844,Coris cuvieri,43911,38,3.380000114440918,0.4000000059604645,0.009772369638085365,0.16599999368190765,3.069999933242798,0.09030000120401382,0.27000001072883606,6,27,2,50,7.0414715332273,113.960964561367,25.3,27.9,29.3,benthic,31.920000076293945,-0.57,25,10.5,3.034820079803467,2.5999999046325684,0.5,Medium; decline threshold 0.95,8.2,fusiform / normal,-0.5781722767295755,FALSE,-0.18660960217936232,11.432130173897066,12.444188782894988,Coris,Queen coris,0,0,1,reef-associated,WaterAssumed,35.73,very high,harmless,no special ability,0.5
52867,Ptarmus gallus,43926,3.5,3.1500000953674316,0.3100000023841858,0.0064565399661660194,0.19900000095367432,3.130000114440918,0.11100000143051147,2.1617383539961,5,26,0,50,3.75117204053029,905.763174664071,25,27.2,29.4,pelagic,2.869999885559082,-0.12209173994024684,25,1.1612394454963597,0.5820950936221344,0.4601300184556876,0.5,"Please enter values for K, tmax.",75.7,elongated,-0.18483863265697698,FALSE,0,15.035349926225427,16.478145353167957,Ptarmus,Sand submarine,0,0,1,demersal,WaterAssumed,10,unknown,harmless,no special ability,0.75
52936,Feia nympha,43961,2.700000047683716,3.059999942779541,0.3199999928474426,0.0074130999855697155,0.16899999976158142,3.0899999141693115,0.09019999951124191,2.450000047683716,5,11,4,16,8.87730857776712,227.658568479474,24.2,28.1,29.3,benthic,2.2100000381469727,-0.12,25,1.100000023841858,0.5775790214538574,0.5,0.5,High; decline threshold 0.99,89.3,elongated,0,FALSE,0,9,9,Feia,Nymph goby,0,0,1,reef-associated,WaterAssumed,10,very high,harmless,no special ability,0.5311999917030334
52956,Paramonacanthus nematophorus,43968,10.369999885559082,3.119999885559082,0.3100000023841858,0.019498400390148163,0.16300000250339508,2.930000066757202,0.09109999984502792,0.9100000262260437,11,50,1,100,7.69463020282058,882.103954580138,24.7,26.7,27.9,benthic,8.5,-0.24,25,3.0999999046325684,1.2955399751663208,1,0.5,High; decline threshold 0.99,44.3,short and / or deep,0,FALSE,0,24,27,Paramonacanthus,Wedgetail filefish,0,0,1,demersal,WaterAssumed,15.01,unknown,harmless,no special ability,0.5
53239,Paramonacanthus oblongus,44166,14.029999732971191,3.5,0.3700000047683716,0.005888440180569887,0.20499999821186066,3.069999933242798,0.11299999803304672,0.6899999976158142,11,50,1,100,5.32724181434293,279.228414881974,23.5,26.4,29.1,benthic,11.5,-0.33,25,4,1.6791199445724487,1.2999999523162842,0.5,High; decline threshold 0.99,21.1,eel-like,0,FALSE,0,33.75931197279153,34.928631997934346,Paramonacanthus,Hair-finned filefish,0,0,1,demersal,WaterAssumed,21.17,unknown,harmless,no special ability,0.5
53427,Hyporhamphus gamberur,44318,37,3.0399999618530273,0.4000000059604645,0.0025704000145196915,0.17800000309944153,3.0899999141693115,0.09059999883174896,0.6899999976158142,5,26,0,50,8.54161041181905,1157.95249365768,24.5,27.9,29.4,benthic,30.34000015258789,-0.22,25,4.099999904632568,1.1828900575637817,1,0.5,High; decline threshold 0.99,8.3,elongated,0,FALSE,0,13.778145781494157,14.831941871331363,Hyporhamphus,Red Sea halfbeak,0,0,1,reef-associated,WaterAssumed,22.79,unknown,harmless,no special ability,0.5
53814,Hippocampus jayakari,44632,13.1899995803833,3.380000114440918,0.3700000047683716,0.00446684006601572,0.20600000023841858,3,0.1120000034570694,1.1299999952316284,2,3,0,80,5.86920747660472,394.045459388404,24.7,26.9,28.1,benthic,10.819999694824219,-0.17,25,2.5,0.966543972492218,0.699999988079071,0.5,High; decline threshold 0.99,32.8,other,0,FALSE,0,18,19,Hippocampus,Jayakar's seahorse,0,0,1,demersal,WaterAssumed,12.47,unknown,harmless,no special ability,0.5
53815,Hippocampus kelloggi,44633,13.1899995803833,3.380000114440918,0.3700000047683716,0.00446684006601572,0.20600000023841858,3,0.1120000034570694,1.1299999952316284,17,73,1,150,5.86920747660472,394.045459388404,23.3,27.3,28.4,benthic,10.819999694824219,-0.14,8,2.5,0.6983910202980042,0.699999988079071,0.5,High; decline threshold 0.99,8.6,other,0,FALSE,0,17,19,Hippocampus,Great seahorse,0,0,1,bathydemersal,WaterAssumed,12.47,unknown,harmless,no special ability,0.5
53846,Neenchelys microtretus,44664,18.299999237060547,3.7899999618530273,0.6600000262260437,7.585780113004148e-4,0.21799999475479126,3.059999942779541,0.11500000208616257,1.100000023841858,35,140,1,300,4.04386971291007,119.890152718564,24.613590932040694,27.266244264805156,28.504536128142274,benthic,15.010000228881836,-0.16,10,2.5999999046325684,0.973006010055542,0.699999988079071,0.5,High; decline threshold 0.99,12.5,eel-like,0,FALSE,0,35.90112982389401,36.073389772996215,Neenchelys,Small-fin worm eel,0,0,1,demersal,WaterAssumed,12.93,unknown,harmless,no special ability,0.5001999735832214
53852,Ophichthus echeloides,44669,51,3.880000114440918,0.6600000262260437,9.332540212199092e-4,0.18199999630451202,2.990000009536743,0.09989999979734421,0.4300000071525574,278,289,276,300,3.87280567310973,110.604125787391,24.39519860820042,27.021705945750675,28.513581202404342,benthic,41.81999969482422,-0.33,25,6.599999904632568,1.9715700149536133,1.600000023841858,0.5,High; decline threshold 0.99,15.1,eel-like,0,FALSE,0,19.257915478236338,22.218749726452135,Ophichthus,Olivaceous snake eel,0,0,1,bathydemersal,WaterAssumed,30.47,unknown,harmless,no special ability,0.5
53909,Hippocampus lichtensteinii,44714,13.1899995803833,3.380000114440918,0.3700000047683716,0.00446684006601572,0.20600000023841858,3,0.1120000034570694,1.1299999952316284,2,11,0,20,5.86920747660472,394.045459388404,25.030534368934866,27.248267753774826,28.45853328715099,benthic,10.819999694824219,-0.24,25,2.4000000953674316,1.1440500020980835,0.8999999761581421,0.5,High; decline threshold 0.99,70.2,other,0,FALSE,0,11,12,Hippocampus,Lichtenstein's Seahorse,0,0,1,demersal,WaterAssumed,12.01,unknown,harmless,no special ability,0.5
53919,Heteronarce bentuviai,44726,25,3.240000009536743,0.3100000023841858,0.009999999776482582,0.31299999356269836,3.0399999618530273,0.11900000274181366,1.6211706228799043,63.367728474469324,52.50293274550372,11.054224583774813,160,6.74368327687781,607.352211984254,22.72845693052384,26.139524714081208,28.475394362174853,benthic,20.5,-0.20381231983305054,25,2.3381475308555126,1.04061952365836,0.7996944366640663,0.5,"Please enter values for K, tmax.",28.6,short and / or deep,0,FALSE,0,35.341983737900456,38.016154596765574,Heteronarce,Elat electric ray,0,0,1,demersal,WaterAssumed,15,unknown,harmless,no special ability,0.5626999735832214
54468,Hoplolatilus geo,45112,15.289999961853027,3.430000066757202,0.44999998807907104,0.005495409946888685,0.17900000512599945,3.0299999713897705,0.10599999874830246,0.9046961515080243,83,99,80,116,7.77212840772344,105.472492397164,23.068506294564283,26.507348580381468,28.17229077370299,pelagic,12.539999961853027,-0.38084892773522955,17,4.217377324795174,1.8717604934859895,1.4209229553432807,0.5,"Please enter values for K, tmax.",106.3,elongated,-0.21624156724167515,FALSE,0,22.956091008349745,25.198847064461958,Hoplolatilus,Tail beacon jawfish,0,0,1,pelagic-neritic,WaterAssumed,10,very high,harmless,no special ability,0.5001000165939331
54621,Paraluteres arqat,45221,11,2.9000000953674316,0.4099999964237213,0.019498400390148163,0.16300000250339508,2.930000066757202,0.09109999984502792,0.8600000143051147,6,26,1,50,10.8130606061878,1914.61589994209,24.10876122147679,27.306961180129115,28.50572045970298,benthic,9.020000457763672,-0.46,25,3,1.8567800521850586,1.5,0.5,High; decline threshold 0.99,161.6,short and / or deep,-0.1734018536020607,FALSE,0,22.02016178755752,25.09588875039914,Paraluteres,Faintstripe filefish,0,0,1,demersal,WaterAssumed,16.96,unknown,harmless,no special ability,0.75
54624,Paramonacanthus pusillus,45222,17.809999465942383,3.1600000858306885,0.3199999928474426,0.019498400390148163,0.16300000250339508,2.930000066757202,0.09109999984502792,0.550000011920929,33,54,28,79,7.34181857891417,774.797863529344,23.3,27.4,28.4,benthic,14.600000381469727,-0.35,25,5.099999904632568,1.991919994354248,1.5,0.5,High; decline threshold 0.99,32,short and / or deep,0,FALSE,0,25,30,Paramonacanthus,Faintstripe filefish,0,0,1,demersal,WaterAssumed,25.41,unknown,harmless,no special ability,0.5
54745,Dunckerocampus boylei,45329,16,3.7200000286102295,0.5600000023841858,9.549930109642446e-4,0.20600000023841858,3.049999952316284,0.11299999803304672,0.9399999976158142,27,58,20,95,4.38645799522965,145.352510547396,23.7,26.1,27.8,benthic,13.119999885559082,-0.2,8,3,1.1557899713516235,0.800000011920929,0.5,High; decline threshold 0.99,5.5,eel-like,0,FALSE,0,21,21,Dunckerocampus,Broad-banded Pipefish,0,0,1,demersal,WaterAssumed,14.62,unknown,harmless,no special ability,0.5077999830245972
55076,Lagocephalus suezensis,45611,19.5,3.490000009536743,0.3799999952316284,0.016595900058746338,0.06469999998807907,2.8499999046325684,0.021900000050663948,0.8199999928474426,26,33,25,40,5.47026408598676,307.621854702729,25.6,27.6,29.1,benthic,15.039999961853027,-0.22,10,3.4000000953674316,1.284309983253479,0.8999999761581421,0.5,High; decline threshold 0.99,12,short and / or deep,0,FALSE,0,10,11,Lagocephalus,Half-smooth golden pufferfish,0,0,1,demersal,WaterAssumed,16.13,very high,harmless,no special ability,0.5005000233650208
55140,Heteroconger balteatus,45671,33.099998474121094,3.4000000953674316,0.44999998807907104,0.001023289980366826,0.17499999701976776,3.059999942779541,0.08959999680519104,0.47999998927116394,51,74,46,100,5.81767214860472,382.417005840191,22.959880402056662,26.698486245152534,28.544219346292518,pelagic,27.139999389648438,-0.33,25,5.900000095367432,1.6775799989700317,1.5,0.5,High; decline threshold 0.99,8.9,eel-like,0,FALSE,0,154.48888420213768,182.06570826473984,Heteroconger,Headband conger,0,0,1,demersal,WaterAssumed,29.51,medium,harmless,no special ability,0.5
55167,Gorgasia sillneri,45696,83.80000305175781,3.4200000762939453,0.4399999976158142,0.001023289980366826,0.17499999701976776,3.059999942779541,0.08959999680519104,0.20000000298023224,5,26,0,50,5.71618360500007,359.867962125841,25,26.7,27.4,pelagic,68.720001220703125,-0.63,25,14.399999618530273,4.494999885559082,3.0999999046325684,0.5,Medium; decline threshold 0.95,11.2,eel-like,0,FALSE,0,105.51047859623569,116.50930593333314,Gorgasia,Pharaoh's moray,0,0,1,demersal,WaterAssumed,47.43,medium,harmless,no special ability,0.5001000165939331
55528,Bathygobius fishelsoni,45936,9.619999885559082,3.4600000381469727,0.5400000214576721,0.0074130999855697155,0.16899999976158142,3.0899999141693115,0.09019999951124191,0.7599999904632568,5,26,0,50,7.88647068691051,99.4181400623952,24.823406326747612,26.717772738791155,28.504765508797604,benthic,7.889999866485596,-0.52,25,3.4000000953674316,2.1016199588775635,1.7000000476837158,0.5,High; decline threshold 0.99,161.6,elongated,0,FALSE,0,11.175579120864345,11.373698817842795,Bathygobius,Large sandgoby,0,0,1,demersal,WaterAssumed,19.68,very high,harmless,no special ability,0.5
55729,Lepadichthys erythraeus,46000,4.539999961853027,3.450000047683716,0.23999999463558197,0.0038904501125216484,0.17100000381469727,3.119999885559082,0.09000000357627869,0.5099999904632568,1,2,1,3,5.42223593793779,297.900719550627,23.5,26.1,27.7,benthic,3.7200000286102295,-0.56,25,5.300000190734863,2.5354199409484863,2,0.5,High; decline threshold 0.99,73.3,fusiform / normal,0,FALSE,0,15,16,Lepadichthys,Niebuhr's goatfish,0,0,1,demersal,WaterAssumed,27.12,unknown,harmless,no special ability,0.5019999742507935
56090,Samariscus inornatus,46184,14.029999732971191,3.5799999237060547,0.38999998569488525,0.015848899260163307,0.21899999678134918,2.940000057220459,0.11699999868869781,0.4487649873304782,240,250,238,260,6.77423827524081,191.887729857383,23.062947223730436,26.074613841449555,28.23738096983687,benthic,11.5,-0.5270488767742101,25,7.101698086631592,3.0938125585437835,2.3014628902333514,0.5,"Please enter values for K, tmax.",37.1,short and / or deep,0,FALSE,0,61,67,Samariscus,Cockatoo righteye flounder,0,0,1,demersal,WaterAssumed,10,very high,harmless,no special ability,0.5
56134,Callogobius dori,46219,2.9000000953674316,3.069999933242798,0.3199999928474426,0.0074130999855697155,0.16899999976158142,3.0899999141693115,0.09019999951124191,2.299999952316284,7,17,5,27,8.74963165680743,215.140357874308,26.3,29,29.4,benthic,2.380000114440918,-0.13,25,1.2000000476837158,0.6326169967651367,0.5,0.5,High; decline threshold 0.99,95.5,elongated,0,FALSE,0,9,9,Callogobius,Barred triplefin,0,0,1,demersal,WaterAssumed,10,unknown,harmless,no special ability,0.5
56197,Silhouettea aegyptia,46270,5,3.490000009536743,0.1599999964237213,0.010232900269329548,0.16699999570846558,3.009999990463257,0.09099999815225601,1.3899999856948853,9,28,5,50,8.31140313734519,143.505229486775,24.8,26.3,28.3,benthic,4.099999904632568,-0.16728712229010667,25,2.0066299438476563,0.9226239919662476,0.699999988079071,0.5,High; decline threshold 0.99,27.7,fusiform / normal,0,FALSE,0,9,11,Silhouettea,Red Sea goby,0,0,1,demersal,WaterAssumed,10.04,very high,harmless,no special ability,0.5019999742507935
56240,Nectamia annularis,46303,8.539999961853027,3.259999990463257,0.28999999165534973,0.01122019998729229,0.12999999523162842,3.0199999809265137,0.08060000091791153,1.1100000143051147,1,9,0,17,8.17053449190241,140.698533931987,25.5,28.4,29.3,benthic,7,-0.21,25,2.5,1.0756900310516357,0.800000011920929,0.5,High; decline threshold 0.99,20.4,short and / or deep,-0.43083349914475844,FALSE,0,9,9,Nectamia,Ringtail cardinalfish,0,0,1,reef-associated,WaterAssumed,12.47,high,harmless,no special ability,0.5019999742507935
56463,Amblygobius magnusi,46501,6.46999979019165,2.9800000190734863,0.1599999964237213,0.0074130999855697155,0.16899999976158142,3.0899999141693115,0.09019999951124191,1.090000033378601,2,11,0,20,13.5020049660702,518.878803938605,26.178641247820003,27.92989471082039,28.90792311291236,benthic,5.300000190734863,-0.23,25,2.5,1.1438699960708618,0.8999999761581421,0.5,High; decline threshold 0.99,67,elongated,0,FALSE,0,11.621795066314043,12.033465071295492,Amblygobius,Anomolous goby,0,0,1,demersal,WaterAssumed,12.47,very high,harmless,no special ability,0.5
56464,Hetereleotris bipunctata,46502,5.369999885559082,3.190000057220459,0.3400000035762787,0.0074130999855697155,0.16899999976158142,3.0899999141693115,0.09019999951124191,1.2999999523162842,6,26,1,50,8.55561198786981,193.208621981496,26.13034067504967,27.657998264554454,28.94818932416395,benthic,4.400000095367432,-0.2,25,2.0999999046325684,0.9690970182418823,0.699999988079071,0.5,High; decline threshold 0.99,74.5,fusiform / normal,0,FALSE,0,12,13,Hetereleotris,Shoulderspot sandgoby,0,0,1,demersal,WaterAssumed,10.53,very high,harmless,no special ability,0.5
56465,Hetereleotris diademata,46503,3.319999933242798,3.0999999046325684,0.33000001311302185,0.0074130999855697155,0.16899999976158142,3.0899999141693115,0.09019999951124191,2.0299999713897705,6,26,1,50,8.55561198786981,193.208621981496,25.87380233462752,27.999667321813153,29.2147412748751,benthic,2.7200000286102295,-0.14,25,1.2999999523162842,0.6528270244598389,0.5,0.5,High; decline threshold 0.99,99.3,elongated,0,FALSE,0,12,12,Hetereleotris,Anomolous goby,0,0,1,demersal,WaterAssumed,10,very high,harmless,no special ability,0.5
56466,Obliquogobius turkayi,46504,6.099999904632568,3.2200000286102295,0.3400000035762787,0.0074130999855697155,0.16899999976158142,3.0899999141693115,0.09019999951124191,1.149999976158142,440,466,434,496,8.4533339736211,179.129951731435,11.5,17.1,21.7,benthic,5,-0.22,8,2.4000000953674316,1.0878900289535522,0.800000011920929,0.5,High; decline threshold 0.99,27.7,short and / or deep,0,FALSE,0,36.304561554600355,36.56154833229202,Obliquogobius,Bigeye cabillus,0,0,1,demersal,WaterAssumed,12.01,very high,harmless,no special ability,0.5019999742507935
56467,Hazeus elati,46505,4.510000228881836,3.1600000858306885,0.33000001311302185,0.0074130999855697155,0.16899999976158142,3.0899999141693115,0.09019999951124191,1.5299999713897705,9,28,5,50,8.30579486987132,152.647440309148,26.659066123867735,28.236938734734757,29.01241405102837,benthic,3.700000047683716,-0.18,25,1.7999999523162842,0.8518080115318298,0.699999988079071,0.5,High; decline threshold 0.99,83.3,fusiform / normal,0,FALSE,0,9.671189631680752,10.24199644384991,Hazeus,Eilat sandgoby,0,0,1,benthopelagic,WaterAssumed,10,very high,harmless,no special ability,0.5019999742507935
56468,Pleurosicya prognatha,46506,1.6799999475479126,2.9700000286102295,0.3100000023841858,0.0074130999855697155,0.16899999976158142,3.0899999141693115,0.09019999951124191,3.799999952316284,4,10,3,15,9.97793143892068,309.696805473827,25,28.5,29.3,benthic,1.3799999952316284,-0.09,25,0.699999988079071,0.3815160095691681,0.30000001192092896,0.5,High; decline threshold 0.99,135.7,elongated,0,FALSE,0,8,9,Pleurosicya,Folded ghostgoby,0,0,1,demersal,WaterAssumed,10,very high,harmless,no special ability,0.5
56470,Paragunnellichthys springeri,46508,2.4000000953674316,3.059999942779541,0.4300000071525574,0.0038904501125216484,0.17100000381469727,3.119999885559082,0.09000000357627869,1.0066077105379474,2,3,2,3,7.5679794519801,86.4849722728383,25.11389070040947,27.824408145598593,29.154328477568008,pelagic,1.9700000286102295,-0.34063759155250023,25,2.506341688884595,1.2256026131336861,0.9466228876752024,0.5,"Please enter values for K, tmax.",183.5,elongated,-0.17406207175945085,FALSE,0,14.90890573808771,16.18449437839744,Paragunnellichthys,Freckled wriggler,0,0,1,demersal,WaterAssumed,10,unknown,harmless,no special ability,0.75
56471,Parablennius cyclops,46509,10.75,2.8299999237060547,0.14000000059604645,0.00758578022941947,0.17399999499320984,3,0.09589999914169312,0.6399999856948853,3,18,0,35,12.5004674641928,483.26241810131,24.6,27.9,29.3,benthic,8.819999694824219,-0.63,25,4.099999904632568,2.4831700325012207,2,0.5,High; decline threshold 0.99,183.5,elongated,0,FALSE,-0.19746687840530408,9.803671732474067,10.610070062977083,Parablennius,Arabian goby,0,0,1,demersal,FacultativeGenus,23.79,unknown,harmless,no special ability,0.5
56472,Stalix davidsheni,46510,5.110000133514404,3.240000009536743,0.5199999809265137,0.0038904501125216484,0.17100000381469727,3.119999885559082,0.09000000357627869,0.9469369171749009,2,10,1,17,8.32198276384811,146.427735207108,25.0338079078584,27.64388673605983,28.88860993744218,pelagic,4.190000057220459,-0.362370695675551,25,4.008261994891121,1.8221296393909074,1.5811687091394588,0.5,"Please enter values for K, tmax.",183.5,elongated,-0.33748500144246857,FALSE,0,17.699079599732837,19.306655135324696,Stalix,Freckled wriggler,0,0,1,demersal,WaterAssumed,10,unknown,harmless,no special ability,0.5001000165939331
56473,Parapercis simulata,46511,17.040000915527344,3.509999990463257,0.38999998569488525,0.006918310187757015,0.17499999701976776,3.059999942779541,0.09059999883174896,0.5600000023841858,76,78,76,80,7.51766378471978,95.2320915949854,22.8,24.3,25.9,benthic,13.970000267028809,-0.72,25,4.599999904632568,2.8379099369049072,2.299999952316284,0.5,High; decline threshold 0.99,183.5,elongated,0,FALSE,-0.5168665633520295,17.204471287594096,17.208216575044162,Parapercis,Somali sandperch,0,0,1,demersal,WaterAssumed,26.23,unknown,harmless,no special ability,0.5
56480,Cynoglossus pottii,46512,31.850000381469727,3.490000009536743,0.41999998688697815,0.003548129927366972,0.15600000321865082,3.119999885559082,0.08569999784231186,0.41999998688697815,299,552,200,1000,6.45487630711683,220.328719951804,22.8952077439553,26.44722542768391,28.135356527515164,benthic,26.1200008392334,-1,25,6.300000190734863,3.8595900535583496,3.200000047683716,0.5,High; decline threshold 0.99,183.5,short and / or deep,0,FALSE,0,50.563967064416715,55.53181149100572,Cynoglossus,Red Sea soldierbream,0,0,1,demersal,WaterAssumed,36.99,very high,harmless,no special ability,0.5
56481,Ostorhinchus gularis,46513,6.599999904632568,3.380000114440918,0.3700000047683716,0.01258930005133152,0.18299999833106995,3.0899999141693115,0.08969999849796295,1.409999966621399,61,154,33,290,8.18150283758135,115.805660092505,18.2,24.3,27.9,benthic,5.409999847412109,-0.17,25,2,0.864978015422821,0.699999988079071,0.5,High; decline threshold 0.99,58.6,short and / or deep,0,FALSE,0,9,9,Ostorhinchus,Gular cardinalfish,0,0,1,demersal,WaterAssumed,10,high,harmless,no special ability,0.5
56486,Chlidichthys auratus,46518,4.760000228881836,3.309999942779541,0.5299999713897705,0.00446684006601572,0.20900000631809235,3.0999999046325684,0.11699999868869781,1.4900000095367432,4,17,2,30,8.29677090468021,128.183871990895,24.7,27,29.2,benthic,3.9000000953674316,-0.18,25,1.7999999523162842,0.8538560271263123,0.699999988079071,0.5,High; decline threshold 0.99,80.8,fusiform / normal,0,FALSE,0,9.408225098827266,9.823222771828394,Chlidichthys,Golden dottyback,0,0,1,reef-associated,WaterAssumed,10,unknown,harmless,no special ability,0.5001000165939331
56487,Chlidichthys rubiceps,46519,3.690000057220459,3.2200000286102295,0.5199999809265137,0.00446684006601572,0.20900000631809235,3.0999999046325684,0.11699999868869781,1.8799999952316284,5,26,0,50,8.27913220161206,123.782130760317,25.309719505562487,27.945987220252032,29.275814176574958,benthic,3.0299999713897705,-0.14,25,1.5,0.6997159719467163,0.5,0.5,High; decline threshold 0.99,76,fusiform / normal,0,FALSE,0,10.636944964287093,11.041403038045548,Chlidichthys,Golden dottyback,0,0,1,demersal,WaterAssumed,10,unknown,harmless,no special ability,0.5001000165939331
56488,Scorpaenodes steinitzi,46520,6.710000038146973,3.390000104904175,0.4699999988079071,0.01288249995559454,0.16099999845027924,3.0199999809265137,0.08889999985694885,0.8199999928474426,57,117,40,200,3.58842914123055,539.536980903472,21.6,21.7,24.5,benthic,5.5,-0.31,25,3.299999952316284,1.4885900020599365,1.100000023841858,0.5,High; decline threshold 0.99,65.6,fusiform / normal,-0.42354890876330403,FALSE,-0.20576609177121497,10.329115950601444,10.326520088917576,Scorpaenodes,Oblong ponyfish,0,0,1,demersal,WaterAssumed,16.21,high,harmless,no special ability,0.5
56490,Cocotropus steinitzi,46522,5,3.240000009536743,0.3199999928474426,0.019952600821852684,0.17499999701976776,3.009999990463257,0.09049999713897705,1.3602728986968948,5,26,0,50,3.66746463734522,750.167636331651,26.3,28,29,pelagic,4.099999904632568,-0.2817677450692389,25,3.0434900549998054,1.3702725749511504,1.0772960037510284,0.5,"Please enter values for K, tmax.",69.3,short and / or deep,0,FALSE,0,9,9,Cocotropus,Steinitz' velvetfish,0,0,1,demersal,WaterAssumed,10,unknown,harmless,no special ability,0.5
56492,Uranoscopus bauchotae,46523,19.030000686645508,3.940000057220459,0.6499999761581421,0.007943280041217804,0.1979999989271164,3.0899999141693115,0.10100000351667404,0.5099999904632568,47,148,15,300,6.48790856942484,45.9879781955967,23.19996313386389,26.543275217296404,28.581786196222193,benthic,15.600000381469727,-0.38,25,5.5,2.135200023651123,1.600000023841858,0.5,High; decline threshold 0.99,35,elongated,0,FALSE,-0.3095276523122366,12.558880596960645,13.221724163409537,Uranoscopus,Dollfus' stargazer,0,0,1,demersal,WaterAssumed,26.5,unknown,harmless,no special ability,0.5
56493,Uranoscopus dahlakensis,46524,28.25,4.099999904632568,0.6800000071525574,0.007943280041217804,0.1979999989271164,3.0899999141693115,0.10100000351667404,0.3499999940395355,17,28,15,40,6.48790856942484,45.9879781955967,22.80438972051911,26.055024125879044,28.011101826785236,benthic,23.15999984741211,-1.17,25,7.400000095367432,4.522659778594971,3.700000047683716,0.5,High; decline threshold 0.99,183.5,eel-like,0,FALSE,0,29.64591922555454,31.17818725169723,Uranoscopus,Dollfus' stargrazer,0,0,1,demersal,WaterAssumed,38.86,unknown,harmless,no special ability,0.5
56494,Uranoscopus guttatus,46525,29.799999237060547,4.119999885559082,0.6800000071525574,0.00758578022941947,0.14800000190734863,3.190000057220459,0.0868000015616417,0.33000001311302185,50,53,50,55,6.31632182529428,53.8019799482361,18.9,24.5,27.6,benthic,24.440000534057617,-0.5,25,8.600000381469727,2.3954899311065674,2.200000047683716,0.5,High; decline threshold 0.99,20,eel-like,0,FALSE,0,27.8885438090252,28.62607707718595,Uranoscopus,Dollfus' stargrazer,0,0,1,demersal,WaterAssumed,32.48,unknown,harmless,no special ability,0.5
56495,Uranoscopus marisrubri,46526,18.670000076293945,3.930000066757202,0.6499999761581421,0.007943280041217804,0.1979999989271164,3.0899999141693115,0.10100000351667404,0.5199999809265137,372,407,363,450,6.32684978241252,55.3207792958815,17.102873674819058,19.658569336342953,23.907619237036496,benthic,15.300000190734863,-0.37,8,5.400000095367432,2.093329906463623,1.5,0.5,High; decline threshold 0.99,14.1,elongated,-0.2474741678890219,FALSE,0,43.38700063232707,45.93350332763496,Uranoscopus,Dollfus' stargazer,0,0,1,bathydemersal,WaterAssumed,26.08,unknown,harmless,no special ability,0.5
56496,Callionymus bentuviai,46527,7.690000057220459,3.190000057220459,0.41999998688697815,0.008709640242159367,0.17399999499320984,2.7799999713897705,0.09139999747276306,0.8899999856948853,70,73,70,75,8.23696408542354,159.414903279589,25.363060365526223,27.164310367810238,28.37810230591008,benthic,6.300000190734863,-0.27,25,3.0999999046325684,1.3734500408172607,1.100000023841858,0.5,High; decline threshold 0.99,60.2,elongated,-0.1676282335574985,FALSE,0,9.158226250855764,9.15813448945325,Callionymus,Ben-Tuvia's deepwater dragonet,0,0,1,demersal,WaterAssumed,15.49,unknown,harmless,no special ability,0.5
56497,Callionymus flavus,46528,2.809999942779541,3.049999952316284,0.4000000059604645,0.008709640242159367,0.17399999499320984,2.7799999713897705,0.09139999747276306,2.259999990463257,6,25,2,46,8.02417967839059,138.001162433042,25.895690987718993,27.276360955269645,28.361737710502975,benthic,2.299999952316284,-0.14,25,1.2000000476837158,0.6187599897384644,0.5,0.5,High; decline threshold 0.99,111,elongated,-0.20943204712683985,FALSE,0,10.610804556774287,11.20548779097352,Callionymus,Yellow ruddertail dragonet,0,0,1,reef-associated,WaterAssumed,10,unknown,harmless,no special ability,0.5
56498,Callionymus oxycephalus,46529,10.859999656677246,3.240000009536743,0.41999998688697815,0.008709640242159367,0.17399999499320984,2.7799999713897705,0.09139999747276306,0.6499999761581421,22,96,1,200,8.02417967839059,138.001162433042,25.057154906878914,26.650208581898585,28.493744441365795,benthic,8.899999618530273,-0.34,25,4.300000190734863,1.7766499519348145,1.2999999523162842,0.5,High; decline threshold 0.99,49,elongated,-0.16344041717671187,FALSE,0,9.140521060493185,9.140462060473133,Callionymus,Red Sea spiny dragonet,0,0,1,demersal,WaterAssumed,22.42,unknown,harmless,no special ability,0.5
56499,Xyrichtys javanicus,46530,21.850000381469727,3.4100000858306885,0.10000000149011612,0.00676083005964756,0.19900000095367432,3.049999952316284,0.10899999737739563,0.44999998807907104,14,31,10,50,7.6040643970279,108.73198473561,22.807232438344357,26.23641523360003,27.9012273846412,benthic,17.920000076293945,-0.9,25,5.800000190734863,3.5276200771331787,2.9000000953674316,0.5,High; decline threshold 0.99,183.5,short and / or deep,0,FALSE,0,40.75186466941293,44.165011873345186,Xyrichtys,Large-crested lefteye flounder,0,0,1,demersal,WaterAssumed,31.63,very high,harmless,no special ability,0.5005000233650208
56507,Enneapterygius destai,46538,2.559999942779541,3.0399999618530273,0.30000001192092896,0.007762469816952944,0.1850000023841858,3.0799999237060547,0.10199999809265137,3.0299999713897705,3,8,2,12,9.02921166507301,241.337789899322,24.8,28.2,29.3,benthic,2.0999999046325684,-0.1,25,0.8999999761581421,0.4985939860343933,0.4000000059604645,0.5,High; decline threshold 0.99,102.9,fusiform / normal,0,FALSE,0,8,9,Enneapterygius,Crimson triplefin,0,0,1,demersal,WaterAssumed,10,unknown,harmless,no special ability,0.5
56508,Diplogrammus gruveli,46539,6.199999809265137,3.4800000190734863,0.3799999952316284,0.007943280041217804,0.1770000010728836,2.819999933242798,0.094200000166893,1.090000033378601,2,11,0,20,7.59154041037984,84.224140080735,23.947300081324567,26.15887087426609,28.272330129714295,benthic,5.079999923706055,-0.22,25,2.5,1.108299970626831,0.800000011920929,0.5,High; decline threshold 0.99,53.5,elongated,0,FALSE,0,9.045366420015238,9.044924561676527,Diplogrammus,Gruvel's dragonet,0,0,1,demersal,WaterAssumed,12.47,unknown,harmless,no special ability,0.5038999915122986
57764,Rhynchoconger trewavasae,47287,57,3.9100000858306885,0.5099999904632568,6.165949744172394e-4,0.17299999296665192,3.190000057220459,0.09430000185966492,0.28999999165534973,322,395,300,500,3.79779433784912,107.057822085494,23.734052255236755,26.183993630244522,27.19802096253636,pelagic,46.7400016784668,-0.48,8,9.899999618530273,2.964869976043701,2.299999952316284,0.5,Medium; decline threshold 0.95,2.6,eel-like,0,FALSE,0,96.30666486134588,8.944935596638286,Rhynchoconger,Barane's moray,0,0,1,bathydemersal,WaterAssumed,41.93,medium,harmless,no special ability,0.5009999871253967
57868,Ostorhinchus bryx,47428,6.329999923706055,3.369999885559082,0.3700000047683716,0.00954992976039648,0.1979999989271164,3.200000047683716,0.0989999994635582,1.4700000286102295,29,83,14,155,8.20178123974557,117.706516515681,23.9,27.3,28.6,benthic,5.190000057220459,-0.17,25,1.899999976158142,0.8366810083389282,0.6000000238418579,0.5,High; decline threshold 0.99,59.7,elongated,0,FALSE,0,9,9,Ostorhinchus,Offshore cardinalfish,0,0,1,reef-associated,WaterAssumed,10,high,harmless,no special ability,0.5
57870,Iniistius baldwini,47431,24.889999389648438,3.5,0.4699999988079071,0.00676083005964756,0.19900000095367432,3.049999952316284,0.10899999737739563,0.4000000059604645,23,70,10,132,7.27500667075117,95.2320915949854,22.4,27.2,28.4,benthic,20.399999618530273,-0.45,25,7,2.618760108947754,1.899999976158142,0.5,High; decline threshold 0.99,26.2,short and / or deep,0,FALSE,0,35.19350088178904,36.83082990203076,Iniistius,Baldwin's razorfish,0,0,1,benthopelagic,WaterAssumed,32,very high,harmless,no special ability,0.5
58157,Nectamia zebrina,47769,9.029999732971191,3.2699999809265137,0.28999999165534973,0.014791100285947323,0.1679999977350235,3.059999942779541,0.09130000323057175,1.059999942779541,1,6,0,10,8.14807792849468,138.001162433042,27.2,27.9,29.2,benthic,7.400000095367432,-0.22,25,2.5999999046325684,1.0998400449752808,0.800000011920929,0.5,High; decline threshold 0.99,48.3,short and / or deep,-0.652008835008272,FALSE,0,9,9,Nectamia,Ringtail cardinalfish,0,0,1,reef-associated,WaterAssumed,12.93,high,harmless,no special ability,0.5019999742507935
58158,Taeniamia bilineata,47771,4.579999923706055,3.259999990463257,0.4699999988079071,0.01122019998729229,0.16899999976158142,3.069999933242798,0.09220000356435776,1.9800000190734863,2,7,1,12,8.32385867323726,140.698533931987,24.8,28.4,29.3,benthic,3.75,-0.14,25,1.399999976158142,0.669776976108551,0.5,0.5,High; decline threshold 0.99,72.2,fusiform / normal,0,FALSE,0,9,9,Taeniamia,Red Sea nymph cardinalfish,0,0,1,reef-associated,WaterAssumed,10,high,harmless,no special ability,0.5001000165939331
58173,Enchelyurus petersi,47785,6.590000152587891,3.309999942779541,0.4099999964237213,0.005754400044679642,0.17800000309944153,3.059999942779541,0.10100000351667404,1,2,11,0,20,8.22580512695703,128.183871990895,24.967684782590922,28.057175284017074,29.07416501113784,benthic,5.400000095367432,-0.25,25,2.799999952316284,1.2649099826812744,1,0.5,High; decline threshold 0.99,66.3,elongated,0,FALSE,0,12.38562514620175,13.644864271776472,Enchelyurus,Krauss' blenny,0,0,1,demersal,WaterAssumed,13.79,unknown,harmless,no special ability,0.5311999917030334
58176,Tomiyamichthys fourmanoiri,47788,7.199999809265137,3.25,0.3400000035762787,0.0074130999855697155,0.16899999976158142,3.0899999141693115,0.09019999951124191,0.9900000095367432,5,26,0,50,8.21471954931185,135.406855233104,26.2,27.1,27.8,benthic,5.900000095367432,-0.25,25,2.799999952316284,1.251389980316162,1,0.5,High; decline threshold 0.99,63.1,elongated,0,FALSE,0,10.852159942546146,11.18383621852123,Tomiyamichthys,Anomolous goby,0,0,1,demersal,WaterAssumed,13.79,very high,harmless,no special ability,0.5
58272,Platybelone platura,47924,45,4.179999828338623,0.7099999785423279,0.0012589299585670233,0.17800000309944153,3.109999895095825,0.09260000288486481,0.6899999976158142,2,11,0,20,3.42194388810809,88.7933557848058,22.933982424409386,26.648942100525645,28.16133978188849,pelagic,36.900001525878906,-0.21,25,4.099999904632568,1.2104599475860596,1,0.5,High; decline threshold 0.99,7.4,elongated,0,FALSE,0,11.65206725712309,13.66505117113898,Platybelone,Darkbar flyingfish,0,0,1,pelagic-neritic,WaterAssumed,23.95,high,harmless,no special ability,0.5077999830245972
58304,Jaydia truncata,47966,15,3.5899999141693115,0.5699999928474426,0.010471300221979618,0.13600000739097595,3.059999942779541,0.07959999889135361,0.6600000262260437,14,64,0,132,7.34262114257678,84.224140080735,24.2,27.5,28.8,benthic,12.300000190734863,-0.29,25,4.300000190734863,1.6479500532150269,1.2000000476837158,0.5,High; decline threshold 0.99,29.7,short and / or deep,-0.385993997480093,FALSE,0,18.347866950200554,18.224284850889656,Jaydia,Flagfin cardinalfish,0,0,1,reef-associated,WaterAssumed,21.56,high,harmless,no special ability,0.5
58321,Equulites oblongus,47991,14.600000381469727,3.359999895095825,0.4000000059604645,0.01698240078985691,0.15199999511241913,2.9700000286102295,0.08810000121593475,0.8899999856948853,34.00289165238366,78.54573804056011,20.73051660537611,20,8.3701279252034,203.687928981896,22.32937512173149,25.16077694484665,27.0772095251151,benthic,12.170000076293945,-0.22,25,3.200000047683716,1.2272499799728394,0.8999999761581421,0.5,High; decline threshold 0.99,29.8,fusiform / normal,-0.40355784848825693,FALSE,-0.21700893615801722,12.87399833383897,12.874101023826167,Equulites,Oblong ponyfish,0,0,1,demersal,WaterAssumed,15.39,high,harmless,no special ability,0.5001999735832214
58509,Synodus randalli,48222,13.789999961853027,3.8399999141693115,0.6899999976158142,0.004786300007253885,0.1589999943971634,3.140000104904175,0.08550000190734863,1.1299999952316284,9,41,1,80,3.92675145813831,113.335058907204,26.2,28.2,29.4,pelagic,11.300000190734863,-0.18,25,2.5,1.0036300420761108,0.699999988079071,0.5,High; decline threshold 0.99,17,elongated,-0.2243344715793171,FALSE,0,10.292634298318005,11.890619003522817,Synodus,Indian lizardfish,0,0,1,benthopelagic,WaterAssumed,12.47,medium,harmless,no special ability,0.5
58701,Heteroconger congroides,48419,53.90999984741211,3.369999885559082,0.4399999976158142,0.001023289980366826,0.17499999701976776,3.059999942779541,0.08959999680519104,0.3100000023841858,236,349,200,522,5.97407059342501,418.042121991095,17.715456830862028,21.1346571891805,23.49756027865865,pelagic,44.209999084472656,-1.33,8,8.300000190734863,5.097189903259277,4.199999809265137,0.5,High; decline threshold 0.99,29.3,eel-like,0,FALSE,0,124.18922905435277,153.18982584997306,Heteroconger,Red Sea roughy,0,0,1,bathypelagic,WaterAssumed,48.92,medium,harmless,no special ability,0.5
58702,Gorgasia cotroneii,48420,77.80000305175781,3.4100000858306885,0.4399999976158142,0.001023289980366826,0.17499999701976776,3.059999942779541,0.08959999680519104,0.2199999988079071,5,26,0,50,5.76667669811607,371.025681206392,24.71348121214206,27.30516147049909,28.428432093246577,pelagic,63.79999923706055,-1.9,25,11.699999809265137,7.156499862670898,5.800000190734863,0.5,Medium; decline threshold 0.95,73.4,eel-like,0,FALSE,0,97.3173305044436,8.449551009039645,Gorgasia,Pharaoh's moray,0,0,1,demersal,WaterAssumed,58.97,medium,harmless,no special ability,0.5001000165939331
58715,Facciolella karrerae,48432,36.099998474121094,3.3399999141693115,0.4300000071525574,8.912510238587856e-4,0.2070000022649765,2.9800000190734863,0.10700000077486038,0.6100000143051147,869,1256,700,2000,6.13657900961995,456.050195136698,21.7,21.7,21.8,pelagic,29.600000381469727,-0.25,8,4.699999809265137,1.3391799926757813,1.2000000476837158,0.5,High; decline threshold 0.99,7.4,eel-like,0,FALSE,0,290,290,Facciolella,Sharpnose tonguesole,0,0,1,bathydemersal,WaterAssumed,24.41,unknown,harmless,no special ability,0.5077999830245972
58723,Saurenchelys lateromaculata,48439,51.16999816894531,3.4100000858306885,0.46000000834465027,8.912510238587856e-4,0.2070000022649765,2.9800000190734863,0.10700000077486038,0.4399999976158142,129,339,50,700,5.81767214860472,382.417005840191,11.8,16.3,21.7,pelagic,41.959999084472656,-0.93,25,5.900000095367432,3.598249912261963,2.9000000953674316,0.5,High; decline threshold 0.99,161.6,eel-like,0,FALSE,0,16.833697233424502,33.16075856351511,Saurenchelys,Arafura perchlet,0,0,1,demersal,WaterAssumed,42.08,unknown,harmless,no special ability,0.5005000233650208
58724,Saurenchelys meteori,48440,44.150001525878906,3.390000104904175,0.46000000834465027,8.912510238587856e-4,0.2070000022649765,2.9800000190734863,0.10700000077486038,0.5099999904632568,271.333581804668,426.1541144159937,191.79810443917307,705,5.86920747660472,394.045459388404,19.68871841625407,23.291507734878344,25.620039181780076,pelagic,36.20000076293945,-0.28,8,5.599999904632568,1.6375199556350708,1.399999976158142,0.5,High; decline threshold 0.99,6.6,eel-like,0,FALSE,0,87.10742208340118,85.74367054151207,Saurenchelys,Broad-banded Pipefish,0,0,1,demersal,WaterAssumed,26.8,unknown,harmless,no special ability,0.5005000233650208
58791,Zebrasoma desjardinii,48516,40,2,0,0.02290870063006878,0.16500000655651093,2.9700000286102295,0.0860000029206276,0.3499999940395355,5,17,3,30,124.61977316706,7174.0628815569,25.4,27.6,29.1,benthic,34.59000015258789,-0.43,25,8.100000381469727,2.3609700202941895,2,0.5,High; decline threshold 0.99,7.9,short and / or deep,0,FALSE,0,27,31,Zebrasoma,Indian sail-fin surgeonfish,0,0,1,reef-associated,WaterAssumed,32.64,medium,harmless,no special ability,0.5077999830245972
58827,Liparis fishelsoni,48548,2.5999999046325684,3.059999942779541,0.5199999809265137,0.005248070228844881,0.17499999701976776,3.1500000953674316,0.09740000218153,4.119999885559082,25,28,25,30,3.32453890864734,478.204347269564,26.532193881378255,28.437991673993963,29.25892032341904,benthic,2.130000114440918,-0.07,25,0.699999988079071,0.33630499243736267,0.30000001192092896,0.5,High; decline threshold 0.99,41.4,fusiform / normal,0,FALSE,0,10.318987068507461,10.732514029852465,Liparis,Crimson triplefin,0,0,1,demersal,WaterAssumed,10,unknown,harmless,no special ability,0.5
58956,Aseraggodes sinusarabici,48677,9.640000343322754,3.4700000286102295,0.5199999809265137,0.00954992976039648,0.164000004529953,3.069999933242798,0.08609999716281891,0.8100000023841858,38,52,35,68,7.21735911383101,223.537237280826,22.3,23.6,28.2,benthic,7.900000095367432,-0.28,25,3.4000000953674316,1.446079969406128,1.100000023841858,0.5,High; decline threshold 0.99,46.2,short and / or deep,0,FALSE,0,59,67,Aseraggodes,Gubal goatfish,0,0,1,demersal,WaterAssumed,16.55,very high,harmless,no special ability,0.5
58972,Bothus tricirrhitus,48694,27.780000686645508,3.690000057220459,0.5899999737739563,0.010715199634432793,0.1860000044107437,3.0399999618530273,0.09130000323057175,0.17000000178813934,7,31,1,60,6.0104482716791,167.128115909693,22.6922272408406,26.837513162950238,28.73828419660145,benthic,22.780000686645508,-2.48,25,15.199999809265137,9.240180015563965,7.5,0.5,Medium; decline threshold 0.95,73.4,short and / or deep,-0.38796602494339927,FALSE,0,86.85794729889693,94.52290167649865,Bothus,Shortheaded tonguesole,0,0,1,demersal,WaterAssumed,57.21,very high,harmless,no special ability,0.5
59052,Antigonia indica,48773,9.300000190734863,2.890000104904175,0.30000001192092896,0.021877599880099297,0.12700000405311584,3.0399999618530273,0.08609999716281891,0.756042673656892,80,176,50,320,8.13409989811523,135.406855233104,16.5,22.3,27.6,benthic,7.630000114440918,-0.3001811390104498,25,4.113230681733485,1.6427005902850966,1.2291156547988695,0.5,"Please enter values for K, tmax.",35,short and / or deep,0,FALSE,0,26,30,Antigonia,Elat electric ray,0,0,1,demersal,WaterAssumed,10,unknown,harmless,no special ability,0.5
59179,Siphamia tubifer,48903,7,3.5,0.5,0.014791100285947323,0.1679999977350235,3.059999942779541,0.09130000323057175,1.340000033378601,1,18,0,100,7.91551758941844,95.2320915949854,24.6,28.3,29.2,benthic,5.739999771118164,-0.17,25,2.0999999046325684,0.8950120210647583,0.699999988079071,0.5,High; decline threshold 0.99,22.7,short and / or deep,0,FALSE,0,9,9,Siphamia,Tubifer cardinalfish,0,0,1,reef-associated,WaterAssumed,10.53,high,harmless,no special ability,0.5
59388,Priolepis goldshmidtae,49122,38.79999923706055,3.5799999237060547,0.3799999952316284,0.010232900269329548,0.16699999570846558,3.009999990463257,0.09099999815225601,0.20999999344348907,222,295,200,400,6.39963416903339,78.9953808128409,21.3686906008609,26.18257688735574,27.223791789049148,benthic,31.799999237060547,-0.78,8,13.5,3.7729198932647705,3.4000000953674316,0.5,Medium; decline threshold 0.95,8,fusiform / normal,0,FALSE,0,10,11,Priolepis,Queen coris,0,0,1,bathydemersal,WaterAssumed,45.86,very high,harmless,no special ability,0.5
59404,Psilogobius randalli,49138,5.860000133514404,3.2100000381469727,0.3400000035762787,0.0074130999855697155,0.16899999976158142,3.0899999141693115,0.09019999951124191,1.2000000476837158,2,11,0,20,8.30267645568284,152.647440309148,26.164832328817088,27.919717391561232,28.907627687145563,benthic,4.800000190734863,-0.21,25,2.299999952316284,1.0657299757003784,0.800000011920929,0.5,High; decline threshold 0.99,62.5,elongated,0,FALSE,0,10.601520188036599,11.015271677326238,Psilogobius,Anomolous goby,0,0,1,demersal,WaterAssumed,11.53,very high,harmless,no special ability,0.625
59445,Fusigobius humeralis,49179,5.369999885559082,3.190000057220459,0.3400000035762787,0.010232900269329548,0.16699999570846558,3.009999990463257,0.09099999815225601,1.2999999523162842,5,17,3,30,8.31891920392081,155.9589986267,24.7,28.3,29.3,benthic,4.400000095367432,-0.2,25,2.0999999046325684,0.9690970182418823,0.699999988079071,0.5,High; decline threshold 0.99,65.6,fusiform / normal,0,FALSE,0,9,9,Fusigobius,Shoulderspot sandgoby,0,0,1,demersal,WaterAssumed,10.53,very high,harmless,no special ability,0.5005000233650208
59446,Fusigobius maximus,49180,9.149999618530273,3.299999952316284,0.3499999940395355,0.0074130999855697155,0.16899999976158142,3.0899999141693115,0.09019999951124191,0.7900000214576721,5,13,3,21,8.1167030683587,123.782130760317,24.7,28.4,29.3,benthic,7.5,-0.29,25,3.5,1.4968500137329102,1.100000023841858,0.5,High; decline threshold 0.99,48,elongated,0,FALSE,0,9,9,Fusigobius,Large sandgoby,0,0,1,demersal,WaterAssumed,17.15,very high,harmless,no special ability,0.5005000233650208
59500,Scorpaenopsis possi,49232,23.670000076293945,4.139999866485596,0.75,0.01288249995559454,0.16099999845027924,3.0199999809265137,0.08889999985694885,0.25999999046325684,7,29,2,55,2.87134870636309,228.195034591175,25.4,28,29,pelagic,19.399999618530273,-0.71,25,10.800000190734863,4.064020156860352,3,0.5,Medium; decline threshold 0.95,27,fusiform / normal,0,FALSE,0,9,9,Scorpaenopsis,Poss's scorpionfish,0,0,1,demersal,WaterAssumed,39,high,harmless,no special ability,0.5
59507,Scorpaenopsis vittapinna,49240,8.5,3.6700000762939453,0.6600000262260437,0.01288249995559454,0.16099999845027924,3.0199999809265137,0.08889999985694885,0.6600000262260437,4,21,0,40,3.20210712529242,366.196466437639,24.7,28.3,29.2,pelagic,6.96999979019165,-0.34,25,4.199999809265137,1.7771899700164795,1.2999999523162842,0.5,High; decline threshold 0.99,44.3,fusiform / normal,0,FALSE,0,9,9,Scorpaenopsis,Bandfin scorpionfish,0,0,1,reef-associated,WaterAssumed,21.59,high,harmless,no special ability,0.5
59514,Jaydia smithi,49246,14.5,3.5799999237060547,0.5699999928474426,0.00954992976039648,0.11599999666213989,3.0999999046325684,0.07169999927282333,0.6800000071525574,50,121,22,230,7.6376452171821,91.3173167616881,21,25.9,28.1,benthic,11.890000343322754,-0.29,25,4.099999904632568,1.5946799516677856,1.2000000476837158,0.5,High; decline threshold 0.99,28.8,fusiform / normal,0,FALSE,0,9,9,Jaydia,Smith's cardinalfish,0,0,1,demersal,WaterAssumed,20.93,high,harmless,no special ability,0.5
59649,Bodianus trilineatus,49380,28,3.450000047683716,0.44999998807907104,0.010471300221979618,0.16500000655651093,3.0899999141693115,0.08980000019073486,0.3499999940395355,86,135,73,200,7.28049819275202,102.372912168399,18.5,21.3,22.7,benthic,22.959999084472656,-0.48,17,8.100000381469727,2.226799964904785,2.0999999046325684,0.5,High; decline threshold 0.99,6.5,fusiform / normal,-0.425269088360551,FALSE,0,9.741221175327173,10.54676029508394,Bodianus,Fourline hogfish,0,0,1,reef-associated,WaterAssumed,31.55,very high,harmless,no special ability,0.5
59659,Omobranchus steinitzi,49390,3.9000000953674316,2.819999933242798,0.1599999964237213,0.005754400044679642,0.17800000309944153,3.059999942779541,0.10100000351667404,1.6299999952316284,2,6,1,10,13.2944639001301,500.726752151318,25.602975374102364,28.001816684708977,29.209612649182624,benthic,3.200000047683716,-0.17,25,1.7000000476837158,0.839697003364563,0.699999988079071,0.5,High; decline threshold 0.99,90.4,fusiform / normal,0,FALSE,0,12.647517731627115,13.285540478386073,Omobranchus,Arab blenny,0,0,1,demersal,WaterAssumed,10,unknown,harmless,no special ability,0.5
59777,Nectamia fusca,49513,11.199999809265137,3.3399999141693115,0.2199999988079071,0.017378000542521477,0.11100000143051147,2.9600000381469727,0.07169999927282333,0.8700000047683716,3,11,1,20,8.0323430565043,121.690915923729,25.7,28.7,29.3,benthic,7.260000228881836,-0.24,25,3.200000047683716,1.2877399921417236,1,0.5,High; decline threshold 0.99,14.9,short and / or deep,0,FALSE,0,9,9,Nectamia,Ghost cardinalfish,0,0,1,reef-associated,WaterAssumed,15.39,high,harmless,no special ability,0.5019999742507935
59779,Fowleria isostigma,49515,8.539999961853027,3.5,0.5400000214576721,0.014791100285947323,0.1679999977350235,3.059999942779541,0.09130000323057175,1.1100000143051147,3,16,0,30,7.85848190292523,95.2320915949854,25.8,28.7,29.3,benthic,7,-0.21,25,2.5,1.0756900310516357,0.800000011920929,0.5,High; decline threshold 0.99,49.9,short and / or deep,0,FALSE,0,9,9,Fowleria,Dotted cardinalfish,0,0,1,reef-associated,WaterAssumed,12.47,high,harmless,no special ability,0.5038999915122986
59879,Vinciguerria mabahiss,49635,5.880000114440918,3.130000114440918,0.2800000011920929,0.0031622799579054117,0.1940000057220459,3.180000066757202,0.10899999737739563,4.860000133514404,59,226,0,500,3.2536934264083,64.1356398918285,21.4,22.8,24.9,pelagic,4.820000171661377,-0.06,8,0.6000000238418579,0.27790701389312744,0.20000000298023224,0.5,High; decline threshold 0.99,34.2,eel-like,0,FALSE,0,18.850513811959782,22.526746064959497,Vinciguerria,Bluestripe pipefish,0,0,1,bathypelagic,WaterAssumed,10,unknown,harmless,no special ability,0.5311999917030334
60031,Gymnapogon melanogaster,49777,2.809999942779541,3.0999999046325684,0.4300000071525574,0.0038904501125216484,0.17100000381469727,3.119999885559082,0.09000000357627869,3.119999885559082,0,1,0,2,8.65750532899015,203.687928981896,25.57640859054627,28.06492006086123,28.9638826053381,pelagic,2.299999952316284,-0.1,17,0.8999999761581421,0.4496150016784668,0.4000000059604645,0.5,High; decline threshold 0.99,64.3,elongated,0,FALSE,0,9,9,Gymnapogon,Loki whip-goby,0,0,1,reef-associated,WaterAssumed,10,high,harmless,no special ability,0.5009999871253967
60074,Naso elegans,49820,54.900001525878906,2,0,0.023442300036549568,0.1940000057220459,2.9600000381469727,0.10199999809265137,0.25999999046325684,7,18,5,30,116.194780173697,7174.0628815569,24.8,27.1,28.7,benthic,45,-0.57,25,11,3.199690103530884,2.5999999046325684,0.5,Medium; decline threshold 0.95,18.5,short and / or deep,0,FALSE,0,26,30,Naso,Elegant unicornfish,0,0,1,reef-associated,WaterAssumed,46.16,medium,harmless,no special ability,0.5
60362,Apogonichthyoides pharaonis,50116,9.5,3.430000066757202,0.47999998927116394,0.01122019998729229,0.13199999928474426,3.069999933242798,0.08009999990463257,1.0099999904632568,0,1,0,2,8.00592097090514,107.08122617311,24.6,26.8,27.6,benthic,7.789999961853027,-0.21,25,2.799999952316284,1.152809977531433,0.8999999761581421,0.5,High; decline threshold 0.99,35.3,elongated,0,FALSE,0,13.320466129906551,14.605920598430515,Apogonichthyoides,Pharaoh cardinalfish,0,0,1,demersal,WaterAssumed,13.79,high,harmless,no special ability,0.5
60363,Ostorhinchus spilurus,50117,8.970000267028809,3.4800000190734863,0.3799999952316284,0.01258930005133152,0.18299999833106995,3.0899999141693115,0.08969999849796295,1.059999942779541,39,52,37,65,7.92025891607236,99.4181400623952,22.9,25.3,26.3,benthic,7.349999904632568,-0.22,25,2.5999999046325684,1.0998400449752808,0.800000011920929,0.5,High; decline threshold 0.99,48.3,short and / or deep,0,FALSE,0,9,9,Ostorhinchus,Reef-flat cardinalfish,0,0,1,reef-associated,WaterAssumed,12.93,high,harmless,no special ability,0.5
60370,Apogon latus,50124,8.710000038146973,3.4600000381469727,0.44999998807907104,0.007079460192471743,0.18700000643730164,3.2200000286102295,0.10400000214576721,1.090000033378601,2,11,0,20,7.91086807723237,97.9911526437013,24.92540941517225,27.56358915077559,28.630114561164277,benthic,7.139999866485596,-0.36,25,2.4000000953674316,1.467919945716858,1.2000000476837158,0.5,High; decline threshold 0.99,161.6,short and / or deep,-0.41395790358963097,FALSE,0,8.999999999999998,9,Apogon,Flame cardinalfish,0,0,1,reef-associated,WaterAssumed,13.28,high,harmless,no special ability,0.5
60532,Arnoglossus marisrubri,50300,18.530000686645508,3.559999942779541,0.38999998569488525,0.009120110422372818,0.17599999904632568,3.0399999618530273,0.09520000219345093,0.25,365,374,363,383,6.6811634956552,197.084825838282,19.48155844198121,23.419806364111594,25.933230238139544,benthic,15.1899995803833,-1.66,8,10.300000190734863,6.309720039367676,5.199999809265137,0.5,Medium; decline threshold 0.95,29.3,short and / or deep,0,FALSE,0,76.2355390971426,80.53921674517714,Arnoglossus,Khaki flounder,0,0,1,bathydemersal,WaterAssumed,41.73,very high,harmless,no special ability,0.5
60760,Plectorhinchus umbrinus,50531,70.01000213623047,3.809999942779541,0.6100000143051147,0.018620900809764862,0.19099999964237213,2.940000057220459,0.09430000185966492,0.1599999964237213,5,26,0,50,5.08867315150802,63.173826074179,23.599619521646094,27.89746590615637,29.097902242817774,benthic,57.40999984741211,-2.65,25,16.100000381469727,9.802689552307129,8,0.5,Medium; decline threshold 0.95,249.8,fusiform / normal,0,FALSE,-0.1940884426508682,16.304056249806763,18.068050347962487,Plectorhinchus,Blackspotted rubberlip,0,0,1,reef-associated,WaterAssumed,66.78,medium,harmless,no special ability,0.5
60766,Plectorhinchus faetela,50537,70.01000213623047,3.809999942779541,0.6100000143051147,0.018620900809764862,0.19099999964237213,2.940000057220459,0.09430000185966492,0.1599999964237213,5,26,0,50,5.08867315150802,63.173826074179,24.21598765261196,27.671567274338503,28.954750500234592,benthic,57.40999984741211,-2.65,25,16.100000381469727,9.802689552307129,8,0.5,Medium; decline threshold 0.95,73.4,eel-like,0,FALSE,0,12.052780790594316,12.858594089688275,Plectorhinchus,Nago snakemoray,0,0,1,demersal,WaterAssumed,66.78,medium,harmless,no special ability,0.5
60799,Kraemeria nuda,50572,4,3.140000104904175,0.4099999964237213,0.0038904501125216484,0.17100000381469727,3.119999885559082,0.09000000357627869,1.781034697361613,3,11,1,20,8.53435697692558,193.208621981496,23.385979819631483,27.030286199710048,29.118649067528256,benthic,3.2799999713897705,-0.1776916268486762,25,2.1966060149469904,0.9213866441065314,0.6990363433294382,0.5,"Please enter values for K, tmax.",31.9,elongated,0,FALSE,0,32.33680585645625,33.753300668858536,Kraemeria,Glotta tonguesole,0,0,1,demersal,WaterAssumed,10,unknown,harmless,no special ability,0.5098000168800354
60813,Cheilinus abudjubbe,50586,26.600000381469727,3.5199999809265137,0.5299999713897705,0.02137959934771061,0.1979999989271164,2.9700000286102295,0.10599999874830246,0.3700000047683716,1,6,0,10,7.26491806851522,97.9911526437013,24.7,27.6,29.2,benthic,21.799999237060547,-0.48,25,7.599999904632568,2.8333799839019775,2.0999999046325684,0.5,High; decline threshold 0.99,25.1,short and / or deep,0,FALSE,0,49.417666229803906,54.39836812521813,Cheilinus,Two-spot razorfish,0,0,1,demersal,WaterAssumed,33.92,very high,harmless,no special ability,0.5038999915122986
60891,Physiculus sudanensis,50664,31.719999313354492,3.430000066757202,0.44999998807907104,0.0038904501125216484,0.15299999713897705,3.109999895095825,0.09080000221729279,0.1899999976158142,764,773,762,782,4.05572618636496,176.156689367891,22.360983178559177,23.515737491216157,23.922860775153783,pelagic,26,-0.91,8,14.899999618530273,4.069119930267334,3.9000000953674316,0.5,Medium; decline threshold 0.95,9,eel-like,0,FALSE,0,158.10155119972012,88.39381731401757,Physiculus,Barane's moray,0,0,1,benthopelagic,WaterAssumed,45.2,medium,harmless,no special ability,0.5
60913,Upeneus davidaromi,50693,29.280000686645508,3.450000047683716,0.49000000953674316,0.00954992976039648,0.16500000655651093,3.0899999141693115,0.08619999885559082,0.38999998569488525,250,300,150,500,7.23626341644536,102.372912168399,21.7,21.7,21.9,benthic,24,-0.44,8,7.300000190734863,1.9658199548721313,1.899999976158142,0.5,High; decline threshold 0.99,4.3,fusiform / normal,0,FALSE,0,9,9,Upeneus,Darom's goatfish,0,0,1,bathydemersal,WaterAssumed,33.31,high,harmless,no special ability,0.5
61068,Amblyglyphidodon indicus,50848,10.130000114440918,2.7200000286102295,0.30000001192092896,0.023442300036549568,0.15600000321865082,2.9800000190734863,0.08879999816417694,0.6600000262260437,3,9,2,15,17.5194784302723,716.823194692873,24.8,27.4,29.1,pelagic,8.300000190734863,-0.34,25,4.199999809265137,1.7435200214385986,1.2999999523162842,0.5,High; decline threshold 0.99,44.9,short and / or deep,0,FALSE,0,11,13,Amblyglyphidodon,Maldives damselfish,0,0,1,reef-associated,WaterAssumed,22.08,unknown,harmless,no special ability,0.5005000233650208
61099,Onigocia bimaculata,50882,8.050000190734863,3.4000000953674316,0.5799999833106995,0.004570879973471165,0.14800000190734863,3.0899999141693115,0.09000000357627869,1.350000023841858,5,17,3,30,3.55992132818292,531.157716458319,24,27.7,29.3,benthic,6.599999904632568,-0.17,17,2.0999999046325684,0.9109770059585571,0.699999988079071,0.5,High; decline threshold 0.99,34,elongated,0,FALSE,0,28.523181622172547,28.279534753926605,Onigocia,Two-spotted flathead,0,0,1,demersal,WaterAssumed,10.53,high,harmless,no special ability,0.5038999915122986
61176,Argyrops megalommatus,50960,25.25,3.4700000286102295,0.3499999940395355,0.019952600821852684,0.16899999976158142,2.9600000381469727,0.08810000121593475,0.3199999928474426,134,240,100,400,5.19856263445834,56.8799225485038,22.470883324060747,25.352040857406784,28.144651921697044,benthic,20.700000762939453,-0.57,25,8.800000190734863,3.2722699642181396,2.4000000953674316,0.5,High; decline threshold 0.99,11.8,short and / or deep,0,FALSE,0,10,10,Argyrops,Red Sea soldierbream,0,0,1,demersal,WaterAssumed,36.04,very high,harmless,no special ability,0.5077999830245972
61210,Leptocephalus ophichthoides,50993,56.63999938964844,4.190000057220459,0.7300000190734863,7.585780113004148e-4,0.21799999475479126,3.059999942779541,0.11500000208616257,0.38999998569488525,22,95,0,200,3.39556478279865,85.7958869133231,23.7,28.6,29.4,benthic,46.439998626708984,-1.05,25,6.599999904632568,4.058800220489502,3.299999952316284,0.5,High; decline threshold 0.99,249.8,eel-like,0,FALSE,0,19.322965270005987,22.234330940655106,Leptocephalus,Nebulous snake eel,0,0,1,pelagic-neritic,WaterAssumed,45.75,unknown,harmless,no special ability,1
61211,Nettenchelys bellottii,50994,38.9900016784668,3.380000114440918,0.46000000834465027,8.912510238587856e-4,0.2070000022649765,2.9800000190734863,0.10700000077486038,0.5699999928474426,246,383,200,600,5.66616104008174,348.943600686014,12.188038502477829,16.55576355197026,19.94376553209751,pelagic,31.969999313354492,-0.71,8,4.599999904632568,2.785490036010742,2.299999952316284,0.5,High; decline threshold 0.99,99.8,eel-like,0,FALSE,0,69.56616431382962,68.63240522820502,Nettenchelys,Pacific barracudina,0,0,1,bathypelagic,WaterAssumed,29.61,unknown,harmless,no special ability,0.5009999871253967
61244,Neocentropogon mesedai,51027,7.889999866485596,3.1500000953674316,0.2800000011920929,0.01122019998729229,0.17299999296665192,3.0399999618530273,0.08569999784231186,0.41999998688697815,308,342,300,383,3.26657649562321,651.311187092538,18.39467154163254,21.62108463361161,24.03856767510131,benthic,6.46999979019165,-0.58,8,6.599999904632568,2.86080002784729,2.200000047683716,0.5,High; decline threshold 0.99,23.6,fusiform / normal,0,FALSE,0,8,8,Neocentropogon,Meseda waspfish,0,0,1,bathydemersal,WaterAssumed,30.98,unknown,harmless,no special ability,0.5156000256538391
61282,Syngnathus safina,51068,25.549999237060547,3.309999942779541,0.47999998927116394,2.7542299358174205e-4,0.1850000023841858,3.2100000381469727,0.09189999848604202,0.6100000143051147,24,29,23,33,6.30668696693383,496.8665784015,23.937619252485405,26.575554010635482,27.890231805259667,benthic,20.950000762939453,-0.66,25,4.300000190734863,2.6062800884246826,2.0999999046325684,0.5,High; decline threshold 0.99,161.6,eel-like,0,FALSE,0,34.46899164504076,20.37886485459428,Syngnathus,Straightstick pipefish,0,0,1,demersal,WaterAssumed,25.58,unknown,harmless,no special ability,0.5
61334,Cabillus macrophthalmus,51118,2.990000009536743,3.0799999237060547,0.3199999928474426,0.0074130999855697155,0.16899999976158142,3.0899999141693115,0.09019999951124191,2.2300000190734863,151,251,120,400,8.75086363395954,215.140357874308,12,16.4,21.3,benthic,2.450000047683716,-0.13,8,1.2000000476837158,0.6043540239334106,0.5,0.5,High; decline threshold 0.99,16.9,short and / or deep,0,FALSE,0,8,9,Cabillus,Bigeye cabillus,0,0,1,bathydemersal,WaterAssumed,10,very high,harmless,no special ability,0.5038999915122986
61336,Gobius koseirensis,51120,12.329999923706055,3.1600000858306885,0.23999999463558197,0.0074130999855697155,0.16699999570846558,3.0899999141693115,0.08619999885559082,0.6000000238418579,5,26,0,50,8.05694767977151,143.505229486775,25.389860825264563,27.489958747680742,28.662189781835277,benthic,10.109999656677246,-0.66,25,4.300000190734863,2.6062800884246826,2.0999999046325684,0.5,High; decline threshold 0.99,73.4,elongated,0,FALSE,0,11.177582423857164,11.37864148975344,Gobius,Large sandgoby,0,0,1,demersal,WaterAssumed,24.72,very high,harmless,no special ability,0.5
61337,Gobius leucomelas,51121,12.329999923706055,3.1600000858306885,0.23999999463558197,0.0074130999855697155,0.16699999570846558,3.0899999141693115,0.08619999885559082,0.6000000238418579,5,26,0,50,8.05694767977151,143.505229486775,25.389860825264563,27.489958747680742,28.662189781835277,benthic,10.109999656677246,-0.66,25,4.300000190734863,2.6062800884246826,2.0999999046325684,0.5,High; decline threshold 0.99,73.4,elongated,0,FALSE,0,11.177582423857164,11.37864148975344,Gobius,Large sandgoby,0,0,1,demersal,WaterAssumed,24.72,very high,harmless,no special ability,0.5
61378,Torpedo suessii,51162,29.100000381469727,4.059999942779541,0.7099999785423279,0.014791100285947323,0.17599999904632568,2.9700000286102295,0.09549999982118607,0.25,73,269,1,600,3.52759633514941,95.2963266874875,23.22945253810048,27.36767288486933,28.485577959524004,benthic,23.860000610351563,-0.71,25,11.300000190734863,3.02128005027771,3,0.5,Medium; decline threshold 0.95,24.2,eel-like,0,FALSE,0,40.38245407020815,27.789579975961704,Torpedo,Red sea torpedo,0,0,1,demersal,WaterAssumed,35.8,medium,harmless,weakly discharging,0.5005000233650208
62164,Uranoscopus fuscomaculatus,52123,30,4.130000114440918,0.6800000071525574,0.007943280041217804,0.1979999989271164,3.0899999141693115,0.10100000351667404,0.33000001311302185,368,378,366,389,6.51462837700601,45.0201248124266,22.983329157183196,26.56551741183574,28.467222863110347,benthic,24.600000381469727,-0.5,25,8.600000381469727,2.3993399143218994,2.200000047683716,0.5,High; decline threshold 0.99,9.4,eel-like,0,FALSE,0,26.81965589555339,27.73214255838435,Uranoscopus,Dollfus' stargrazer,0,0,1,demersal,WaterAssumed,32.5,unknown,harmless,no special ability,0.5
62183,Microbrotula bentleyi,52144,4.96999979019165,3.180000066757202,0.47999998927116394,0.004677350167185068,0.20399999618530273,3.0299999713897705,0.11400000005960464,1.6799999475479126,5,28,0,55,6.95337604948384,663.812283968472,22.9,27.5,29,benthic,4.070000171661377,-0.16,25,1.600000023841858,0.770937979221344,0.6000000238418579,0.5,High; decline threshold 0.99,31.9,elongated,0,FALSE,0,61,70,Microbrotula,Many-ray cusk,0,0,1,reef-associated,WaterAssumed,10,unknown,harmless,no special ability,0.5038999915122986
62425,Upeneus guttatus,52410,19.520000457763672,3.4700000286102295,0.3799999952316284,0.010964799672365189,0.11999999731779099,3.069999933242798,0.07349999994039536,0.5699999928474426,25,84,8,165,7.46246939051037,95.2320915949854,23.51884795757871,25.780337111597518,27.684939117568252,benthic,16,-0.33,25,4.900000095367432,1.905869960784912,1.399999976158142,0.5,High; decline threshold 0.99,12.6,fusiform / normal,0,FALSE,0,9,9,Upeneus,Twotone goatfish,0,0,1,demersal,WaterAssumed,24.73,high,harmless,no special ability,0.5
62645,Gobiodon prolixus,52658,3.950000047683716,3.299999952316284,0.4300000071525574,0.019952600821852684,0.17499999701976776,3.009999990463257,0.09049999713897705,1.7200000286102295,2,11,0,21,8.33296502299114,130.50373732414,24.7,28.4,29.3,benthic,3.240000009536743,-0.16,25,1.600000023841858,0.7968639731407166,0.6000000238418579,0.5,High; decline threshold 0.99,79.6,short and / or deep,0,FALSE,0,10,10,Gobiodon,Elongate coralgoby,0,0,1,reef-associated,FacultativeGenus,10,very high,harmless,no special ability,0.5
63031,Aseraggodes steinitzi,53109,4.389999866485596,3.2300000190734863,0.49000000953674316,0.00954992976039648,0.164000004529953,3.069999933242798,0.08609999716281891,1.6799999475479126,5,26,0,50,7.62795987709416,336.082858878074,24.607677787570832,26.23451734380902,28.444192357058856,benthic,3.5999999046325684,-0.16,25,1.600000023841858,0.7646120190620422,0.6000000238418579,0.5,High; decline threshold 0.99,74.5,short and / or deep,0,FALSE,0,58,62,Aseraggodes,Sinai goatfish,0,0,1,demersal,WaterAssumed,10,very high,harmless,no special ability,0.5
63096,Plectranthias klausewitzi,53176,6.710000038146973,3.4800000190734863,0.5699999928474426,0.0038904501125216484,0.17100000381469727,3.119999885559082,0.09000000357627869,1.2400000095367432,200,240,190,290,7.59832028417071,83.1308662329051,25.123875398332142,27.92020481833864,29.160135529962588,pelagic,5.5,-0.2,25,2.200000047683716,0.9893929958343506,0.800000011920929,0.5,High; decline threshold 0.99,57.8,elongated,0,FALSE,0,14,15,Plectranthias,Seychelles shrimpgoby,0,0,1,pelagic-oceanic,WaterAssumed,11.03,very high,harmless,no special ability,0.5
63148,Saurida macrolepis,53230,31.43000030517578,4.179999828338623,0.33000001311302185,0.005011870060116053,0.16500000655651093,3.0999999046325684,0.08709999918937683,0.5299999713897705,11,50,1,100,3.42772897019493,89.3046198448036,23,28,29,pelagic,25.760000228881836,-0.32,25,5.300000190734863,1.4689799547195435,1.399999976158142,0.5,High; decline threshold 0.99,22.7,elongated,-0.18207654890416033,FALSE,0,10.44255786951214,11.812427572316922,Saurida,Golani's lizardfish,0,0,1,demersal,WaterAssumed,27.36,medium,harmless,no special ability,0.5
63429,Apogon campbelli,53537,4.710000038146973,3.2699999809265137,0.4300000071525574,0.007079460192471743,0.18700000643730164,3.2200000286102295,0.10400000214576721,1.9299999475479126,5,26,0,50,8.31130344730987,135.406855233104,24.8,26.9,27.8,benthic,3.859999895095825,-0.14,25,1.399999976158142,0.658158004283905,0.5,0.5,High; decline threshold 0.99,71.2,elongated,0,FALSE,0,9,9,Apogon,Campbell's cardinalfish,0,0,1,reef-associated,WaterAssumed,10,very high,harmless,no special ability,0.5
63681,Gymnothorax baranesi,53820,85.69999694824219,4.050000190734863,0.6499999761581421,4.6773499343544245e-4,0.14000000059604645,3.2799999713897705,0.07930000126361847,0.1599999964237213,155,176,150,200,3.54044292326184,95.8990357437856,21.13207689479991,25.688133854623622,27.399298656874137,pelagic,70.2699966430664,-0.79,8,18,5.639470100402832,3.9000000953674316,0.5,Medium; decline threshold 0.95,4.4,eel-like,0,FALSE,0,4.048367786465612,21.43291332209586,Gymnothorax,Barane's moray,0,0,1,benthopelagic,WaterAssumed,56.22,medium,harmless,no special ability,0.5
64089,Symphysanodon disii,54237,20.170000076293945,3.490000009536743,0.44999998807907104,0.019952600821852684,0.17499999701976776,3.009999990463257,0.09049999713897705,0.8996845098228263,105,126,100,150,7.61054465842838,107.08122617311,22.52593154412667,25.848845944496194,27.28627570158315,pelagic,16.530000686645508,-0.21031458811841308,25,3.0426029187136714,1.0709220695875645,0.9023269686126549,0.5,"Please enter values for K, tmax.",29.7,short and / or deep,0,FALSE,0,10,10,Symphysanodon,Steinitz' velvetfish,0,0,1,pelagic-oceanic,WaterAssumed,10.17,unknown,harmless,no special ability,0.5004000067710876
64555,Vanderhorstia opercularis,54440,6.159999847412109,3.2200000286102295,0.3400000035762787,0.0074130999855697155,0.16899999976158142,3.0899999141693115,0.09019999951124191,1.1399999856948853,28,34,27,40,8.27057867276667,146.427735207108,25.513457108746383,27.87757327684849,28.825593053488024,benthic,5.050000190734863,-0.22,25,2.4000000953674316,1.099370002746582,0.800000011920929,0.5,High; decline threshold 0.99,61,elongated,0,FALSE,0,12,12,Vanderhorstia,Candystick goby,0,0,1,reef-associated,WaterAssumed,12.01,very high,harmless,no special ability,0.5
64481,Kyonemichthys rumengani,54546,2.680000066757202,3.049999952316284,0.4300000071525574,3.467370115686208e-4,0.1809999942779541,3.190000057220459,0.09549999982118607,4.929999828338623,15,18,15,20,8.42397141588778,1118.53280701784,27.2,28.7,29.2,benthic,2.200000047683716,-0.06,25,0.5,0.28666698932647705,0.20000000298023224,0.5,High; decline threshold 0.99,89.3,eel-like,0,FALSE,0,15,15,Kyonemichthys,Thread pipefish,0,0,1,demersal,WaterAssumed,10,unknown,harmless,no special ability,1
64644,Soleichthys dori,54621,12.930000305175781,3.380000114440918,0.4699999988079071,0.00954992976039648,0.164000004529953,3.069999933242798,0.08609999716281891,0.6200000047683716,1,6,0,10,7.27627072477593,269.065970717972,25.5,28.6,29.3,benthic,10.600000381469727,-0.34,25,4.5,1.8398499488830566,1.399999976158142,0.5,High; decline threshold 0.99,17.6,short and / or deep,0,FALSE,0,24.976470737451596,27.611406585542284,Soleichthys,Baldwin's razorfish,0,0,1,benthopelagic,WaterAssumed,23.43,high,harmless,no special ability,0.5009999871253967
64902,Hippocampus debelius,54906,2.890000104904175,3.069999933242798,0.3400000035762787,0.00446684006601572,0.20600000023841858,3,0.1120000034570694,4.590000152587891,16,23,15,30,8.09212703297166,1008.97128899232,25.45800237066496,27.57235789731639,28.511333012753397,benthic,2.369999885559082,-0.06,25,0.6000000238418579,0.3221389949321747,0.30000001192092896,0.5,High; decline threshold 0.99,95.5,other,0,FALSE,0,14,14,Hippocampus,Softcoral seahorse,0,0,1,reef-associated,WaterAssumed,10,unknown,harmless,no special ability,0.5
65000,Gladiogobius rex,55037,4.75,3.1700000762939453,0.33000001311302185,0.0074130999855697155,0.16899999976158142,3.0899999141693115,0.09019999951124191,1.4500000476837158,0,1,0,2,8.36137296932118,163.02272967761,28.3,28.8,29.3,benthic,3.890000104904175,-0.19,25,1.899999976158142,0.872376024723053,0.699999988079071,0.5,High; decline threshold 0.99,32.3,elongated,0,FALSE,0,9,10,Gladiogobius,King goby,0,0,1,demersal,WaterAssumed,10,very high,harmless,no special ability,0.625
65004,Apogon erythrosoma,55050,4.590000152587891,3.259999990463257,0.41999998688697815,0.01148150023072958,0.1899999976158142,3.069999933242798,0.08950000256299973,1.9800000190734863,5,26,0,50,8.31971746620872,138.001162433042,26.2,26.7,27.9,benthic,3.759999990463257,-0.14,25,1.399999976158142,0.669776976108551,0.5,0.5,High; decline threshold 0.99,32.8,fusiform / normal,0,FALSE,0,9,9,Apogon,Red Sea nymph cardinalfish,0,0,1,reef-associated,WaterAssumed,10,high,harmless,no special ability,0.5
65179,Mobula alfredi,55254,131.9499969482422,3.5,0.4699999988079071,0.009999999776482582,0.31299999356269836,3.0399999618530273,0.11900000274181366,0.16748767481593307,12,59,0,120,0.77216854123258,141.30255603691,24.3,27.8,29,pelagic,108.19999694824219,-0.98,25,41.87710189819336,15.658599853515625,7.5,0.5,Low; decline threshold 0.85,0,other,0,FALSE,0,11.206833396188522,29.643741677279472,Mobula,Reef manta ray,1,0,1,benthopelagic,WaterAssumed,81.25,medium,harmless,no special ability,0.5019999742507935
65196,Amblyeleotris neglecta,55283,6.590000152587891,3.2300000190734863,0.3400000035762787,0.0074130999855697155,0.16899999976158142,3.0899999141693115,0.09019999951124191,1.0700000524520874,17,25,15,34,8.2456919684764909,140.698533931987,25.934347279596683,28.417244228719767,29.280848898293524,benthic,5.400000095367432,-0.26,25,2.5,1.231600046157837,1,0.5,High; decline threshold 0.99,76.9,elongated,0,FALSE,0,12,14,Amblyeleotris,Triplespot shrimpgoby,0,0,1,benthopelagic,WaterAssumed,12.47,very high,harmless,no special ability,0.5
65205,Parupeneus seychellensis,55292,28.059999465942383,3.4600000381469727,0.41999998688697815,0.011749000288546085,0.17000000178813934,3.0899999141693115,0.08569999784231186,0.4099999964237213,12,14,12,15,7.29718036074791,103.903707009912,26.9,27.7,29,benthic,23,-0.43,25,6.900000095367432,1.850640058517456,1.7999999523162842,0.5,High; decline threshold 0.99,24.4,fusiform / normal,0,FALSE,0,10.834714340420698,11.640636806350766,Parupeneus,Seychelles goatfish,0,0,1,reef-associated,WaterAssumed,32.06,very high,harmless,no special ability,0.5
65363,Canthigaster cyanospilota,55500,12.6899995803833,3.0899999141693115,0.3100000023841858,0.03630780056118965,0.18700000643730164,2.880000114440918,0.09870000183582306,1.2200000286102295,17,45,10,80,8.19933598129255,1044.06098676763,24.2,27.7,29.3,benthic,10.399999618530273,-0.17,17,2.299999952316284,0.9444479942321777,0.699999988079071,0.5,High; decline threshold 0.99,11.7,short and / or deep,0,FALSE,0,9,11,Canthigaster,Blue-spotted toby,0,0,1,demersal,WaterAssumed,11.53,unknown,harmless,no special ability,0.5
65391,Epigonus marisrubri,55545,17.059999465942383,3.440000057220459,0.47999998927116394,0.012022599577903748,0.164000004529953,3.0199999809265137,0.08990000188350677,0.3799999952316284,67,124,52,200,7.76634001845629,112.169124857551,21.55375711849957,25.625158081996933,28.039328446844817,pelagic,13.979999542236328,-0.53,25,7.400000095367432,2.8802900314331055,2.0999999046325684,0.5,High; decline threshold 0.99,32.9,fusiform / normal,0,FALSE,0,10,16.071872268861423,Epigonus,One-stripe anthias,0,0,1,demersal,WaterAssumed,32.19,very high,harmless,no special ability,0.5
65409,Upeneus margarethae,55570,13.420000076293945,3.390000104904175,0.3700000047683716,0.00954992976039648,0.16500000655651093,3.0899999141693115,0.08619999885559082,0.800000011920929,12,30,8,50,7.87275643227036,108.73198473561,24.1,27.3,29.3,benthic,11,-0.26,25,3.5,1.41034996509552,1.100000023841858,0.5,High; decline threshold 0.99,38,fusiform / normal,0,FALSE,0,9,9,Upeneus,Margaretha's goatfish,0,0,1,reef-associated,WaterAssumed,16.89,very high,harmless,no special ability,0.5
65410,Upeneus suahelicus,55571,16.469999313354492,3.440000057220459,0.3799999952316284,0.00954992976039648,0.16500000655651093,3.0899999141693115,0.08619999885559082,0.6700000166893005,28,60,20,99,7.66811301019406,100.878264089392,23.7,25.9,27,benthic,13.5,-0.3,25,4.199999809265137,1.6392300128936768,1.2000000476837158,0.5,High; decline threshold 0.99,33.6,fusiform / normal,0,FALSE,0,9,9,Upeneus,Swahili goatfish,0,0,1,reef-associated,WaterAssumed,21.68,very high,harmless,no special ability,0.5
65421,Pleurosicya sinaia,55584,2.069999933242798,3.009999990463257,0.3199999928474426,0.010232900269329548,0.16699999570846558,3.009999990463257,0.09099999815225601,3.140000104904175,5,26,0,50,9.32552560749726,264.246869605531,23.023019035808513,27.979919212494462,29.260141118402903,benthic,1.7000000476837158,-0.1,25,0.8999999761581421,0.47762399911880493,0.4000000059604645,0.5,High; decline threshold 0.99,102.9,fusiform / normal,0,FALSE,0,6,6,Pleurosicya,Mikey’s golden pygmygoby,0,0,1,benthopelagic,WaterAssumed,10,very high,harmless,no special ability,0.5
65422,Lobulogobius bentuviai,55585,1.7799999713897705,2.9800000190734863,0.3100000023841858,0.0074130999855697155,0.16899999976158142,3.0899999141693115,0.09019999951124191,3.609999895095825,22,95,0,200,9.82682572365448,299.813806335353,26.638307683448463,28.661426475630023,29.322715186392323,benthic,1.4600000381469727,-0.09,25,0.699999988079071,0.4355179965496063,0.4000000059604645,0.5,High; decline threshold 0.99,112.1,fusiform / normal,0,FALSE,0,8,8,Lobulogobius,Eilat sandgoby,0,0,1,benthopelagic,WaterAssumed,10,unknown,harmless,no special ability,0.625
65439,Ancistrogobius yanoi,55606,4.489999771118164,3.1600000858306885,0.33000001311302185,0.0074130999855697155,0.16899999976158142,3.0899999141693115,0.09019999951124191,1.5299999713897705,1,7,0,12,8.38350012418775,166.790149576843,26.7,28.8,29.4,benthic,3.680000066757202,-0.18,25,1.7999999523162842,0.8518080115318298,0.699999988079071,0.5,High; decline threshold 0.99,73.3,elongated,0,FALSE,0,10,10,Ancistrogobius,Yano's cheek-hook goby,0,0,1,benthopelagic,WaterAssumed,10,very high,harmless,no special ability,0.5625
65797,Opistognathus dipharus,56003,5.760000228881836,3.2799999713897705,0.5199999809265137,0.0038904501125216484,0.17100000381469727,3.119999885559082,0.09000000357627869,1.4680968230208136,5,14,3,23,8.26659729676899,132.909608534987,24.901530254066376,28.144637187558345,29.202001648093077,pelagic,4.71999979019165,-0.1964055863253823,25,2.6301628202899474,1.0377458229873382,0.7886839984467486,0.5,"Please enter values for K, tmax.",63.2,elongated,0,FALSE,0,15,15,Opistognathus,Tail beacon jawfish,0,0,1,pelagic-neritic,WaterAssumed,10,unknown,harmless,no special ability,0.5
66029,Chaetodon pictus,56327,17.540000915527344,3.3299999237060547,0.6000000238418579,0.02290870063006878,0.15700000524520874,3,0.0860000029206276,0.8199999928474426,5,26,0,50,7.80968977396144,121.690915923729,25.5,26.8,28.3,benthic,14.380000114440918,-0.23466889359209625,25,3.423870086669922,1.3355400562286377,0.9820749759674072,0.5,High; decline threshold 0.99,14.6,short and / or deep,0,FALSE,0,17.962186130844454,17.831070561398775,Chaetodon,Horseshoe butterflyfish,0,0,1,reef-associated,WaterAssumed,16.22,high,harmless,no special ability,0.5
66326,Saurida golanii,56999,33.650001525878906,4.210000038146973,0.3400000035762787,0.005011870060116053,0.16500000655651093,3.0999999046325684,0.08709999918937683,0.5,200,500,100,600,3.41168099670232,87.781415273917,20.942407595531538,25.740113394053747,28.706418387504822,pelagic,27.579999923706055,-0.33,25,5.699999809265137,1.572759985923767,1.5,0.5,High; decline threshold 0.99,21.8,elongated,0,FALSE,0,12.80965386792971,14.41298286889629,Saurida,Golani's lizardfish,0,0,1,demersal,WaterAssumed,28.81,medium,harmless,no special ability,0.5
66363,Tomiyamichthys dorsostigma,57040,7.079999923706055,3.25,0.3400000035762787,0.0074130999855697155,0.16899999976158142,3.0899999141693115,0.09019999951124191,1.0099999904632568,1,5,0,8,8.19164638248763,132.909608534987,25.731643154862912,27.582377745701166,28.6463046379506,benthic,5.800000190734863,-0.24,25,2.700000047683716,1.2158199548721313,0.8999999761581421,0.5,High; decline threshold 0.99,56.1,elongated,0,FALSE,0,12,12,Tomiyamichthys,Anomolous goby,0,0,1,demersal,WaterAssumed,13.37,very high,harmless,no special ability,0.5
66404,Enneapterygius qirmiz,57085,2.059999942779541,3.009999990463257,0.30000001192092896,0.00616595009341836,0.16599999368190765,3.0299999713897705,0.09300000220537186,3.700000047683716,1,5,0,9,9.32596327099515,264.246869605531,27.8,29,29.3,benthic,1.690000057220459,-0.09,25,0.699999988079071,0.40887200832366943,0.30000001192092896,0.5,High; decline threshold 0.99,115.7,fusiform / normal,0,FALSE,0,9,9,Enneapterygius,Crimson triplefin,0,0,1,demersal,WaterAssumed,10,unknown,harmless,no special ability,0.5
66439,Bryaninops discus,57124,2.369999885559082,3.0299999713897705,0.3199999928474426,0.010232900269329548,0.16699999570846558,3.009999990463257,0.09099999815225601,2.7699999809265137,1,9,0,16,9.03726647146609,241.337789899322,25.48220999582856,28.049865974890714,29.211198880337736,pelagic,1.940000057220459,-0.11,25,1,0.5119370222091675,0.4000000059604645,0.5,High; decline threshold 0.99,108.8,fusiform / normal,0,FALSE,0,7.28435458389462,8.29081768131887,Bryaninops,Ridens goby,0,0,1,reef-associated,WaterAssumed,10,very high,harmless,no special ability,0.5
66440,Bryaninops spongicolus,57125,2.990000009536743,3.0799999237060547,0.3199999928474426,0.010232900269329548,0.16699999570846558,3.009999990463257,0.09099999815225601,2.2300000190734863,2,12,0,23,8.69531761210667,209.286881070674,24.9835305492194,28.032407970024078,29.200993233789525,pelagic,2.450000047683716,-0.13,25,1.2000000476837158,0.6043540239334106,0.5,0.5,High; decline threshold 0.99,93.3,fusiform / normal,0,FALSE,0,8,8,Bryaninops,Ridens goby,0,0,1,reef-associated,WaterAssumed,10,very high,harmless,no special ability,0.5
66545,Siphamia goreni,57265,2,3,0.41999998688697815,0.014791100285947323,0.1679999977350235,3.059999942779541,0.09130000323057175,4.269999980926514,11,12,11,12,9.43691042270815,272.572962744487,28.6,29.1,29.3,benthic,1.6399999856948853,-0.08,25,0.6000000238418579,0.33961600065231323,0.30000001192092896,0.5,High; decline threshold 0.99,54.3,short and / or deep,0,FALSE,0,8.233547747548979,8.233870342690583,Siphamia,Tubifer cardinalfish,0,0,1,benthopelagic,WaterAssumed,10,high,harmless,no special ability,0.5
66650,Gnatholepis caudimaculata,57415,5.179999828338623,3.2300000190734863,0.47999998927116394,0.009999999776482582,0.1469999998807907,3,0.08709999918937683,1.340000033378601,1,9,0,17,8.35639319702003,166.790149576843,24.8,27.9,29.2,benthic,4.25,-0.2,25,2,0.9577419757843018,0.699999988079071,0.5,High; decline threshold 0.99,66.9,fusiform / normal,0,FALSE,0,10,11,Gnatholepis,Randall's goby,0,0,1,reef-associated,WaterAssumed,10,very high,harmless,no special ability,0.5009999871253967
66755,Hypoatherina golanii,57551,9.270000457763672,3.309999942779541,0.4300000071525574,0.005754400044679642,0.18799999356269836,3.1500000953674316,0.10199999809265137,0.5699999928474426,5,26,0,50,6.48619043412999,541.182287382556,24,24.9,25.9,pelagic,7.599999904632568,-0.41,25,4.900000095367432,2.0883100032806396,1.600000023841858,0.5,High; decline threshold 0.99,47.6,elongated,0,FALSE,0,8,10,Hypoatherina,Red Sea silverside,0,0,1,pelagic-neritic,WaterAssumed,25.12,medium,harmless,no special ability,0.5001000165939331
66775,Thysanophrys springeri,57646,10.859999656677246,3.490000009536743,0.5899999737739563,0.004570879973471165,0.14800000190734863,3.0899999141693115,0.09000000357627869,1.0199999809265137,1,5,1,7,3.43280383125094,464.63040856332,28,28.9,29.3,benthic,8.899999618530273,-0.21,25,2.700000047683716,1.1388499736785889,0.8999999761581421,0.5,High; decline threshold 0.99,43.2,fusiform / normal,0,FALSE,0,10.234304503411565,10.84925486083511,Thysanophrys,Red Sea flathead,0,0,1,reef-associated,WaterAssumed,13.37,very high,harmless,no special ability,0.5009999871253967
66815,Hippocampus suezensis,57716,27.5,3.5299999713897705,0.38999998569488525,0.00446684006601572,0.20600000023841858,3,0.1120000034570694,0.5699999928474426,9,10,9,10,5.09595217218963,237.298413787098,24.72357919216044,27.478426309737987,28.624389882906428,benthic,22.549999237060547,-0.29,25,5,1.3730299472808838,1.2999999523162842,0.5,High; decline threshold 0.99,9.9,other (see remarks),0,FALSE,0,20,20,Hippocampus,Egyptian seahorse,0,0,1,pelagic-neritic,WaterAssumed,24.33,unknown,harmless,no special ability,0.5
66817,Enneapterygius pallidus,57718,3.6600000858306885,3.109999895095825,0.3100000023841858,0.00616595009341836,0.16599999368190765,3.0299999713897705,0.09300000220537186,2.1700000762939453,0,3,0,5,8.5831503523933,198.332109082671,24.612335164844204,28.011526847529524,29.23802334352444,benthic,3,-0.13,25,1.2999999523162842,0.6013200283050537,0.5,0.5,High; decline threshold 0.99,82.5,elongated,0,FALSE,0,10,11,Enneapterygius,Highcrest triplefin,0,0,1,reef-associated,WaterAssumed,10,very high,harmless,no special ability,0.5
66818,Brachaluteres fahaqa,57719,8.420000076293945,2.9200000762939453,0.4099999964237213,0.019498400390148163,0.16300000250339508,2.930000066757202,0.09109999984502792,1.100000023841858,5,26,0,50,10.4478740090275,1798.55723967482,24.73826645847312,27.725619548217935,29.226240975261135,benthic,6.900000095367432,-0.36,25,2.4000000953674316,1.451300024986267,1.2000000476837158,0.5,High; decline threshold 0.99,161.6,short and / or deep,-0.4140941888526736,FALSE,0,13.253449556186911,14.24428028898557,Brachaluteres,Sunrise dottyback,0,0,1,reef-associated,WaterAssumed,13.28,unknown,harmless,no special ability,0.5625
66819,Ariosoma sanzoi,57720,38.09000015258789,3.890000104904175,0.6600000262260437,0.0010715200332924724,0.1889999955892563,3.069999933242798,0.10599999874830246,0.41999998688697815,10,50,0,100,3.82200546500508,108.173725648845,19.93917488831,24.56997814194996,27.419832108671063,pelagic,31.229999542236328,-0.95,25,6,3.6835598945617676,3,0.5,High; decline threshold 0.99,161.6,eel-like,0,FALSE,0,96.979314675543307,25.47713721390498,Ariosoma,Pink pipefish,0,0,1,benthopelagic,WaterAssumed,37.79,unknown,harmless,no special ability,0.5
66821,Atherinomorus forskalii,57722,16.229999542236328,3.2899999618530273,0.4300000071525574,0.01122019998729229,0.17299999296665192,3.0399999618530273,0.08569999784231186,0.3400000035762787,5,26,0,50,6.42519094474631,525.968842803029,24.7,27.1,29.4,benthic,13.300000190734863,-0.6,25,8.199999809265137,3.237109899520874,2.4000000953674316,0.5,High; decline threshold 0.99,33.9,fusiform / normal,0,FALSE,0,8,10,Atherinomorus,Red Sea hardyhead silverside,0,0,1,reef-associated,WaterAssumed,34.13,very high,harmless,no special ability,0.5019999742507935
66825,Amblygobius sewardii,57728,10.619999885559082,2.9700000286102295,0.1599999964237213,0.0074130999855697155,0.16899999976158142,3.0899999141693115,0.09019999951124191,0.6899999976158142,5,26,0,50,17.4070238504705,716.823194692873,25.759626141614557,28.38711715652459,29.17213678535316,benthic,8.710000038146973,-0.58,25,3.799999952316284,2.30757999420166,1.899999976158142,0.5,High; decline threshold 0.99,161.6,elongated,0,FALSE,0,11.892545825049513,12.897366367650953,Amblygobius,Snoutspot goby,0,0,1,benthopelagic,WaterAssumed,22.3,very high,harmless,no special ability,0.5
66826,Limnichthys marisrubri,57729,2.690000057220459,3.059999942779541,0.4000000059604645,0.0038904501125216484,0.17100000381469727,3.119999885559082,0.09000000357627869,2.124705876991006,0,1,0,1,8.94723345161822,234.347136996985,24.78964193403996,27.744412469290864,29.130164532561267,pelagic,2.2049999237060547,-0.13281529089022473,25,1.3136769908894894,0.6559239963490308,0.5229513662859158,0.5,"Please enter values for K, tmax.",100.2,fusiform / normal,0,FALSE,0,22,24,Limnichthys,Sand submarine,0,0,1,benthopelagic,WaterAssumed,10,unknown,harmless,no special ability,0.5077999830245972
66829,Etrumeus golanii,57731,22,3.4200000762939453,0.3100000023841858,0.009999999776482582,0.13699999451637268,2.9600000381469727,0.08429999649524689,0.4699999988079071,6.20671274809158,32.40739391351814,0,50,8.57275256940581,854.31328864046,22.60325363383641,26.397144784769853,28.020322938586347,pelagic,18.040000915527344,-0.20538143325542035,22.200000762939453,3.5213301181793213,1.0627399682998657,0.9120439887046814,0.5,High; decline threshold 0.99,19.8,elongated,0,FALSE,0,19,22,Etrumeus,Yellowtip halfbeak,0,0,1,pelagic-neritic,WaterAssumed,17.09,medium,harmless,no special ability,0.5077999830245972
66976,Pteragogus clarkae,57952,7.869999885559082,3.3399999141693115,0.4300000071525574,0.019952600821852684,0.17499999701976776,3.009999990463257,0.09049999713897705,1.149999976158142,5,26,0,50,8.13286127181646,115.805660092505,24.63900255853722,27.29576030010459,28.667094377554864,benthic,6.449999809265137,-0.21,25,2.4000000953674316,1.0341299772262573,0.800000011920929,0.5,High; decline threshold 0.99,52.5,short and / or deep,0,FALSE,0,9,9,Pteragogus,Green sweeper,0,0,1,reef-associated,WaterAssumed,12.01,very high,harmless,no special ability,0.5005000233650208
66979,Pteragogus trispilus,57955,9.640000343322754,3.390000104904175,0.4399999976158142,0.019952600821852684,0.17499999701976776,3.009999990463257,0.09049999713897705,0.949999988079071,11,23,9,35,7.99765038504232,107.08122617311,22.2,25.1,27.2,benthic,7.900000095367432,-0.24,17,2.9000000953674316,1.2317099571228027,0.8999999761581421,0.5,High; decline threshold 0.99,30.4,short and / or deep,0,FALSE,0,9,9,Pteragogus,Green sweeper,0,0,1,reef-associated,WaterAssumed,14.21,high,harmless,no special ability,0.5005000233650208
66998,Ctenogobiops crocineus,57974,6.699999809265137,3.4800000190734863,0.44999998807907104,0.0074130999855697155,0.16899999976158142,3.0899999141693115,0.09019999951124191,1.059999942779541,2,9,1,15,7.98026468947725,97.9911526437013,24.7,28.4,29.3,pelagic,5.489999771118164,-0.23,25,2.5999999046325684,1.161370038986206,0.8999999761581421,0.5,High; decline threshold 0.99,26.3,elongated,0,FALSE,0,11,12,Ctenogobiops,Sandy prawn-goby,0,0,1,reef-associated,WaterAssumed,12.93,very high,harmless,no special ability,0.5019999742507935
67094,Gobiodon bilineatus,58139,4.360000133514404,3.3399999141693115,0.4300000071525574,0.019952600821852684,0.17499999701976776,3.009999990463257,0.09049999713897705,1.5700000524520874,3,16,0,30,8.29455409342619,121.690915923729,24.8,28,29.3,benthic,3.569999933242798,-0.17,25,1.7000000476837158,0.8193939924240112,0.6000000238418579,0.5,High; decline threshold 0.99,74.5,short and / or deep,0,FALSE,0,10,11,Gobiodon,Two-lined coralgoby,0,0,1,reef-associated,FacultativeGenus,10,very high,harmless,no special ability,0.5
67095,Gobiodon irregularis,58140,3.940000057220459,3.2899999618530273,0.4300000071525574,0.019952600821852684,0.17499999701976776,3.009999990463257,0.09049999713897705,1.7300000190734863,5,26,0,50,8.33751689228089,132.909608534987,24.7,27,29.3,benthic,3.2300000190734863,-0.16,25,1.600000023841858,0.791333019733429,0.6000000238418579,0.5,High; decline threshold 0.99,79.6,short and / or deep,0,FALSE,0,10,11,Gobiodon,Rufous coralgoby,0,0,1,reef-associated,FacultativeGenus,10,very high,harmless,no special ability,0.5
67096,Gobiodon ater,58142,3.2300000190734863,3.2100000381469727,0.41999998688697815,0.019952600821852684,0.17499999701976776,3.009999990463257,0.09049999713897705,2.0799999237060547,5,26,0,50,8.40289537281278,155.9589986267,24.9,26.7,27.2,benthic,2.6500000953674316,-0.14,25,1.2999999523162842,0.6816669702529907,0.5,0.5,High; decline threshold 0.99,89.3,short and / or deep,0,FALSE,0,10,10,Gobiodon,Black coralgoby,0,0,1,reef-associated,FacultativeGenus,10,very high,harmless,no special ability,0.5
67097,Gobiodon fuscoruber,58143,4.480000019073486,3.3499999046325684,0.4399999976158142,0.019952600821852684,0.17499999701976776,3.009999990463257,0.09049999713897705,1.5399999618530273,3,16,0,30,8.28214136701703,119.667034845107,21.8,26.2,27.7,benthic,3.6700000762939453,-0.18,25,1.7999999523162842,0.8451079726219177,0.699999988079071,0.5,High; decline threshold 0.99,73.3,short and / or deep,0,FALSE,0,10,10,Gobiodon,Brown-red coralgoby,0,0,1,reef-associated,FacultativeGenus,10,very high,harmless,no special ability,0.5
67099,Pseudamiops springeri,58145,3.2799999713897705,3.1500000953674316,0.4399999976158142,0.0038904501125216484,0.17100000381469727,3.119999885559082,0.09000000357627869,2.700000047683716,6,12,5,18,8.48234530860015,179.129951731435,25,27.1,28,benthic,2.684999942779541,-0.11,25,1,0.5229880213737488,0.4000000059604645,0.5,High; decline threshold 0.99,89.3,elongated,0,FALSE,0,8,8,Pseudamiops,Michel's ghost goby,0,0,1,reef-associated,WaterAssumed,10,very high,harmless,no special ability,0.5311999917030334
67245,Eviota oculopiperita,58440,1.4500000476837158,2.940000057220459,0.3100000023841858,0.008128300309181213,0.1509999930858612,3.0799999237060547,0.0828000009059906,4.360000133514404,3,7,2,10,10.494783202974,341.971061930582,25.017157632845823,28.003229017653602,29.002948438771625,benthic,1.190000057220459,-0.08,25,0.6000000238418579,0.4152950048446655,0.30000001192092896,0.5,High; decline threshold 0.99,109.10606614643861,elongated,0,FALSE,0,8,8,Eviota,Pepperminteye dwarfgoby,0,0,1,reef-associated,WaterAssumed,10,very high,harmless,no special ability,0.5
67246,Eviota geminata,58441,1.7000000476837158,2.9700000286102295,0.3100000023841858,0.006918310187757015,0.1979999989271164,3.0899999141693115,0.08730000257492065,3.759999990463257,6,9,5,12,9.97699494113417,309.696805473827,25.034843510070278,28.003847222003305,29.000920598206456,benthic,1.3899999856948853,-0.09,25,0.699999988079071,0.39620399475097656,0.30000001192092896,0.5,High; decline threshold 0.99,139.4,elongated,0,FALSE,0,8,8,Eviota,Geminate dwarfgoby,0,0,1,reef-associated,WaterAssumed,10,very high,harmless,no special ability,0.5
67257,Neomerinthe erostris,58460,14.149999618530273,3.640000104904175,0.5799999833106995,0.014125400222837925,0.11800000071525574,2.9600000381469727,0.07569999992847443,0.4099999964237213,105,258,52,505,3.13412652314408,370.682507879425,23.09781186264011,26.694413102709483,28.241655189372274,benthic,11.600000381469727,-0.51,25,6.800000190734863,2.755039930343628,2.0999999046325684,0.5,High; decline threshold 0.99,33.5,fusiform / normal,0,FALSE,0,8,9,Neomerinthe,Round scorpionfish,0,0,1,benthopelagic,WaterAssumed,31.13,high,harmless,no special ability,0.5
67273,Gymnoxenisthmus tigrellus,58486,1.850000023841858,2.9800000190734863,0.38999998569488525,0.0038904501125216484,0.17100000381469727,3.119999885559082,0.09000000357627869,1.3268505668843573,8,9,8,10,9.56082852658455,281.266680937824,24.512987589405682,28.174653375957007,29.195566534273624,pelagic,1.5199999809265137,-0.13415249808533558,25,1.8739358894226192,0.7125525400630806,0.5674769860149801,0.5,"Please enter values for K, tmax.",123.8,elongated,0,FALSE,0,13,13,Gymnoxenisthmus,Tail beacon jawfish,0,0,1,pelagic-neritic,WaterAssumed,10,unknown,harmless,no special ability,1
67275,Sillago suezensis,58488,22.56999969482422,3.259999990463257,0.3799999952316284,0.00616595009341836,0.11900000274181366,3.119999885559082,0.07599999755620956,0.6700000166893005,5,21,1,40,9.31721389895699,264.246869605531,25.7186466912286,28.209841035258563,29.135366811078747,benthic,18.5,-0.27,25,4.199999809265137,1.585510015487671,1.2000000476837158,0.5,High; decline threshold 0.99,12.9,elongated,0,FALSE,0,19,22,Sillago,Fan shrimp-goby,0,0,1,reef-associated,WaterAssumed,22.08,very high,harmless,no special ability,0.5
67277,Hetereleotris psammophila,58491,3.2799999713897705,3.0999999046325684,0.33000001311302185,0.0074130999855697155,0.16899999976158142,3.0899999141693115,0.09019999951124191,2.049999952316284,9,15,8,21,8.59847133684974,198.332109082671,24.519100303744498,27.68674544311459,29.21216336261812,benthic,2.690000057220459,-0.14,25,1.2999999523162842,0.6936920285224915,0.6000000238418579,0.5,High; decline threshold 0.99,40.5,elongated,0,FALSE,0,10,10,Hetereleotris,Yano's cheek-hook goby,0,0,1,benthopelagic,WaterAssumed,10,very high,harmless,no special ability,0.5
67293,Upeneus heemstra,58517,18.299999237060547,3.4600000381469727,0.3799999952316284,0.008511380292475224,0.1469999998807907,3.0799999237060547,0.08240000158548355,0.6000000238418579,1,7,0,12,7.55634911483593,97.9911526437013,26.2,27.6,29.1,benthic,15,-0.32,27.600000381469727,4.699999809265137,1.811750054359436,1.2999999523162842,0.5,High; decline threshold 0.99,38.1,fusiform / normal,0,FALSE,0,9,9,Upeneus,Heemstra's goatfish,0,0,1,demersal,WaterAssumed,23.83,high,harmless,no special ability,0.5
67294,Upeneus niebuhri,58518,13.420000076293945,3.390000104904175,0.3700000047683716,0.00954992976039648,0.16500000655651093,3.0899999141693115,0.08619999885559082,0.800000011920929,5,26,0,50,7.87275643227036,108.73198473561,24.954223443464272,27.147775836364577,28.63529411256584,benthic,11,-0.26,25,3.5,1.41034996509552,1.100000023841858,0.5,High; decline threshold 0.99,38,fusiform / normal,0,FALSE,0,9,9,Upeneus,Niebuhr's goatfish,0,0,1,demersal,WaterAssumed,16.89,unknown,harmless,no special ability,0.5
67314,Acanthopagrus arabicus,58558,42.09000015258789,3.1700000762939453,0.2800000011920929,0.024547100067138672,0.12099999934434891,2.9600000381469727,0.07429999858140945,0.23000000417232513,5,26,0,50,7.02802902666728,170.724964799597,24.6,27.2,29.3,benthic,34.5,-0.6708198159215697,22.799999237060547,12.662500381469727,3.6767799854278564,3.12719988822937,0.5,Medium; decline threshold 0.95,5.4,short and / or deep,0,FALSE,0,10,11,Acanthopagrus,Arabian yellowfin seabream,0,0,1,pelagic-neritic,WaterAssumed,39.48,high,harmless,no special ability,0.5
67342,Pempheris tominagai,58583,14.270000457763672,3.4200000762939453,0.46000000834465027,0.013803799636662006,0.1899999976158142,3.0199999809265137,0.09679999947547913,0.6499999761581421,2,6,1,10,7.86913320735633,112.169124857551,24.6,27.5,29.1,benthic,11.699999809265137,-0.32,17,4.300000190734863,1.7289299964904785,1.2999999523162842,0.5,High; decline threshold 0.99,24,short and / or deep,0,FALSE,0,8.836005622521494,9.163941189522163,Pempheris,African silver sweeper,0,0,1,pelagic-neritic,WaterAssumed,22.42,very high,harmless,no special ability,0.5
67382,Adelotremus leptus,58632,4.320000171661377,3.200000047683716,0.4000000059604645,0.005754400044679642,0.17800000309944153,3.059999942779541,0.10100000351667404,1.4800000190734863,2,9,1,15,8.36830989585014,159.414903279589,25.559424235672388,28.419503297191742,29.24057706733273,benthic,3.5399999618530273,-0.19,25,1.7999999523162842,0.9064080119132996,0.699999988079071,0.5,High; decline threshold 0.99,75.7,elongated,0,FALSE,0,19,19,Adelotremus,Krauss' blenny,0,0,1,pelagic-neritic,WaterAssumed,10,very high,harmless,no special ability,0.75
67433,Hemigymnus sexfasciatus,58697,36.5,3.5399999618530273,0.41999998688697815,0.009772369638085365,0.16599999368190765,3.069999933242798,0.09030000120401382,0.2800000011920929,3,11,1,20,6.83300276685625,92.5934389776247,26.9,28.2,29.2,benthic,29.93000030517578,-0.56,25,10.199999809265137,2.8902299404144287,2.5,0.5,Medium; decline threshold 0.95,18.5,fusiform / normal,0,FALSE,0,8.980181252914493,9.182956643018288,Hemigymnus,Rosy goatfish,0,0,1,reef-associated,WaterAssumed,35.14,medium,harmless,no special ability,0.625
67648,Emmelichthys marisrubri,58977,9.079999923706055,3.2100000381469727,0.41999998688697815,0.010715199634432793,0.1940000057220459,3.069999933242798,0.10899999737739563,1.2400000095367432,134,240,100,400,8.17525837909124,155.9589986267,24.383552714384276,27.434057411651523,28.552657329386065,pelagic,7.440000057220459,-0.18,25,2.200000047683716,0.9583969712257385,0.699999988079071,0.5,High; decline threshold 0.99,48,fusiform / normal,0,FALSE,0,8,8,Emmelichthys,Egyptian sweeper,0,0,1,benthopelagic,WaterAssumed,11.03,very high,harmless,no special ability,0.5038999915122986
67665,Acanthoplesiops cappuccino,58997,2,3,0.47999998927116394,0.004570879973471165,0.20800000429153442,3.0999999046325684,0.11400000005960464,2.890000104904175,18,24,17,30,9.43691042270815,272.572962744487,25.430823324404486,27.485950035640432,28.489934509068895,benthic,1.6399999856948853,-0.11,25,0.8999999761581421,0.5099859833717346,0.4000000059604645,0.5,High; decline threshold 0.99,119.5,elongated,0,FALSE,0,4,4,Acanthoplesiops,Red Sea spiny basslet,0,0,1,reef-associated,WaterAssumed,10,very high,harmless,no special ability,0.5077999830245972
67677,Alticus magnusi,59011,10.289999961853027,2,0,0.00758578022941947,0.17399999499320984,3,0.09589999914169312,0.6600000262260437,0.981928587049202,6.107591897439261,30,11.03733692872641,143.676525875438,7174.0628815569,25.449807293241896,28.388534876605345,29.285649442110195,benthic,8.4399995803833,-0.61,25,3.9000000953674316,2.408829927444458,2,0.5,High; decline threshold 0.99,161.6,elongated,0,FALSE,0,17.88590849291029,19.681780376038184,Alticus,Leaping blenny,0,0,1,demersal,Facultative,23.17,unknown,harmless,no special ability,0.5019999742507935
67821,Evoxymetopon moricheni,59192,101.26000213623047,4.179999828338623,0.6499999761581421,5.370320286601782e-4,0.19499999284744263,3.130000114440918,0.10499999672174454,0.3700000047683716,5.4833021152765715,28.399751492227818,0.20472607163289477,55.476574296361015,4.82356469206549,44.5369615488232,26.018868138836794,28.00031067271384,29.282939659422944,pelagic,83,-0.33,25,7.800000190734863,2.4414100646972656,1.7000000476837158,0.5,High; decline threshold 0.99,11.2,eel-like,0,FALSE,0,11.235171457480824,83,Evoxymetopon,Pink pipefish,0,0,1,benthopelagic,WaterAssumed,42.31,unknown,harmless,no special ability,0.5625
67823,Mixomyrophis longidorsalis,59194,7.699999809265137,3.4800000190734863,0.6100000143051147,7.585780113004148e-4,0.21799999475479126,3.059999942779541,0.11500000208616257,2.450000047683716,11.934752613893101,37.472526269044074,4.9392027570583625,200,5.32724181434293,279.228414881974,26.666138529364034,28.152207081759478,28.966099405567938,benthic,6.309999942779541,-0.09,25,1.100000023841858,0.4808430075645447,0.4000000059604645,0.5,High; decline threshold 0.99,47.3,eel-like,0,FALSE,0,28.60884918946337,12.91997125992083,Mixomyrophis,Red Sea worm eel,0,0,1,benthopelagic,WaterAssumed,10,unknown,harmless,no special ability,0.75
67826,Scolecenchelys iredalei,59200,20,3.819999933242798,0.6700000166893005,7.585780113004148e-4,0.21799999475479126,3.059999942779541,0.11500000208616257,1.0099999904632568,6,31,0,60,3.95488867551252,114.827597109913,23.7,26.9,28.2,pelagic,16.399999618530273,-0.17,25,2.799999952316284,1.0506099462509155,0.800000011920929,0.5,High; decline threshold 0.99,26.5,eel-like,0,FALSE,0,11.521976962207422,13.810488205441239,Scolecenchelys,Coral worm eel,0,0,1,reef-associated,WaterAssumed,13.79,unknown,harmless,no special ability,0.5
67875,Brachypterois serrulifer,59252,15.5,3.75,0.6399999856948853,0.009999999776482582,0.18299999833106995,3.0199999809265137,0.09920000284910202,0.3799999952316284,13,44,6,82,3.19314408381158,394.719684269111,24.563747733542247,27.253079008594995,28.786645621017367,benthic,12.710000038146973,-0.51,25,7.400000095367432,2.849669933319092,2.0999999046325684,0.5,High; decline threshold 0.99,30.9,short and / or deep,0,FALSE,0,23.914260292177698,23.846209942484265,Brachypterois,Sawmaxilla scorpionfish,0,0,1,pelagic-neritic,WaterAssumed,29.78,very high,harmless,no special ability,0.625
67904,Saurida lessepsianus,59299,34.43000030517578,4.019999980926514,0.6700000166893005,0.005011870060116053,0.16500000655651093,3.0999999046325684,0.08709999918937683,0.49000000953674316,20,30,20,200,3.40714438253447,87.2804452417079,23.542665194027176,27.562505229330824,28.75882431544468,pelagic,28.219999313354492,-0.33,17,5.800000190734863,1.6172699928283691,1.5,0.5,High; decline threshold 0.99,6.4,elongated,0,FALSE,0,11,12,Saurida,Golani's lizardfish,0,0,1,benthopelagic,WaterAssumed,29.35,medium,harmless,no special ability,0.5
67920,Suculentophichthus nasus,59315,37.45000076293945,3.680000066757202,0.5899999737739563,0.0038904501125216484,0.17100000381469727,3.119999885559082,0.09000000357627869,0.5699999928474426,0,1,0,1,4.50148536434043,156.438782274688,25.342562209720274,27.86058912123485,29.010797261761013,benthic,30.709999084472656,-0.26,25,5,1.4443800449371338,1.2000000476837158,0.5,High; decline threshold 0.99,18.2,elongated,0,FALSE,0,12.725680352317287,13.933026708693141,Suculentophichthus,Red Sea flappy snake eel,0,0,1,benthopelagic,WaterAssumed,25.09,very high,harmless,no special ability,1
67930,Parascombrops pellucidus,59330,10.979999542236328,3.4200000762939453,0.5,0.009772369638085365,0.18400000035762787,3.009999990463257,0.10199999809265137,0.7365979845904621,182,195,179,210,7.40444921220452,90.0690420277403,17.413830656016042,19.19298217327566,21.167315559764322,pelagic,9,-0.46968783126028335,8,6.93763400312831,2.3246305407655687,1.942557757238416,0.5,"Please enter values for K, tmax.",17.1,fusiform / normal,0,FALSE,0,9,9,Parascombrops,Pale cutthroat eel,0,0,1,bathydemersal,WaterAssumed,10,very high,harmless,no special ability,0.5001000165939331
68147,Pempheris rhomboidea,59641,17.600000381469727,3.4600000381469727,0.4699999988079071,0.013803799636662006,0.13500000536441803,2.990000009536743,0.0835999995470047,0.5299999713897705,2,6,20,10.000000000000002,7.77400342028803,108.73198473561,24.26431245323855,27.83047037513673,29.137204119405514,benthic,14.430000305175781,-0.35,25,5.300000190734863,2.0099000930786133,1.5,0.5,High; decline threshold 0.99,26.6,short and / or deep,0,FALSE,0,8.846644251921312,9.153286391189225,Pempheris,Tau sweeper,0,0,1,pelagic-neritic,WaterAssumed,24.47,high,harmless,no special ability,0.5
68187,Cynoglossus crepida,59708,24.75,3.440000057220459,0.4099999964237213,0.009999999776482582,0.31299999356269836,3.0399999618530273,0.11900000274181366,0.5400000214576721,11.324414334317403,27.895370623310143,7.122205609593388,440,6.79257812882925,237.150177470509,24.420074990034983,27.53580812259154,28.739263183902136,benthic,20.290000915527344,-0.33,25,5.199999809265137,1.9566999673843384,1.399999976158142,0.5,High; decline threshold 0.99,26.3,other (see remarks),0,FALSE,0,115,115,Cynoglossus,Bluntnose deepwater tonguesole,0,0,1,benthopelagic,WaterAssumed,26.12,very high,harmless,no special ability,0.5
68188,Sueviota pyrios,59709,2.009999990463257,3,0.3199999928474426,0.0074130999855697155,0.16899999976158142,3.0899999141693115,0.09019999951124191,3.2200000286102295,6.194712778942802,11.852721990049746,5.128368890458681,10,9.4364675525859,272.572962744487,25.089559904483984,27.551848683777994,28.549399790175528,benthic,1.649999976158142,-0.1,25,0.800000011920929,0.4564470052719116,0.4000000059604645,0.5,High; decline threshold 0.99,119.5,elongated,0,FALSE,0,8,8,Sueviota,Fiery dwarfgoby,0,0,1,reef-associated,WaterAssumed,10,very high,harmless,no special ability,0.5019999742507935
68273,Ostichthys sufensis,59818,18.420000076293945,3.75,0.6200000047683716,0.017782799899578094,0.21199999749660492,3.0199999809265137,0.11400000005960464,0.949999988079071,255,276,250,300,4.27674451422207,136.038238295581,21.489353742661837,24.869791287657986,27.229154853673773,pelagic,15.100000381469727,-0.2,25,3,1.1529699563980103,0.8999999761581421,0.5,High; decline threshold 0.99,31.4,short and / or deep,0,FALSE,0,13,13,Ostichthys,Red Sea soldierfish,0,0,1,reef-associated,WaterAssumed,14.62,medium,harmless,no special ability,0.5
68283,Eviota punyit,59833,2.25,3.0199999809265137,0.3199999928474426,0.010232900269329548,0.16699999570846558,3.009999990463257,0.09099999815225601,2.9000000953674316,1.822077601644807,6.24272142719038,1.214609085730823,10.072182278338962,9.12587777722963,248.642732397079,24.99895955435278,28.055519539039537,29.20071025235569,benthic,1.840000033378601,-0.11,25,0.8999999761581421,0.546442985534668,0.4000000059604645,0.5,High; decline threshold 0.99,112.1,elongated,0,FALSE,0,9.965607742712663,10.783378071454441,Eviota,Punyit dwarfgoby,0,0,1,reef-associated,WaterAssumed,10,very high,harmless,no special ability,0.5
68332,Pempheris orbis,59902,10.369999885559082,3.3499999046325684,0.44999998807907104,0.013803799636662006,0.1899999976158142,3.0199999809265137,0.09679999947547913,0.8700000047683716,2,6,1,10,8.07603414391877,125.944936916809,23.83840045871197,26.475805755184776,28.01743451048417,benthic,8.5,-0.26,25,3.200000047683716,1.3461400270462036,1,0.5,High; decline threshold 0.99,44.3,short and / or deep,0,FALSE,0,9,9,Pempheris,Sinai sweeper,0,0,1,pelagic-neritic,WaterAssumed,15.39,high,harmless,no special ability,0.5
68337,Pempheris sergey,59907,12.6899995803833,3.390000104904175,0.46000000834465027,0.013803799636662006,0.1899999976158142,3.0199999809265137,0.09679999947547913,0.7200000286102295,3,11,1,20,7.96031398300963,117.706516515681,23.69805125006563,26.811223446635104,28.20683397060114,benthic,10.399999618530273,-0.29,25,3.9000000953674316,1.5983699560165405,1.2000000476837158,0.5,High; decline threshold 0.99,39.3,short and / or deep,0,FALSE,0,9,9,Pempheris,Yellow sweeper,0,0,1,reef-associated,WaterAssumed,20.13,unknown,harmless,no special ability,0.5
68339,Pempheris shirleen,59909,12.8100004196167,3.4000000953674316,0.46000000834465027,0.013803799636662006,0.1899999976158142,3.0199999809265137,0.09679999947547913,0.7099999785423279,2,6,1,10,7.94621686251506,115.805660092505,23.696101036304682,26.813043808039378,28.208198509353423,benthic,10.5,-0.3,25,3.9000000953674316,1.5910099744796753,1.2000000476837158,0.5,High; decline threshold 0.99,39.1,short and / or deep,0,FALSE,0,9,9,Pempheris,Hurghada sweeper,0,0,1,reef-associated,WaterAssumed,20.33,unknown,harmless,no special ability,0.5
68341,Pempheris tau,59911,14.210000038146973,3.4200000762939453,0.46000000834465027,0.013803799636662006,0.1899999976158142,3.0199999809265137,0.09679999947547913,0.6499999761581421,2,6,1,10,7.87135661747716,112.169124857551,24.11819447224615,27.433975822042125,28.69451325885305,benthic,11.649999618530273,-0.32,25,4.300000190734863,1.7165800333023071,1.2999999523162842,0.5,High; decline threshold 0.99,36.7,short and / or deep,0,FALSE,0,9,9,Pempheris,Tau sweeper,0,0,1,pelagic-neritic,WaterAssumed,22.42,very high,harmless,no special ability,0.5
68343,Pempheris tilman,59913,11.770000457763672,3.380000114440918,0.46000000834465027,0.013803799636662006,0.1899999976158142,3.0199999809265137,0.09679999947547913,0.7699999809265137,2,6,1,10,8.00336365043742,119.667034845107,24.020336977170363,26.572729782842956,28.426554718937197,benthic,9.649999618530273,-0.28,25,3.5999999046325684,1.4954099655151367,1.100000023841858,0.5,High; decline threshold 0.99,41.1,short and / or deep,0,FALSE,0,9,9,Pempheris,Aqaba sweeper,0,0,1,pelagic-neritic,WaterAssumed,17.95,very high,harmless,no special ability,0.5
68345,Pempheris tiran,59915,14.880000114440918,3.430000066757202,0.46000000834465027,0.013803799636662006,0.1899999976158142,3.0199999809265137,0.09679999947547913,0.6200000047683716,2,6,1,10,7.83335562449951,110.427085306918,23.67808817041605,26.830298627078562,28.221737926428517,benthic,12.199999809265137,-0.33,25,4.5,1.8096400499343872,1.2999999523162842,0.5,High; decline threshold 0.99,35.6,short and / or deep,0,FALSE,0,9,9,Pempheris,Tiran sweeper,0,0,1,reef-associated,WaterAssumed,23.23,high,harmless,no special ability,0.5
68347,Pempheris viridis,59917,9.699999809265137,3.3399999141693115,0.44999998807907104,0.013803799636662006,0.1899999976158142,3.0199999809265137,0.09679999947547913,0.9200000166893005,2,6,1,10,8.10653453219005,128.183871990895,24.535288972208196,26.747997956876155,28.192138157266466,benthic,7.949999809265137,-0.25,25,3,1.2697099447250366,1,0.5,High; decline threshold 0.99,46.2,short and / or deep,0,FALSE,0,9,9,Pempheris,Green sweeper,0,0,1,reef-associated,WaterAssumed,14.62,high,harmless,no special ability,0.5
68359,Schindleria elongata,59929,1.3899999856948853,2.930000066757202,0.3799999952316284,0.0038904501125216484,0.17100000381469727,3.119999885559082,0.09000000357627869,2.4371833922732917,5.6261342809233446,9.823694820844286,5.074074112972558,12.086650785341428,10.4977387814435,341.971061930582,24.829433042649406,27.670730579244363,28.796654836978796,benthic,1.1399999856948853,-0.1219171782506731,25,1.1381508671801104,0.5710944229789953,0.4391232891783079,0.5,"Please enter values for K, tmax.",145.9,elongated,0,FALSE,0,13,14,Schindleria,Elongate paedomorphic goby,0,0,1,reef-associated,WaterAssumed,10,unknown,harmless,no special ability,0.5005000233650208
68375,Xenisthmus oligoporus,59948,3.049999952316284,3.0899999141693115,0.4000000059604645,0.0038904501125216484,0.17100000381469727,3.119999885559082,0.09000000357627869,2.1797797476302776,7,10,6,13,8.74347435934357,215.140357874308,24.616556880402047,27.891937599989962,29.091335518179815,pelagic,2.5,-0.13888183347390953,25,1.3715819783210002,0.6662676804654724,0.523696719366743,0.5,"Please enter values for K, tmax.",97.8,elongated,0,FALSE,0,14,15,Xenisthmus,Few-pored wriggler,0,0,1,reef-associated,WaterAssumed,10,unknown,harmless,no special ability,0.5009999871253967
68376,Callogobius pilosimentum,59949,8.170000076293945,3.2699999809265137,0.3400000035762787,0.0074130999855697155,0.16899999976158142,3.0899999141693115,0.09019999951124191,0.8799999952316284,3,11,1,20,8.16950730067626,130.50373732414,25.886897604651118,27.688500956836105,28.580315979751553,benthic,6.699999809265137,-0.27,25,3.0999999046325684,1.353700041770935,1,0.5,High; decline threshold 0.99,51.2,elongated,0,FALSE,0,9,10,Callogobius,Hairy-chinned flapheaded goby,0,0,1,reef-associated,WaterAssumed,15.01,unknown,harmless,no special ability,0.5
68442,Aseraggodes kruppi,60018,2.930000066757202,3.109999895095825,0.4699999988079071,0.00954992976039648,0.164000004529953,3.069999933242798,0.08609999716281891,2.440000057220459,7.276620844863642,19.149980713292923,5.741784218645742,2,8.157731199596517,183.58576172502322,25.10174308070943,27.860090199858906,28.838123356555883,benthic,2.4000000953674316,-0.12,25,1.100000023841858,0.5988600254058838,0.5,0.5,High; decline threshold 0.99,95.5,short and / or deep,0,FALSE,0,58,58,Aseraggodes,Mottled cardinalfish,0,0,1,reef-associated,WaterAssumed,10,high,harmless,no special ability,0.5
68443,Aseraggodes macronasus,60019,7.5,3.390000104904175,0.5099999904632568,0.00954992976039648,0.164000004529953,3.069999933242798,0.08609999716281891,1.0199999809265137,6,12,5,18,6.983735522446705,261.9225969645047,23.3398385107883,26.351530064807005,28.361148887973997,benthic,6.150000095367432,-0.24,25,2.700000047683716,1.164720058441162,0.8999999761581421,0.5,High; decline threshold 0.99,54,short and / or deep,0,FALSE,0,63,69,Aseraggodes,Yellowspotted puffer,0,0,1,reef-associated,WaterAssumed,13.37,high,venomous,no special ability,0.5
68445,Coryogalops nanus,60021,1.850000023841858,2.9800000190734863,0.3100000023841858,0.0074130999855697155,0.16899999976158142,3.0899999141693115,0.09019999951124191,3.4800000190734863,1,2,1,3,9.201607951770647,239.41161420196124,25.750081079107257,28.314701645391825,29.23448960593472,benthic,1.5199999809265137,-0.1,25,0.800000011920929,0.39844900369644165,0.30000001192092896,0.5,High; decline threshold 0.99,123.8,elongated,0,FALSE,0,10,10,Coryogalops,Anomolous goby,0,0,1,pelagic-neritic,WaterAssumed,10,very high,harmless,no special ability,0.5001999735832214
68447,Encrasicholina gloria,60023,8.779999732971191,3.240000009536743,0.10999999940395355,0.005248070228844881,0.16699999570846558,3.140000104904175,0.08869999647140503,1.3700000047683716,39.699888847723614,50.81593451108899,1.555228580454094,19.137663975056526,7.506972276151346,429.92025930222286,25.62012179135385,27.931033629376603,29.241093697073495,pelagic,7.199999809265137,-0.17,25,2,0.8611029982566833,0.699999988079071,0.5,High; decline threshold 0.99,49.1,elongated,0,FALSE,0,11.690435055708187,14.09338959473507,Encrasicholina,Red Sea anchovy,0,0,1,pelagic-neritic,WaterAssumed,10,medium,harmless,no special ability,0.5005000233650208
68449,Parapriacanthus guentheri,60025,6.829999923706055,3.2699999809265137,0.4300000071525574,0.01122019998729229,0.17299999296665192,3.0399999618530273,0.08569999784231186,1.2799999713897705,11.51006669125492,20.810553619810893,9.935548235841171,30.060851743076206,8.069665109570314,110.1554300518663,22.74124212988373,26.98519550099818,29.013722848952057,pelagic,5.599999904632568,-0.19,25,2.200000047683716,0.9753550291061401,0.800000011920929,0.5,High; decline threshold 0.99,57.2,fusiform / normal,0,FALSE,0,8.962607854160133,9.144088679008659,Parapriacanthus,Egyptian sweeper,0,0,1,reef-associated,WaterAssumed,11.03,very high,harmless,no special ability,0.5005000233650208
68454,Parapriacanthus sharm,60030,7.5,3.2899999618530273,0.4300000071525574,0.014791100285947323,0.17800000309944153,3.009999990463257,0.10100000351667404,1.1699999570846558,12.100170718605062,26.702712965719336,7.975518979712135,37.990051833983294,8.046925399804298,113.27730558720087,22.441120698432034,26.14448627385782,28.176370660101515,pelagic,6.150000095367432,-0.2,25,2.4000000953674316,1.0246299505233765,0.800000011920929,0.5,High; decline threshold 0.99,54,short and / or deep,0,FALSE,0,9,9,Parapriacanthus,Sharm sweeper,0,0,1,reef-associated,WaterAssumed,12.01,unknown,harmless,no special ability,0.5005000233650208
68521,Encrasicholina macrocephala,60105,6.800000190734863,3.200000047683716,0.10999999940395355,0.005248070228844881,0.16699999570846558,3.140000104904175,0.08869999647140503,1.7300000190734863,39.76334226190762,6.906327105698803,0.596623902164949,19.038900726973946,7.528167434637513,436.55263398645894,25.491690775103113,28.486787121279164,29.240148731913884,pelagic,5.570000171661377,-0.14,25,1.600000023841858,0.7222279906272888,0.6000000238418579,0.5,High; decline threshold 0.99,57.2,elongated,0,FALSE,0,13.190894832392836,14.063778677079581,Encrasicholina,Largehead anchovy,0,0,1,pelagic-neritic,WaterAssumed,10,medium,harmless,no special ability,0.5005000233650208
68567,Neochirus hemprichi,60152,12.5,3.759999990463257,0.550000011920929,0.009999999776482582,0.18299999833106995,3.0199999809265137,0.09920000284910202,0.46000000834465027,1,3,1,70,6.741390861702378,343.000545848107,22.215986472117276,26.004511378638142,27.89470061028339,pelagic,10.25,-0.47,25,6.099999904632568,2.4461801052093506,1.7999999523162842,0.5,High; decline threshold 0.99,39.7,elongated,0,FALSE,0,11.319128119094678,13.359003166404834,Neochirus,Red Sea dwarf lionfish,0,0,1,pelagic-neritic,WaterAssumed,28.7,medium,harmless,no special ability,0.5311999917030334
68612,Diplogrammus paucispinis,60202,4.920000076293945,3.390000104904175,0.3700000047683716,0.007943280041217804,0.1770000010728836,2.819999933242798,0.094200000166893,1.340000033378601,1,5,0,8,8.362779912969792,160.17828928921494,25.901734011772152,27.49843836516208,28.48636899558156,benthic,4.03000020980835,-0.2,25,2,0.9671459794044495,0.800000011920929,0.5,High; decline threshold 0.99,70.2,elongated,0,FALSE,0,8,8,Diplogrammus,Saudi Arabian dragonet,0,0,1,reef-associated,WaterAssumed,10,unknown,harmless,no special ability,0.5038999915122986
68613,Coryogalops pseudomonospilus,60203,2.619999885559082,3.049999952316284,0.3199999928474426,0.0074130999855697155,0.16899999976158142,3.0899999141693115,0.09019999951124191,2.5199999809265137,7,8,7,8,8.995272899112031,236.68258249592276,24.825471934635193,28.17182607502593,29.3,benthic,2.1500000953674316,-0.12,25,1.100000023841858,0.5442759990692139,0.4000000059604645,0.5,High; decline threshold 0.99,100.2,elongated,0,FALSE,0,11,11,Coryogalops,Michel's ghost goby,0,0,1,reef-associated,WaterAssumed,10,very high,harmless,no special ability,0.5001999735832214
68614,Coryogalops guttatus,60204,2.9200000762939453,3.069999933242798,0.3199999928474426,0.0074130999855697155,0.16899999976158142,3.0899999141693115,0.09019999951124191,2.2799999713897705,1,2,1,2,8.762482001222944,215.95842479723336,24.75290773760959,28.1568261651094,29.3,benthic,2.390000104904175,-0.13,25,1.2000000476837158,0.6393070220947266,0.5,0.5,High; decline threshold 0.99,95.5,elongated,0,FALSE,0,12,12,Coryogalops,Toothy goby,0,0,1,reef-associated,WaterAssumed,10,very high,harmless,no special ability,0.5001999735832214
68678,Trimma quadrimaculatum,60282,2.059999942779541,3,0,0.010232900269329548,0.16699999570846558,3.009999990463257,0.09099999815225601,3.1500000953674316,10,14,10,16,9.24047748752654,258.56690847703265,24.08263851417328,27.710046652107103,28.831430031680146,benthic,1.690000057220459,-0.11,25,0.800000011920929,0.4406670033931732,0.30000001192092896,0.5,High; decline threshold 0.99,123.8,elongated,0,FALSE,0,8,8,Trimma,Four-spotted pygmygoby,0,0,1,reef-associated,WaterAssumed,10,very high,harmless,no special ability,0.5
68789,Hetereleotris dorsovittata,60402,2.6500000953674316,3.049999952316284,0.3199999928474426,0.0074130999855697155,0.16899999976158142,3.0899999141693115,0.09019999951124191,2.5,8.884128386416648,12.051593237157315,7.706978559424272,1,8.901526785362117,227.25891294301988,24.825275436714524,28.171755327464354,29.299999999999997,benthic,2.1700000762939453,-0.12,25,1.100000023841858,0.5495910048484802,0.4000000059604645,0.5,High; decline threshold 0.99,100.2,elongated,0,FALSE,0,12,12,Hetereleotris,Orange goggle goby,0,0,1,reef-associated,WaterAssumed,10,very high,harmless,no special ability,0.5
68850,Schindleria nigropunctata,60472,1.899999976158142,2.990000009536743,0.38999998569488525,0.0038904501125216484,0.17100000381469727,3.119999885559082,0.09000000357627869,2.437500260062951,4.67002807260345,7.9982266832039635,4.976434683464865,10.178371782177761,9.172749439080507,242.23831414617376,24.830733049211116,27.670795247654603,28.796487956990727,benthic,1.559999942779541,-0.1219024633148376,25,1.1379611968934633,0.5710373061165501,0.4390675966126387,0.5,"Please enter values for K, tmax.",123.8,elongated,0,FALSE,0,17,17,Schindleria,Blackpotted paedomorphic goby,0,0,1,reef-associated,WaterAssumed,10,unknown,harmless,no special ability,0.5005000233650208
68976,Koumansetta hoesei,60604,4.980000019073486,3.180000066757202,0.33000001311302185,0.00758578022941947,0.12999999523162842,3.069999933242798,0.07930000126361847,1.3899999856948853,5,15,3,26,8.462652351059258,178.52983095787556,25.08123474571953,27.882480673298826,29.099246390370183,benthic,4.079999923706055,-0.19,25,2,0.9517009854316711,0.699999988079071,0.5,High; decline threshold 0.99,66.9,elongated,0,FALSE,0,15,16,Koumansetta,Spikefin goby,0,0,1,reef-associated,WaterAssumed,10,very high,harmless,no special ability,0.625
69026,Equulites aethopos,60658,8.779999732971191,3.2699999809265137,0.38999998569488525,0.0123027004301548,0.18799999356269836,3.069999933242798,0.09399999678134918,1.4299999475479126,5.4181188818891854,21.245075236309344,1.6119111340314825,39.28588886295317,8.554432503231082,192.43808601798793,25.28504841250885,27.698907196946394,28.815056564299947,benthic,7.199999809265137,-0.16,25,1.899999976158142,0.8278399705886841,0.6000000238418579,0.5,High; decline threshold 0.99,49.1,fusiform / normal,0,FALSE,0,16,16,Equulites,Red Sea elongate ponyfish,0,0,1,demersal,WaterAssumed,10,very high,harmless,no special ability,0.5001999735832214
69115,Lestrolepis luxiocula,60756,18.059999465942383,3.690000057220459,0.6100000143051147,0.0018620899645611644,0.19499999284744263,3.130000114440918,0.10599999874830246,0.7699999809265137,1,2,1,2,4.836498177453213,265.80610951835746,23.00557455113943,26.349382331021022,27.98784437033755,pelagic,14.800000190734863,-0.25,25,3.5999999046325684,1.4168599843978882,1,0.5,High; decline threshold 0.99,31.8,elongated,0,FALSE,0,7,9,Lestrolepis,Yellowtip halfbeak,0,0,1,pelagic-neritic,WaterAssumed,17.6,medium,harmless,no special ability,0.5311999917030334
69146,Cheilinus quinquecinctus,60792,42.70000076293945,3.609999895095825,0.5400000214576721,0.015488199889659882,0.18299999833106995,2.950000047683716,0.10100000351667404,0.23999999463558197,5,22,2,40,6.667158236929097,99.15312102664421,24.163126602732365,28.01414387267791,29.148172062081134,benthic,35,-0.66,25,11.800000190734863,3.374000072479248,2.9000000953674316,0.5,Medium; decline threshold 0.95,18.9,fusiform / normal,0,FALSE,0,10,10,Cheilinus,Whitebarred wrasse,0,0,1,reef-associated,WaterAssumed,45.42,very high,harmless,no special ability,0.5038999915122986
69148,Gymnothorax pharaonis,60794,47.5,3.880000114440918,0.6200000047683716,4.6773499343544245e-4,0.14000000059604645,3.2799999713897705,0.07930000126361847,0.27000001072883606,4,17,2,30,3.7005392484686395,102.88181279132296,23.974480274388977,27.570995219675588,28.833899676678644,pelagic,38.95000076293945,-0.54,25,10.600000381469727,3.1177799701690674,2.5,0.5,Medium; decline threshold 0.95,15.7,eel-like,0,FALSE,0,6.027856297450968,19.625966427794136,Gymnothorax,Pharaoh's moray,0,0,1,demersal,WaterAssumed,36.69,medium,harmless,no special ability,0.5
69155,Scorpaena decemradiata,60801,15.020000457763672,3.5799999237060547,0.1599999964237213,0.016595900058746338,0.19900000095367432,3.069999933242798,0.11100000143051147,0.38999998569488525,51.78465616840779,96.00585787270944,22.443156653777354,109.24614448427499,5.918260893583084,281.5128779864972,22.52620997393688,25.618449292593116,27.920131540501025,benthic,12.3100004196167,-0.53,25,7.199999809265137,2.83597993850708,2.0999999046325684,0.5,High; decline threshold 0.99,35.5,short and / or deep,0,FALSE,0,10,10,Scorpaena,Large-crested lefteye flounder,0,0,1,demersal,WaterAssumed,31.85,very high,harmless,no special ability,0.5
69159,Hetereleotris aurantiaca,60805,1.7699999809265137,2.9800000190734863,0.3100000023841858,0.0074130999855697155,0.16899999976158142,3.0899999141693115,0.09019999951124191,3.619999885559082,15,23,14,30,8.53623782889026,189.85019284671907,25.38583205626786,27.137466460594116,28.3348858809941,benthic,1.4500000476837158,-0.09,25,0.699999988079071,0.45189499855041504,0.4000000059604645,0.5,High; decline threshold 0.99,58.3,elongated,0,FALSE,0,10,10,Hetereleotris,Orange goggle goby,0,0,1,reef-associated,WaterAssumed,10,very high,harmless,no special ability,0.5
69160,Hetereleotris semisquamata,60806,1.5399999618530273,2.950000047683716,0.3100000023841858,0.0074130999855697155,0.16899999976158142,3.0899999141693115,0.09019999951124191,4.119999885559082,7.157878011198297,10.739767806574964,6.728800560053814,8.711956788673099,8.535946003372402,189.81122243117758,25.384357229695645,27.141749472097317,28.33900169621063,benthic,1.2599999904632568,-0.08,25,0.6000000238418579,0.36371999979019165,0.30000001192092896,0.5,High; decline threshold 0.99,63.3,elongated,0,FALSE,0,11,11,Hetereleotris,Semiscaly goggle goby,0,0,1,reef-associated,WaterAssumed,10,very high,harmless,no special ability,0.5
69203,Dysomma alticorpus,60849,32.34000015258789,3.7799999713897705,0.3400000035762787,0.001023289980366826,0.17499999701976776,3.059999942779541,0.08959999680519104,0.7599349236894885,297.4791858053765,400.82796257849947,258.34468821357933,350,6.427931816362414,142.18045607674517,15.869570090072456,17.972560778047832,20.334731444365552,pelagic,26.520000457763672,-0.460564023081248,25,4.777814205313796,1.5213282531921613,1.2086583349399933,0.5,"Please enter values for K, tmax.",19.8,fusiform / normal,0,FALSE,0,14.152831202606869,14.744349830353048,Dysomma,Pale cutthroat eel,0,0,1,benthopelagic,WaterAssumed,17.23,unknown,harmless,no special ability,0.5
69227,Ophichthus olivaceus,60872,75.5999984741211,3.9800000190734863,0.6800000071525574,9.332540212199092e-4,0.18199999630451202,2.990000009536743,0.09989999979734421,0.30000001192092896,37,50,35,63,5.1497854458367565,132.68954071663927,23.22737846217452,28.061712286447264,29.1210180494827,benthic,61.9900016784668,-0.43,25,9.600000381469727,2.965559959411621,2.0999999046325684,0.5,Medium; decline threshold 0.95,11.9,eel-like,0,FALSE,0,5.557870346076214,5.9173613521194754,Ophichthus,Olivaceous snake eel,0,0,1,bathydemersal,WaterAssumed,43.65,unknown,harmless,no special ability,0.5
69277,Upeneus gubal,60927,10.609999656677246,3.3399999141693115,0.3700000047683716,0.00954992976039648,0.16500000655651093,3.0899999141693115,0.08619999885559082,1,10.644039650943144,26.625600349275455,6.7944949613488985,70,8.013180803180163,156.51412272638044,25.112969776441496,26.49204028330722,28.415191642463785,benthic,8.699999809265137,-0.22,25,2.799999952316284,1.166290044784546,0.8999999761581421,0.5,High; decline threshold 0.99,43.8,short and / or deep,0,FALSE,0,34.096104814709875,37.2569642866888,Upeneus,Gubal goatfish,0,0,1,demersal,WaterAssumed,13.79,very high,harmless,no special ability,0.5
69343,Parascolopsis akatamae,60999,33.040000915527344,3.609999895095825,0.4000000059604645,0.013803799636662006,0.16300000250339508,2.9700000286102295,0.08709999918937683,0.4099999964237213,110,150,100,200,5.998822062733952,209.52047905128663,21.3247844772423,23.8222105813757,27.235341217950065,benthic,27.079999923706055,-0.41,17,6.900000095367432,1.90339994430542,1.7999999523162842,0.5,High; decline threshold 0.99,14.5,fusiform / normal,-0.6548505250503408,FALSE,-0.21703812776750778,10.999696091243878,12.015424978890408,Parascolopsis,Rosy dwarf monocle bream,0,0,1,demersal,WaterAssumed,33.06,high,harmless,no special ability,0.5001000165939331
69083,Uranoscopus rosette,61016,26.350000381469727,4.070000171661377,0.6700000166893005,0.007943280041217804,0.1979999989271164,3.0899999141693115,0.10100000351667404,0.3799999952316284,2,14,0,27,6.425419694579027,48.42448553936978,23.395587629020667,26.751446680097338,28.71446817626657,benthic,21.600000381469727,-0.5,25,7.400000095367432,2.828350067138672,2.0999999046325684,0.5,High; decline threshold 0.99,29.4,eel-like,0,FALSE,0,13,13,Uranoscopus,Dollfus' stargrazer,0,0,1,demersal,WaterAssumed,33.53,unknown,harmless,no special ability,0.5
69379,Parupeneus sinai,61044,10.130000114440918,3.2799999713897705,0.38999998569488525,0.011749000288546085,0.17000000178813934,3.0899999141693115,0.08569999784231186,1.0399999618530273,10.826815571921822,26.550227261106784,7.029473421217468,44.427125383181895,7.973977388714699,201.62499561206502,25.11491986097854,26.74078925420564,28.470085039785502,benthic,8.300000190734863,-0.21,25,2.700000047683716,1.1122299432754517,0.800000011920929,0.5,High; decline threshold 0.99,44.9,short and / or deep,0,FALSE,0,34.46572702701504,37.65527358058948,Parupeneus,Sinai goatfish,0,0,1,demersal,WaterAssumed,13.37,very high,harmless,no special ability,0.5
69380,Pteropterus cinctus,61045,19.450000762939453,3.75,0.6399999856948853,0.009999999776482582,0.18299999833106995,3.0199999809265137,0.09920000284910202,0.3100000023841858,6,11,5,15,7.395570449858889,186.72475096193614,24.394018292732696,27.492989766164243,28.95038712713106,benthic,15.9399995803833,-0.63,25,9,3.4811201095581055,2.5999999046325684,0.5,High; decline threshold 0.99,30.4,fusiform / normal,0,FALSE,0,10,12,Pteropterus,Red sea lionfish,0,0,1,reef-associated,WaterAssumed,35.52,very high,harmless,no special ability,0.5077999830245972
69457,Enneapterygius altipinnis,61127,2.4000000953674316,3.0299999713897705,0.30000001192092896,0.00616595009341836,0.16599999368190765,3.0299999713897705,0.09300000220537186,3.2100000381469727,2,3,2,3,8.900293221314577,227.20576670353455,25.36739018598459,27.98943030551335,29.189770983133894,benthic,1.9700000286102295,-0.1,25,0.800000011920929,0.45118001103401184,0.4000000059604645,0.5,High; decline threshold 0.99,105.7,elongated,0,FALSE,0,8,10,Enneapterygius,Punyit dwarfgoby,0,0,1,reef-associated,WaterAssumed,10,unknown,harmless,no special ability,0.5
69479,Epinephelus geoffroyi,61154,49.779998779296875,3.809999942779541,0.5899999737739563,0.01148150023072958,0.16300000250339508,3.0399999618530273,0.08399999886751175,0.2199999988079071,10,20,3,32,5.261742624834343,100.78914295314053,24.74518137583124,27.66992456694431,28.920244655209896,benthic,40.79999923706055,-0.69,17,12.899999618530273,3.7328898906707764,3.200000047683716,0.5,Medium; decline threshold 0.95,11.3,fusiform / normal,0,FALSE,0,16,18,Epinephelus,Blackspotted rubberlip,0,0,1,reef-associated,WaterAssumed,49.44,very high,harmless,no special ability,0.5
69514,Canthigaster aziz,61192,2.490000009536743,3.009999990463257,0.30000001192092896,0.03630780056118965,0.18700000643730164,2.880000114440918,0.09870000183582306,5.519999980926514,2.70615253046065,7.407843929925312,2.064907637518911,350,8.30878548013239,567.8747543543029,24.944135662908703,27.40111134462376,28.779592349078722,benthic,2.0399999618530273,-0.06,25,0.5,0.2605229914188385,0.20000000298023224,0.5,High; decline threshold 0.99,105.7,elongated,0,FALSE,0,8,8,Canthigaster,Aziz's toby,0,0,1,reef-associated,WaterAssumed,10,very high,harmless,no special ability,0.5
69553,Plectropomus marisrubri,61231,120,4.239999771118164,0.699999988079071,0.010715199634432793,0.1720000058412552,3.0399999618530273,0.0843999981880188,0.10000000149011612,26.738421287035887,86.86913721482124,6.228885251173244,80,5.390869545339848,44.93125286057388,22.093576526593775,26.272291067942643,28.216916563650972,pelagic,98.4000015258789,-1.18,25,28.799999237060547,9.361249923706055,6,0.5,Low; decline threshold 0.85,9,fusiform / normal,0,FALSE,0,14.816449113094277,16.592750815921168,Plectropomus,Red Sea coralgrouper,0,0,1,reef-associated,WaterAssumed,69.14,very high,harmless,no special ability,0.5038999915122986
69646,Plectroglyphidodon luteobrunneus,61335,11.220000267028809,2.140000104904175,0,0.01258930005133152,0.20600000023841858,3.0399999618530273,0.11100000143051147,0.6000000238418579,4.707885453792615,12.311165221672754,1.0837625483469167,21.706987429536742,136.89118351603557,7174.062881556899,24.737577668473715,28.22843759125497,29.335923513978866,benthic,9.199999809265137,-0.67,25,4.300000190734863,2.6507198810577393,2.200000047683716,0.5,High; decline threshold 0.99,161.6,elongated,-0.2074649041537321,FALSE,-0.38959702446917205,18.83386486875498,22.244610672896204,Plectroglyphidodon,Floral blenny,0,0,1,reef-associated,WaterAssumed,25.07,unknown,harmless,no special ability,0.5
69694,Plagiopsetta biocellata,61391,4.599999904632568,3.240000009536743,0.36000001430511475,0.0038904501125216484,0.17100000381469727,3.119999885559082,0.09000000357627869,1.406907362196212,0,1,0,1,8.227107410231332,197.8199257166046,23.60657839181986,26.366372343770514,28.33753811896223,benthic,3.7699999809265137,-0.18042609412036362,25,2.057329217168625,0.9539217347988487,0.7190562624556563,0.5,"Please enter values for K, tmax.",72.2,elongated,0,FALSE,0,61,61,Plagiopsetta,Biocellated righteye founder,0,0,1,demersal,WaterAssumed,10,unknown,harmless,no special ability,0.5625
69760,Eviota marerubrum,61465,2.009999990463257,3,0.3199999928474426,0.008511380292475224,0.15299999713897705,3.180000066757202,0.08160000294446945,3.2200000286102295,11,19,9,27,9.469363796643696,270.33112497365886,24.99849112551312,28.061167469613235,29.202003907170344,benthic,1.649999976158142,-0.1,25,0.800000011920929,0.4564470052719116,0.4000000059604645,0.5,High; decline threshold 0.99,108.34567098516605,elongated,0,FALSE,0,8,8,Eviota,Red Sea dwarfgoby,0,0,1,reef-associated,WaterAssumed,10,very high,harmless,no special ability,0.5
69848,Dussumieria productissima,61562,18.959999084472656,3.4100000858306885,0.4300000071525574,0.009332540445029736,0.17800000309944153,3.0299999713897705,0.09790000319480896,0.7400000095367432,6.8638937683353385,18.827302387949977,4.118063827119868,33.961438598338994,7.051266329400836,509.27704293107075,23.448514521589757,26.422869889244883,28.21517135759803,pelagic,15.550000190734863,-0.54,25,3.5,2.152470111846924,1.7999999523162842,0.5,High; decline threshold 0.99,161.6,elongated,0,FALSE,0,11.451266523247494,13.486313154410237,Dussumieria,Javelin rainbow sardine,0,0,1,pelagic-neritic,WaterAssumed,20.6,medium,harmless,no special ability,0.5019999742507935
70062,Cabillus nigrostigmus,61788,5.119999885559082,3.180000066757202,0.33000001311302185,0.0074130999855697155,0.16899999976158142,3.0899999141693115,0.09019999951124191,1.3600000143051147,1,4,1,6,8.490101666645524,181.145652920149,22.239481626413376,25.557640155121653,27.270591971956673,benthic,4.199999809265137,-0.19,25,2,0.9345549941062927,0.699999988079071,0.5,High; decline threshold 0.99,68.2,elongated,0,FALSE,0,9,9,Cabillus,Plicata ghost goby,0,0,1,bathydemersal,WaterAssumed,10,very high,harmless,no special ability,0.5038999915122986
70290,Acropoma neglectum,62036,20.559999465942383,3.5299999713897705,0.46000000834465027,0.01122019998729229,0.19499999284744263,3.009999990463257,0.10400000214576721,0.47999998927116394,242,370,200,570,6.270766980406769,135.33918229689638,23.984309496547926,26.138745503958493,28.825977906428186,benthic,16.850000381469727,-0.39,25,5.900000095367432,2.2449400424957275,1.600000023841858,0.5,High; decline threshold 0.99,29.4,short and / or deep,0,FALSE,0,35.27379253237559,36.91497069594901,Acropoma,Red Sea lanternbelly,0,0,1,bathypelagic,WaterAssumed,27.65,very high,harmless,no special ability,0.5004000067710876
70303,Schindleria parva,62048,1.340000033378601,2.9200000762939453,0.3799999952316284,0.0038904501125216484,0.17100000381469727,3.119999885559082,0.09000000357627869,2.639264324801526,4.477329024674543,7.793278561294566,4.123707692578857,10.146252958096456,9.253564073615928,249.77495678263654,25.247918950065177,27.651232643373064,28.68527252931186,pelagic,1.100000023841858,-0.13288548289712881,25,1.320680487561443,0.6348585805876066,0.5140770723555473,0.5,"Please enter values for K, tmax.",153.2,elongated,0,FALSE,0,9,10,Schindleria,Pygmy schindleriid,0,0,1,reef-associated,WaterAssumed,10,unknown,harmless,no special ability,0.5005000233650208
70304,Schindleria edentata,62049,10,3.319999933242798,0.4300000071525574,0.0038904501125216484,0.17100000381469727,3.119999885559082,0.09000000357627869,1.4327335182558043,1,5,1,7,8.853532016891982,209.42322521226413,25.30063746559263,28.06078527974322,29.121875998933753,pelagic,8.199999809265137,-0.21635924059694853,25,2.4839576011511166,1.1020948067971035,0.84148082730076,0.5,"Please enter values for K, tmax.",40.2,elongated,0,FALSE,0,15,15,Schindleria,Pygmy schindleriid,0,0,1,reef-associated,WaterAssumed,10,unknown,harmless,no special ability,0.5005000233650208
70340,Apogon fugax,62083,7.28000020980835,3.4100000858306885,0.4399999976158142,0.014791100285947323,0.1679999977350235,3.059999942779541,0.09130000323057175,1.2899999618530273,71,112,60,166,7.010102775708518,287.018077958826,24.456631691842542,25.283548341794834,27.508222478286925,benthic,5.965000152587891,-0.19,25,2.0999999046325684,0.934677004814148,0.699999988079071,0.5,High; decline threshold 0.99,55,short and / or deep,-0.17960498268981936,FALSE,0,34.13832754678697,37.353445411767424,Apogon,elusive cardinalfish,0,0,1,demersal,WaterAssumed,10.53,very high,harmless,no special ability,0.5
70346,Trimma nubarum,62089,2.390000104904175,3,0,0.010232900269329548,0.16699999570846558,3.009999990463257,0.09099999815225601,2.75,17,23,16,29,8.887474753517948,226.66611780843732,25.73023104692744,28.111516351419137,29.300692186913665,benthic,1.9600000381469727,-0.12,25,1,0.5064610242843628,0.4000000059604645,0.5,High; decline threshold 0.99,108.8,fusiform / normal,0,FALSE,0,9,9,Trimma,Rift pygmygoby,0,0,1,demersal,WaterAssumed,10,unknown,harmless,no special ability,0.5
70377,Cercamia spio,62127,4.050000190734863,3.2200000286102295,0.44999998807907104,0.014791100285947323,0.1679999977350235,3.059999942779541,0.09130000323057175,2.2200000286102295,12,21,10,30,8.413105925224325,162.60804862584885,25.49442323991146,27.402532264122378,28.32965393668357,benthic,3.319999933242798,-0.12,25,1.2000000476837158,0.5865839719772339,0.5,0.5,High; decline threshold 0.99,78.2,fusiform / normal,0,FALSE,0,9.907025969714425,10.616904545714249,Cercamia,Red Sea nymph cardinalfish,0,0,1,reef-associated,WaterAssumed,10,very high,harmless,no special ability,0.5156000256538391
70433,Apogonichthys infuscus,62188,6.099999904632568,3.3499999046325684,0.4699999988079071,0.014791100285947323,0.1679999977350235,3.059999942779541,0.09130000323057175,1.5199999809265137,5.393154018911062,15.009623618189664,3.501591751288185,38.750597347180374,8.227024912191203,124.59015301859317,25.168253860680785,27.49637816622214,28.670968010958163,benthic,5,-0.17,25,1.7999999523162842,0.8195250034332275,0.6000000238418579,0.5,High; decline threshold 0.99,61,fusiform / normal,0,FALSE,0,9.782013428024383,10.183108239132148,Apogonichthys,Tan cardinalfish,0,0,1,reef-associated,WaterAssumed,10,high,harmless,no special ability,0.5625
70460,Neopomacentrus flavicauda,62218,9.029999732971191,3.369999885559082,0.4399999976158142,0.014454400166869164,0.18400000035762787,3,0.10199999809265137,0.7300000190734863,8.772138503344676,20.52456703170929,7.284477124963231,32.85042614653683,8.003921596031583,109.7188621597502,24.655335084936567,28.015208297112824,29.145393030137086,pelagic,7.400000095367432,-0.55,25,3.5999999046325684,2.1793599128723145,1.7999999523162842,0.5,High; decline threshold 0.99,161.6,fusiform / normal,-0.8450886573937899,TRUE,0,11.056962504769471,12.651560305391765,Neopomacentrus,Regal demoiselle,0,0,1,reef-associated,WaterAssumed,20.98,unknown,harmless,no special ability,0.5
70464,Pseudanthias gibbosus,62221,12.34000015258789,3.369999885559082,0.4399999976158142,0.014125400222837925,0.18000000715255737,3,0.10000000149011612,0.7099999785423279,26.16121639946338,49.96497898681209,20.663025743068083,73.44965533320494,7.897163220421335,113.26031788919623,23.432156413561685,27.28504617381106,28.740353328391496,pelagic,10.119999885559082,-0.57,25,3.700000047683716,2.27632999420166,1.899999976158142,0.5,High; decline threshold 0.99,161.6,fusiform / normal,-0.14901486632668193,FALSE,0,14.353320702846455,15.579289691551896,Pseudanthias,Orangehead anthias,0,0,1,reef-associated,WaterAssumed,21.96,very high,harmless,no special ability,0.5
70504,Scolopsis curite,62264,19.510000228881836,3.5799999237060547,0.5,0.014454400166869164,0.17800000309944153,2.9800000190734863,0.08900000154972076,0.6700000166893005,5,24,1,45,8.161124286937548,131.0812152379604,25.362500653699193,27.56972046280264,28.605843343779657,benthic,15.989999771118164,-0.28,25,4.199999809265137,1.6221599578857422,1.2000000476837158,0.5,High; decline threshold 0.99,30.4,fusiform / normal,0,FALSE,0,9,9,Scolopsis,Whitecheek monocle bream,0,0,1,reef-associated,WaterAssumed,21.68,very high,harmless,no special ability,0.5
70507,Brevitrygon manjajiae,62267,199.6699981689453,3.509999990463257,0.4699999988079071,0.010232900269329548,0.16500000655651093,3.059999942779541,0.09969999641180038,0.4574733006126497,143.8843724008912,162.27386012431418,79.5815727317626,259.7927387219181,7.0609859978960205,220.0855703172697,21.688107945790556,24.37120345244696,27.45803593969443,benthic,163.72999572753906,-1.0027658200793395,25,6.073154631504293,3.1014590177992485,2.45737622103854,0.5,"Please enter values for K, tmax.",161.6,short and / or deep,0,FALSE,0,48.33325916983943,52.17825279739481,Brevitrygon,Sandwich whipray,0,0,1,demersal,WaterAssumed,90,very high,harmless,no special ability,0.5311999917030334
70544,Priolepis melanops,62318,2.930000066757202,3.069999933242798,0.3199999928474426,0.010232900269329548,0.16699999570846558,3.009999990463257,0.09099999815225601,2.2699999809265137,27,28,27,29,8.50835744692332,180.67384561161265,25.166924038695377,27.605479440341057,28.999542000634463,benthic,2.4000000953674316,-0.13,25,1.2000000476837158,0.6426960229873657,0.5,0.5,High; decline threshold 0.99,95.5,elongated,0,FALSE,0,9,9,Priolepis,Black-faced reefgoby,0,0,1,reef-associated,WaterAssumed,10,very high,harmless,no special ability,0.5
70709,Gymnothorax arabicus,62495,29.100000381469727,3.75,0.6000000238418579,4.6773499343544245e-4,0.14000000059604645,3.2799999713897705,0.07930000126361847,0.41999998688697815,1,9,0,17,5.325776803934186,108.92006355948969,25.368227499413937,28.038845932480125,28.95057381821866,pelagic,23.860000610351563,-0.39,25,6.800000190734863,1.871019959449768,1.7000000476837158,0.5,High; decline threshold 0.99,21.2,eel-like,0,FALSE,0,84.72068510412774,21.371748940107715,Gymnothorax,Arabian false brown moray,0,0,1,reef-associated,WaterAssumed,28.92,medium,harmless,no special ability,0.5
70722,Sueviota aethon,62509,2.0399999618530273,3,0.3199999928474426,0.0074130999855697155,0.16899999976158142,3.0899999141693115,0.09019999951124191,3.180000066757202,14,32,10,53,8.691126523012922,192.96516027136485,25.45756279887726,27.362208763301364,28.300435515979032,benthic,1.6699999570846558,-0.1,25,0.800000011920929,0.4634459912776947,0.4000000059604645,0.5,High; decline threshold 0.99,119.5,elongated,0,FALSE,0,8,9,Sueviota,Grumpy dwarfgoby,0,0,1,reef-associated,WaterAssumed,10,very high,harmless,no special ability,0.5019999742507935
70728,Acanthopagrus oconnorae,62519,32.91999816894531,3.3499999046325684,0.4399999976158142,0.019498400390148163,0.18199999630451202,2.9700000286102295,0.09120000153779984,0.25,0,1,0,1,6.68385979316123,179.68065203131843,24.21450550195576,27.78779238136551,29.256306410235883,benthic,26.979999542236328,-0.68,25,11.300000190734863,3.099869966506958,2.9000000953674316,0.5,Medium; decline threshold 0.95,22.1,fusiform / normal,0,FALSE,0,11,11,Acanthopagrus,Bev Bradley's bream,0,1,1,pelagic,WaterAssumed,41.84,high,harmless,no special ability,0.5
70749,Etelis boweni,62541,69.660003662109375,4.239999771118164,0.4699999988079071,0.015488199889659882,0.17399999499320984,2.950000047683716,0.08980000019073486,0.1899999976158142,220,263,209,319,5.058563855359768,264.5721693007351,23.753340432661023,27.519617868969174,28.655369511088146,pelagic,57.099998474121094,-0.74,25,15,4.5268402099609375,3.5,0.5,Medium; decline threshold 0.95,14.1,fusiform / normal,0,FALSE,0,11,11,Etelis,Giant ruby snapper,0,0,1,demersal,WaterAssumed,52.51,high,harmless,no special ability,0.5311999917030334
71213,Schindleria qizma,63015,1.309999942779541,2.9100000858306885,0.3799999952316284,0.0038904501125216484,0.17100000381469727,3.119999885559082,0.09000000357627869,2.7371258579041196,4.862372185613377,11.923006875023122,3.5678525084520096,21.3594946021567,8.927233178585345,218.56005347347121,25.015223302251883,27.951298496787814,29.219519164472548,pelagic,1.0700000524520874,-0.13718435198368778,10,1.350347565899614,0.6613068929965863,0.5368124280190538,0.5,"Please enter values for K, tmax.",68.6,elongated,0,FALSE,0,12.967809475286444,13.572725192723606,Schindleria,Pygmy schindleriid,0,0,1,reef-associated,WaterAssumed,10,unknown,harmless,no special ability,0.5005000233650208
71215,Stolephorus meteorum,63017,14.029999732971191,3.3299999237060547,0.4300000071525574,0.005011870060116053,0.1860000044107437,3.140000104904175,0.08900000154972076,0.8899999856948853,23,42,19,63,6.296165004403082,366.37181193547264,22.498067920099295,26.35876303004976,28.00986318738739,pelagic,11.5,-0.23,10,3.0999999046325684,1.2649500370025635,0.8999999761581421,0.5,High; decline threshold 0.99,16.6,elongated,0,FALSE,0,15,17,Stolephorus,Meteor anchovy,0,0,1,pelagic-neritic,WaterAssumed,15.01,medium,harmless,no special ability,0.5
71332,Trimma berumeni,63141,1.6799999475479126,3,0,0.010232900269329548,0.16699999570846558,3.009999990463257,0.09099999815225601,3.799999952316284,16,23,15,30,9.135089737753226,240.35308577178674,24.077425659349498,27.67547395318729,28.9749022021345,benthic,1.3799999952316284,-0.09,25,0.699999988079071,0.40924200415611267,0.30000001192092896,0.5,High; decline threshold 0.99,133.7,fusiform / normal,0,FALSE,0,7,7,Trimma,Mikey’s golden pygmygoby,0,0,1,benthopelagic,WaterAssumed,10,very high,harmless,no special ability,0.5
71625,Terapon prolixa,63451,31.719999313354492,3.6600000858306885,0.4399999976158142,0.0123027004301548,0.17599999904632568,3.0399999618530273,0.09570000320672989,0.38999998569488525,50.99853585066827,22.207250195739448,3.3277915342713293,40.577282069404724,7.727330386890578,188.43635911931827,22.552703738140277,26.121585328227255,27.879590012828654,benthic,26,-0.38576919909480895,25,4.712272812528895,2.2409538394636686,1.6977398061584703,0.5,"Please enter values for K, tmax.",22.6,fusiform / normal,0,FALSE,0,10,10,Terapon,Slender terapon,0,0,1,demersal,WaterAssumed,21.72,unknown,harmless,no special ability,0.5625
71632,Cynoglossus glotta,63457,12.210000038146973,3.319999933242798,0.4000000059604645,0.003548129927366972,0.15600000321865082,3.119999885559082,0.08569999784231186,1.0299999713897705,0,1,0,1,8.45077922868569,174.71460758727508,25.03139634316221,27.343236753271825,28.677062115964567,benthic,10.010000228881836,-0.23571928713250734,25,2.8067058387709163,1.1537229519910377,0.8793775472539217,0.5,"Please enter values for K, tmax.",40.2,elongated,0,FALSE,0,38.47340876482794,38.659886484639834,Cynoglossus,Glotta tonguesole,0,0,1,demersal,WaterAssumed,10,unknown,harmless,no special ability,0.5
71702,Ambassis denticulata,63525,11.279999732971191,3.4700000286102295,0.41999998688697815,0.011913953402318047,0.13339543476804372,3.0481989509398413,0.08557066696049394,1.0800000429153442,4.69167571493352,21.61197592454213,0.6467634078711354,41.430373388900485,8.059719665602989,122.84569995600938,24.054883604755155,27.75377734077834,28.854644416586527,benthic,9.25,-0.21514673707419452,25,2.7985487410183443,1.1368176531589236,0.8266498530626608,0.5,"Please enter values for K, tmax.",161.6,fusiform / normal,0,FALSE,0,9,9,Ambassis,Malabar glassy perchlet,1,1,1,demersal,WaterAssumed,10,unknown,harmless,no special ability,0.5
